cohort,n,n_features,pct_positive
C1,502,1022,16.733067729083665
C2,537,1022,16.573556797020483
