backend,geodesic_dist,auc_gap,geodesic_z,geodesic_p
classical,5.960464477539063e-08,0.13596902007046224,-12.595646601423764,1.0
