{
  "dataset": "QMDiab",
  "mode": "cross_platform",
  "n_cohorts": 9,
  "cohort_names": [
    "plasma_Arab",
    "plasma_Filipino",
    "plasma_Indian",
    "saliva_Arab",
    "saliva_Filipino",
    "saliva_Indian",
    "urine_Arab",
    "urine_Filipino",
    "urine_Indian"
  ],
  "n_pairs": 72,
  "k": 10,
  "min_prevalence": 0.1,
  "rho_dt_score": 0.1582416875683324,
  "p_dt_score": 0.18430774441804948,
  "rho_dt_abs": 0.48659077754196417,
  "p_dt_abs": 1.4652909125212935e-05,
  "rho_dt_alignment": 0.18946556048620491,
  "p_dt_alignment": 0.11093454417261235,
  "rho_bn_score": -0.4111994836917761,
  "p_bn_score": 0.00033298407085076594,
  "rho_geodesic": 0.33742844557840945,
  "p_geodesic": 0.0037483967010298112,
  "rho_centroid_dist": 0.6279612322382409,
  "p_centroid_dist": 3.5416698206766146e-09,
  "partial_rho_dt_score": 0.07878028004715652,
  "partial_p_dt_score": 0.513725429650574,
  "partial_rho_dt_abs": 0.472467575851474,
  "partial_p_dt_abs": 3.180830742561355e-05,
  "partial_rho_dt_alignment": 0.1255785757427191,
  "partial_p_dt_alignment": 0.29671696915905393,
  "partial_rho_bn_score": -0.40098767059479623,
  "partial_p_bn_score": 0.0005293430776790495,
  "partial_rho_geodesic": 0.40368582886292786,
  "partial_p_geodesic": 0.00048127826174721117,
  "partial_rho_centroid_dist": 0.6592996527070137,
  "partial_p_centroid_dist": 4.05965968920457e-10
}