{
  "dataset": "QMDiab",
  "mode": "ethnicity_plasma",
  "n_cohorts": 3,
  "cohort_names": [
    "plasma_Arab",
    "plasma_Filipino",
    "plasma_Indian"
  ],
  "n_pairs": 6,
  "k": 10,
  "min_prevalence": 0.1,
  "rho_dt_score": -0.2571428571428572,
  "p_dt_score": 0.6227871720116619,
  "rho_dt_abs": -0.3142857142857143,
  "p_dt_abs": 0.5440932944606415,
  "rho_dt_alignment": -0.2571428571428572,
  "p_dt_alignment": 0.6227871720116619,
  "rho_bn_score": 0.23904572186687875,
  "p_bn_score": 0.6482612949673071,
  "rho_geodesic": 0.34786262139146906,
  "p_geodesic": 0.4992532181146331,
  "rho_centroid_dist": -0.23904572186687875,
  "p_centroid_dist": 0.6482612949673071,
  "partial_rho_dt_score": -0.3689640277608546,
  "partial_p_dt_score": 0.5411082721494203,
  "partial_rho_dt_abs": -0.2111001654603745,
  "partial_p_dt_abs": 0.7332287771546707,
  "partial_rho_dt_alignment": -0.3689640277608546,
  "partial_p_dt_alignment": 0.5411082721494203,
  "partial_rho_bn_score": 0.08856148855400948,
  "partial_p_bn_score": 0.8873875832092064,
  "partial_rho_geodesic": 0.06890636818057892,
  "partial_p_geodesic": 0.9123351650470941,
  "partial_rho_centroid_dist": -0.08856148855400948,
  "partial_p_centroid_dist": 0.8873875832092064
}