{
  "median": 0.40210128987094984,
  "ci_lo": 0.17266771700285835,
  "ci_hi": 0.5952986464979172,
  "pct_positive": 100.0,
  "n_boot": 1000,
  "n_valid": 1000
}