study_name	subject_id	body_site	study_condition	disease	age	age_category	gender	country	non_westernized	sequencing_platform	PMID	number_reads	number_bases	minimum_read_length	median_read_length	curator	BMI	is_case
2021-03-31.FengQ_2015.relative_abundance.SID31004	FengQ_2015	SID31004	stool	CRC	CRC;fatty_liver;hypertension	64	adult	male	AUT	no	IlluminaHiSeq	25758642	40898340	3649611221	30	93	Paolo_Manghi;Marisa_Metzger	29.35	1
2021-03-31.FengQ_2015.relative_abundance.SID31009	FengQ_2015	SID31009	stool	control	fatty_liver;hypertension	68	senior	male	AUT	no	IlluminaHiSeq	25758642	66107961	6196998053	30	96	Paolo_Manghi;Marisa_Metzger	32	0
2021-03-31.FengQ_2015.relative_abundance.SID31021	FengQ_2015	SID31021	stool	control	healthy	60	adult	female	AUT	no	IlluminaHiSeq	25758642	60789126	5708593447	30	96	Paolo_Manghi;Marisa_Metzger	22.1	0
2021-03-31.FengQ_2015.relative_abundance.SID31071	FengQ_2015	SID31071	stool	control	fatty_liver	68	senior	male	AUT	no	IlluminaHiSeq	25758642	51945426	4913627034	30	97	Paolo_Manghi;Marisa_Metzger	23.45	0
2021-03-31.FengQ_2015.relative_abundance.SID31112	FengQ_2015	SID31112	stool	control	fatty_liver	66	senior	male	AUT	no	IlluminaHiSeq	25758642	50836391	4803585209	30	97	Paolo_Manghi;Marisa_Metzger	30.3	0
2021-03-31.FengQ_2015.relative_abundance.SID31129	FengQ_2015	SID31129	stool	control	T2D;fatty_liver;hypertension	73	senior	male	AUT	no	IlluminaHiSeq	25758642	40493976	3858680926	30	97	Paolo_Manghi;Marisa_Metzger	29.7	0
2021-03-31.FengQ_2015.relative_abundance.SID31159	FengQ_2015	SID31159	stool	CRC	CRC	73	senior	male	AUT	no	IlluminaHiSeq	25758642	53697448	4950228947	30	95	Paolo_Manghi;Marisa_Metzger	17.99	1
2021-03-31.FengQ_2015.relative_abundance.SID31160	FengQ_2015	SID31160	stool	control	hypertension	67	senior	female	AUT	no	IlluminaHiSeq	25758642	48941530	4454783107	30	93	Paolo_Manghi;Marisa_Metzger	30	0
2021-03-31.FengQ_2015.relative_abundance.SID31188	FengQ_2015	SID31188	stool	CRC	CRC;fatty_liver;hypertension	65	adult	male	AUT	no	IlluminaHiSeq	25758642	52506627	4856209896	30	96	Paolo_Manghi;Marisa_Metzger	28.03	1
2021-03-31.FengQ_2015.relative_abundance.SID31219	FengQ_2015	SID31219	stool	control	fatty_liver;hypertension	74	senior	female	AUT	no	IlluminaHiSeq	25758642	43000292	4040075229	30	96	Paolo_Manghi;Marisa_Metzger	28.3	0
2021-03-31.FengQ_2015.relative_abundance.SID31223	FengQ_2015	SID31223	stool	CRC	CRC	65	adult	female	AUT	no	IlluminaHiSeq	25758642	52018377	4835999683	30	96	Paolo_Manghi;Marisa_Metzger	23.31	1
2021-03-31.FengQ_2015.relative_abundance.SID31236	FengQ_2015	SID31236	stool	control	fatty_liver;hypertension	65	adult	male	AUT	no	IlluminaHiSeq	25758642	46486458	4355968999	30	95	Paolo_Manghi;Marisa_Metzger	29.06	0
2021-03-31.FengQ_2015.relative_abundance.SID31237	FengQ_2015	SID31237	stool	CRC	CRC;fatty_liver;hypertension	67	senior	male	AUT	no	IlluminaHiSeq	25758642	54003642	5025871310	30	96	Paolo_Manghi;Marisa_Metzger	29.4	1
2021-03-31.FengQ_2015.relative_abundance.SID31267	FengQ_2015	SID31267	stool	control	healthy	67	senior	male	AUT	no	IlluminaHiSeq	25758642	51827763	4807739197	30	93	Paolo_Manghi;Marisa_Metzger	22.79	0
2021-03-31.FengQ_2015.relative_abundance.SID31276	FengQ_2015	SID31276	stool	CRC	CRC;fatty_liver;hypertension	82	senior	male	AUT	no	IlluminaHiSeq	25758642	47454029	4449164619	30	96	Paolo_Manghi;Marisa_Metzger	30.47	1
2021-03-31.FengQ_2015.relative_abundance.SID31285	FengQ_2015	SID31285	stool	CRC	CRC;T2D;fatty_liver;hypertension	84	senior	male	AUT	no	IlluminaHiSeq	25758642	61029846	5538869118	30	95	Paolo_Manghi;Marisa_Metzger	27.28	1
2021-03-31.FengQ_2015.relative_abundance.SID31300	FengQ_2015	SID31300	stool	control	hypertension	68	senior	female	AUT	no	IlluminaHiSeq	25758642	58446067	5454210916	30	96	Paolo_Manghi;Marisa_Metzger	21.7	0
2021-03-31.FengQ_2015.relative_abundance.SID31328	FengQ_2015	SID31328	stool	control	T2D;fatty_liver;hypertension	63	adult	male	AUT	no	IlluminaHiSeq	25758642	59048476	5476469636	30	95	Paolo_Manghi;Marisa_Metzger	30.9	0
2021-03-31.FengQ_2015.relative_abundance.SID31333	FengQ_2015	SID31333	stool	control	healthy	68	senior	male	AUT	no	IlluminaHiSeq	25758642	56964025	5355969959	30	96	Paolo_Manghi;Marisa_Metzger	22.2	0
2021-03-31.FengQ_2015.relative_abundance.SID31343	FengQ_2015	SID31343	stool	control	T2D;fatty_liver;hypertension	72	senior	male	AUT	no	IlluminaHiSeq	25758642	46395518	4318051431	30	95	Paolo_Manghi;Marisa_Metzger	29.03	0
2021-03-31.FengQ_2015.relative_abundance.SID31360	FengQ_2015	SID31360	stool	control	hypertension	71	senior	male	AUT	no	IlluminaHiSeq	25758642	53813476	5060468600	30	95	Paolo_Manghi;Marisa_Metzger	29.04	0
2021-03-31.FengQ_2015.relative_abundance.SID31367	FengQ_2015	SID31367	stool	CRC	CRC;hypertension	86	senior	female	AUT	no	IlluminaHiSeq	25758642	63823566	5884167688	30	95	Paolo_Manghi;Marisa_Metzger	20.5	1
2021-03-31.FengQ_2015.relative_abundance.SID31379	FengQ_2015	SID31379	stool	control	T2D;fatty_liver;hypertension	63	adult	male	AUT	no	IlluminaHiSeq	25758642	63068831	5959001442	30	97	Paolo_Manghi;Marisa_Metzger	30.4	0
2021-03-31.FengQ_2015.relative_abundance.SID31416	FengQ_2015	SID31416	stool	control	T2D;hypertension	72	senior	male	AUT	no	IlluminaHiSeq	25758642	59474229	5698703690	30	98	Paolo_Manghi;Marisa_Metzger	31.8	0
2021-03-31.FengQ_2015.relative_abundance.SID31428	FengQ_2015	SID31428	stool	control	hypertension	69	senior	female	AUT	no	IlluminaHiSeq	25758642	60147043	5544794381	30	95	Paolo_Manghi;Marisa_Metzger	30	0
2021-03-31.FengQ_2015.relative_abundance.SID31446	FengQ_2015	SID31446	stool	CRC	CRC;hypertension	84	senior	female	AUT	no	IlluminaHiSeq	25758642	64347460	5954870508	30	96	Paolo_Manghi;Marisa_Metzger	31.22	1
2021-03-31.FengQ_2015.relative_abundance.SID31450	FengQ_2015	SID31450	stool	control	fatty_liver;hypertension	67	senior	male	AUT	no	IlluminaHiSeq	25758642	39821891	3643571766	30	95	Paolo_Manghi;Marisa_Metzger	23.14	0
2021-03-31.FengQ_2015.relative_abundance.SID31452	FengQ_2015	SID31452	stool	control	healthy	66	senior	female	AUT	no	IlluminaHiSeq	25758642	52825648	4803936579	30	94	Paolo_Manghi;Marisa_Metzger	21.7	0
2021-03-31.FengQ_2015.relative_abundance.SID31489	FengQ_2015	SID31489	stool	CRC	CRC;hypertension	60	adult	male	AUT	no	IlluminaHiSeq	25758642	47274245	4386831217	30	96	Paolo_Manghi;Marisa_Metzger	26.64	1
2021-03-31.FengQ_2015.relative_abundance.SID31493	FengQ_2015	SID31493	stool	CRC	CRC;fatty_liver;hypertension	68	senior	male	AUT	no	IlluminaHiSeq	25758642	59975883	5529867451	30	93	Paolo_Manghi;Marisa_Metzger	32.25	1
2021-03-31.FengQ_2015.relative_abundance.SID31512	FengQ_2015	SID31512	stool	control	fatty_liver	64	adult	male	AUT	no	IlluminaHiSeq	25758642	48451471	4485244293	30	93	Paolo_Manghi;Marisa_Metzger	29.3	0
2021-03-31.FengQ_2015.relative_abundance.SID31519	FengQ_2015	SID31519	stool	control	healthy	65	adult	male	AUT	no	IlluminaHiSeq	25758642	47430300	4423967038	30	96	Paolo_Manghi;Marisa_Metzger	28.9	0
2021-03-31.FengQ_2015.relative_abundance.SID31537	FengQ_2015	SID31537	stool	control	hypertension	70	senior	female	AUT	no	IlluminaHiSeq	25758642	50448942	4469690812	30	91	Paolo_Manghi;Marisa_Metzger	31	0
2021-03-31.FengQ_2015.relative_abundance.SID31549	FengQ_2015	SID31549	stool	CRC	CRC;fatty_liver;hypertension	84	senior	female	AUT	no	IlluminaHiSeq	25758642	56747117	5301119382	30	96	Paolo_Manghi;Marisa_Metzger	27.77	1
2021-03-31.FengQ_2015.relative_abundance.SID31557	FengQ_2015	SID31557	stool	control	fatty_liver	74	senior	female	AUT	no	IlluminaHiSeq	25758642	55509914	5103889033	30	91	Paolo_Manghi;Marisa_Metzger	28.5	0
2021-03-31.FengQ_2015.relative_abundance.SID31637	FengQ_2015	SID31637	stool	control	fatty_liver	66	senior	male	AUT	no	IlluminaHiSeq	25758642	44156304	4133028671	30	96	Paolo_Manghi;Marisa_Metzger	29.98	0
2021-03-31.FengQ_2015.relative_abundance.SID31685	FengQ_2015	SID31685	stool	CRC	CRC;fatty_liver;hypertension	74	senior	male	AUT	no	IlluminaHiSeq	25758642	49715050	4561413328	30	95	Paolo_Manghi;Marisa_Metzger	26.37	1
2021-03-31.FengQ_2015.relative_abundance.SID31700	FengQ_2015	SID31700	stool	control	T2D;fatty_liver;hypertension	72	senior	female	AUT	no	IlluminaHiSeq	25758642	66611844	6302536870	30	96	Paolo_Manghi;Marisa_Metzger	28.7	0
2021-03-31.FengQ_2015.relative_abundance.SID31711	FengQ_2015	SID31711	stool	control	fatty_liver;hypertension	66	senior	male	AUT	no	IlluminaHiSeq	25758642	52930416	4975191066	30	96	Paolo_Manghi;Marisa_Metzger	30.02	0
2021-03-31.FengQ_2015.relative_abundance.SID31714	FengQ_2015	SID31714	stool	control	T2D;fatty_liver;hypertension	69	senior	female	AUT	no	IlluminaHiSeq	25758642	59229738	5596599451	30	97	Paolo_Manghi;Marisa_Metzger	28.3	0
2021-03-31.FengQ_2015.relative_abundance.SID31723	FengQ_2015	SID31723	stool	control	healthy	69	senior	female	AUT	no	IlluminaHiSeq	25758642	50461698	4789697432	30	96	Paolo_Manghi;Marisa_Metzger	22.4	0
2021-03-31.FengQ_2015.relative_abundance.SID31749	FengQ_2015	SID31749	stool	control	fatty_liver;hypertension	70	senior	male	AUT	no	IlluminaHiSeq	25758642	60841104	5672618246	30	96	Paolo_Manghi;Marisa_Metzger	31.25	0
2021-03-31.FengQ_2015.relative_abundance.SID31750	FengQ_2015	SID31750	stool	control	fatty_liver	66	senior	male	AUT	no	IlluminaHiSeq	25758642	55640079	5136546089	30	93	Paolo_Manghi;Marisa_Metzger	34.04	0
2021-03-31.FengQ_2015.relative_abundance.SID31766	FengQ_2015	SID31766	stool	control	fatty_liver	73	senior	female	AUT	no	IlluminaHiSeq	25758642	39421207	3749643349	30	97	Paolo_Manghi;Marisa_Metzger	32	0
2021-03-31.FengQ_2015.relative_abundance.SID31865	FengQ_2015	SID31865	stool	CRC	CRC	55	adult	female	AUT	no	IlluminaHiSeq	25758642	39673737	3645684389	30	91	Paolo_Manghi;Marisa_Metzger	23.34	1
2021-03-31.FengQ_2015.relative_abundance.SID31866	FengQ_2015	SID31866	stool	CRC	CRC;fatty_liver	73	senior	female	AUT	no	IlluminaHiSeq	25758642	63811898	5707545180	30	93	Paolo_Manghi;Marisa_Metzger	29.75	1
2021-03-31.FengQ_2015.relative_abundance.SID31868	FengQ_2015	SID31868	stool	CRC	CRC	64	adult	female	AUT	no	IlluminaHiSeq	25758642	45203362	4175944271	30	96	Paolo_Manghi;Marisa_Metzger	24.09	1
2021-03-31.FengQ_2015.relative_abundance.SID31870	FengQ_2015	SID31870	stool	CRC	CRC;fatty_liver;hypertension	63	adult	male	AUT	no	IlluminaHiSeq	25758642	59584985	5554843364	30	96	Paolo_Manghi;Marisa_Metzger	25.88	1
2021-03-31.FengQ_2015.relative_abundance.SID31871	FengQ_2015	SID31871	stool	CRC	CRC;hypertension	72	senior	male	AUT	no	IlluminaHiSeq	25758642	65866129	6088271346	30	96	Paolo_Manghi;Marisa_Metzger	28.41	1
2021-03-31.FengQ_2015.relative_abundance.SID31872	FengQ_2015	SID31872	stool	CRC	CRC;T2D;fatty_liver;hypertension	46	adult	male	AUT	no	IlluminaHiSeq	25758642	56338680	5196434410	30	96	Paolo_Manghi;Marisa_Metzger	30.86	1
2021-03-31.FengQ_2015.relative_abundance.SID31873	FengQ_2015	SID31873	stool	CRC	CRC;fatty_liver;hypertension	73	senior	male	AUT	no	IlluminaHiSeq	25758642	56842256	5217458595	30	96	Paolo_Manghi;Marisa_Metzger	24.82	1
2021-03-31.FengQ_2015.relative_abundance.SID31874	FengQ_2015	SID31874	stool	CRC	CRC;T2D;hypertension	74	senior	female	AUT	no	IlluminaHiSeq	25758642	61606892	5697872810	30	96	Paolo_Manghi;Marisa_Metzger	29.17	1
2021-03-31.FengQ_2015.relative_abundance.SID31875	FengQ_2015	SID31875	stool	CRC	CRC	58	adult	male	AUT	no	IlluminaHiSeq	25758642	60981117	5628840356	30	96	Paolo_Manghi;Marisa_Metzger	27.76	1
2021-03-31.FengQ_2015.relative_abundance.SID31876	FengQ_2015	SID31876	stool	CRC	CRC;hypertension	56	adult	female	AUT	no	IlluminaHiSeq	25758642	58553738	5406847458	30	96	Paolo_Manghi;Marisa_Metzger	20.07	1
2021-03-31.FengQ_2015.relative_abundance.SID31877	FengQ_2015	SID31877	stool	CRC	CRC;hypertension	72	senior	female	AUT	no	IlluminaHiSeq	25758642	55213354	5089989422	30	96	Paolo_Manghi;Marisa_Metzger	26.67	1
2021-03-31.FengQ_2015.relative_abundance.SID31878	FengQ_2015	SID31878	stool	CRC	CRC	52	adult	female	AUT	no	IlluminaHiSeq	25758642	52369180	4631097845	30	95	Paolo_Manghi;Marisa_Metzger	27.14	1
2021-03-31.FengQ_2015.relative_abundance.SID31879	FengQ_2015	SID31879	stool	CRC	CRC;fatty_liver	71	senior	male	AUT	no	IlluminaHiSeq	25758642	55929728	5127516824	30	95	Paolo_Manghi;Marisa_Metzger	29.74	1
2021-03-31.FengQ_2015.relative_abundance.SID31880	FengQ_2015	SID31880	stool	CRC	CRC;T2D;hypertension	74	senior	male	AUT	no	IlluminaHiSeq	25758642	62077892	5838495526	30	96	Paolo_Manghi;Marisa_Metzger	24.34	1
2021-03-31.FengQ_2015.relative_abundance.SID31881	FengQ_2015	SID31881	stool	CRC	CRC	60	adult	female	AUT	no	IlluminaHiSeq	25758642	67756814	6235486686	30	96	Paolo_Manghi;Marisa_Metzger	30.08	1
2021-03-31.FengQ_2015.relative_abundance.SID31883	FengQ_2015	SID31883	stool	CRC	CRC	43	adult	male	AUT	no	IlluminaHiSeq	25758642	73468631	6833951794	30	96	Paolo_Manghi;Marisa_Metzger	22.68	1
2021-03-31.FengQ_2015.relative_abundance.SID31884	FengQ_2015	SID31884	stool	CRC	CRC;hypertension	54	adult	male	AUT	no	IlluminaHiSeq	25758642	47309414	4340003232	30	96	Paolo_Manghi;Marisa_Metzger	27.34	1
2021-03-31.FengQ_2015.relative_abundance.SID530050	FengQ_2015	SID530050	stool	control	hypertension	71	senior	female	AUT	no	IlluminaHiSeq	25758642	41099011	3882990247	30	96	Paolo_Manghi;Marisa_Metzger	29	0
2021-03-31.FengQ_2015.relative_abundance.SID530052	FengQ_2015	SID530052	stool	control	fatty_liver	64	adult	male	AUT	no	IlluminaHiSeq	25758642	43128279	4075309012	30	96	Paolo_Manghi;Marisa_Metzger	29.38	0
2021-03-31.FengQ_2015.relative_abundance.SID530055	FengQ_2015	SID530055	stool	control	fatty_liver;hypertension	64	adult	male	AUT	no	IlluminaHiSeq	25758642	44682386	4212719129	30	97	Paolo_Manghi;Marisa_Metzger	22.78	0
2021-03-31.FengQ_2015.relative_abundance.SID530074	FengQ_2015	SID530074	stool	control	healthy	68	senior	female	AUT	no	IlluminaHiSeq	25758642	44680548	4114576752	30	95	Paolo_Manghi;Marisa_Metzger	22.1	0
2021-03-31.FengQ_2015.relative_abundance.SID530075	FengQ_2015	SID530075	stool	control	fatty_liver;hypertension	63	adult	male	AUT	no	IlluminaHiSeq	25758642	45920361	4276565640	30	96	Paolo_Manghi;Marisa_Metzger	34.14	0
2021-03-31.FengQ_2015.relative_abundance.SID530119	FengQ_2015	SID530119	stool	control	T2D;fatty_liver;hypertension	70	senior	male	AUT	no	IlluminaHiSeq	25758642	57416977	5327616448	30	95	Paolo_Manghi;Marisa_Metzger	31.6	0
2021-03-31.FengQ_2015.relative_abundance.SID530154	FengQ_2015	SID530154	stool	control	fatty_liver;hypertension	74	senior	female	AUT	no	IlluminaHiSeq	25758642	57791617	5417863978	30	97	Paolo_Manghi;Marisa_Metzger	28.5	0
2021-03-31.FengQ_2015.relative_abundance.SID530163	FengQ_2015	SID530163	stool	control	T2D;fatty_liver	63	adult	male	AUT	no	IlluminaHiSeq	25758642	54206038	5093094520	30	96	Paolo_Manghi;Marisa_Metzger	30.4	0
2021-03-31.FengQ_2015.relative_abundance.SID530167	FengQ_2015	SID530167	stool	control	hypertension	72	senior	female	AUT	no	IlluminaHiSeq	25758642	49179178	4194580026	30	91	Paolo_Manghi;Marisa_Metzger	30	0
2021-03-31.FengQ_2015.relative_abundance.SID530177	FengQ_2015	SID530177	stool	control	healthy	71	senior	female	AUT	no	IlluminaHiSeq	25758642	50250060	4755568751	30	96	Paolo_Manghi;Marisa_Metzger	29	0
2021-03-31.FengQ_2015.relative_abundance.SID530215	FengQ_2015	SID530215	stool	control	T2D;fatty_liver;hypertension	65	adult	male	AUT	no	IlluminaHiSeq	25758642	41995786	3928814334	30	96	Paolo_Manghi;Marisa_Metzger	31.22	0
2021-03-31.FengQ_2015.relative_abundance.SID530227	FengQ_2015	SID530227	stool	control	fatty_liver;hypertension	68	senior	female	AUT	no	IlluminaHiSeq	25758642	56519937	5413530573	30	98	Paolo_Manghi;Marisa_Metzger	22.4	0
2021-03-31.FengQ_2015.relative_abundance.SID530251	FengQ_2015	SID530251	stool	control	hypertension	72	senior	male	AUT	no	IlluminaHiSeq	25758642	39476921	3771008997	30	97	Paolo_Manghi;Marisa_Metzger	31.8	0
2021-03-31.FengQ_2015.relative_abundance.SID530258	FengQ_2015	SID530258	stool	control	healthy	65	adult	male	AUT	no	IlluminaHiSeq	25758642	48219384	4525858474	30	96	Paolo_Manghi;Marisa_Metzger	22.03	0
2021-03-31.FengQ_2015.relative_abundance.SID530295	FengQ_2015	SID530295	stool	control	healthy	70	senior	female	AUT	no	IlluminaHiSeq	25758642	58306781	5400290156	30	93	Paolo_Manghi;Marisa_Metzger	22.67	0
2021-03-31.FengQ_2015.relative_abundance.SID530315	FengQ_2015	SID530315	stool	control	fatty_liver;hypertension	75	senior	female	AUT	no	IlluminaHiSeq	25758642	40973787	3858818427	30	96	Paolo_Manghi;Marisa_Metzger	31	0
2021-03-31.FengQ_2015.relative_abundance.SID530331	FengQ_2015	SID530331	stool	control	healthy	70	senior	male	AUT	no	IlluminaHiSeq	25758642	46063675	4222207210	30	94	Paolo_Manghi;Marisa_Metzger	23.67	0
2021-03-31.FengQ_2015.relative_abundance.SID530364	FengQ_2015	SID530364	stool	control	hypertension	63	adult	male	AUT	no	IlluminaHiSeq	25758642	44171205	4127521919	30	96	Paolo_Manghi;Marisa_Metzger	31.17	0
2021-03-31.FengQ_2015.relative_abundance.SID530368	FengQ_2015	SID530368	stool	control	hypertension	70	senior	female	AUT	no	IlluminaHiSeq	25758642	41919267	3928554559	30	96	Paolo_Manghi;Marisa_Metzger	22.8	0
2021-03-31.FengQ_2015.relative_abundance.SID530373	FengQ_2015	SID530373	stool	CRC	CRC	47	adult	female	AUT	no	IlluminaHiSeq	25758642	51749458	4799275613	30	96	Paolo_Manghi;Marisa_Metzger	25.78	1
2021-03-31.FengQ_2015.relative_abundance.SID530394	FengQ_2015	SID530394	stool	control	healthy	67	senior	female	AUT	no	IlluminaHiSeq	25758642	66594047	6192238434	30	95	Paolo_Manghi;Marisa_Metzger	22.58	0
2021-03-31.FengQ_2015.relative_abundance.SID530444	FengQ_2015	SID530444	stool	control	healthy	62	adult	female	AUT	no	IlluminaHiSeq	25758642	50926725	4531612102	30	96	Paolo_Manghi;Marisa_Metzger	22.1	0
2021-03-31.FengQ_2015.relative_abundance.SID530451	FengQ_2015	SID530451	stool	control	fatty_liver;hypertension	68	senior	male	AUT	no	IlluminaHiSeq	25758642	62721334	5823514323	30	95	Paolo_Manghi;Marisa_Metzger	29.8	0
2021-03-31.FengQ_2015.relative_abundance.SID530890	FengQ_2015	SID530890	stool	CRC	CRC	77	senior	male	AUT	no	IlluminaHiSeq	25758642	59064928	5471439051	30	96	Paolo_Manghi;Marisa_Metzger	29.41	1
2021-03-31.FengQ_2015.relative_abundance.SID531128	FengQ_2015	SID531128	stool	CRC	CRC	52	adult	male	AUT	no	IlluminaHiSeq	25758642	45879581	4238158668	30	97	Paolo_Manghi;Marisa_Metzger	25.73	1
2021-03-31.FengQ_2015.relative_abundance.SID531155	FengQ_2015	SID531155	stool	CRC	CRC;hypertension	72	senior	female	AUT	no	IlluminaHiSeq	25758642	57291152	5330073760	30	96	Paolo_Manghi;Marisa_Metzger	24.22	1
2021-03-31.FengQ_2015.relative_abundance.SID531248	FengQ_2015	SID531248	stool	CRC	CRC;fatty_liver;hypertension	79	senior	male	AUT	no	IlluminaHiSeq	25758642	61002212	5666299282	30	96	Paolo_Manghi;Marisa_Metzger	26.3	1
2021-03-31.FengQ_2015.relative_abundance.SID531274	FengQ_2015	SID531274	stool	CRC	CRC	77	senior	male	AUT	no	IlluminaHiSeq	25758642	75456959	6932193747	30	96	Paolo_Manghi;Marisa_Metzger	19.16	1
2021-03-31.FengQ_2015.relative_abundance.SID531277	FengQ_2015	SID531277	stool	CRC	CRC;fatty_liver	64	adult	male	AUT	no	IlluminaHiSeq	25758642	52933259	4878408862	30	96	Paolo_Manghi;Marisa_Metzger	29.07	1
2021-03-31.FengQ_2015.relative_abundance.SID531281	FengQ_2015	SID531281	stool	CRC	CRC;fatty_liver;hypertension	72	senior	female	AUT	no	IlluminaHiSeq	25758642	58412555	5394534000	30	96	Paolo_Manghi;Marisa_Metzger	27.12	1
2021-03-31.FengQ_2015.relative_abundance.SID531333	FengQ_2015	SID531333	stool	CRC	CRC;fatty_liver;hypertension	69	senior	male	AUT	no	IlluminaHiSeq	25758642	57733146	5401200091	30	96	Paolo_Manghi;Marisa_Metzger	29.94	1
2021-03-31.FengQ_2015.relative_abundance.SID531352	FengQ_2015	SID531352	stool	CRC	CRC;hypertension	66	senior	male	AUT	no	IlluminaHiSeq	25758642	64602286	5997459345	30	96	Paolo_Manghi;Marisa_Metzger	22.6	1
2021-03-31.FengQ_2015.relative_abundance.SID531361	FengQ_2015	SID531361	stool	CRC	CRC;hypertension	72	senior	female	AUT	no	IlluminaHiSeq	25758642	49860850	4658201002	30	96	Paolo_Manghi;Marisa_Metzger	23.83	1
2021-03-31.FengQ_2015.relative_abundance.SID531382	FengQ_2015	SID531382	stool	CRC	CRC;hypertension	65	adult	male	AUT	no	IlluminaHiSeq	25758642	47198497	4370669263	30	95	Paolo_Manghi;Marisa_Metzger	29.74	1
2021-03-31.FengQ_2015.relative_abundance.SID531414	FengQ_2015	SID531414	stool	control	healthy	46	adult	male	AUT	no	IlluminaHiSeq	25758642	54863689	5160814151	30	96	Paolo_Manghi;Marisa_Metzger	23.15	0
2021-03-31.FengQ_2015.relative_abundance.SID531416	FengQ_2015	SID531416	stool	CRC	CRC;T2D;fatty_liver;hypertension	63	adult	male	AUT	no	IlluminaHiSeq	25758642	54134207	5059776250	30	96	Paolo_Manghi;Marisa_Metzger	33.56	1
2021-03-31.FengQ_2015.relative_abundance.SID531424	FengQ_2015	SID531424	stool	control	T2D;fatty_liver	46	adult	male	AUT	no	IlluminaHiSeq	25758642	47297425	4409439027	30	95	Paolo_Manghi;Marisa_Metzger	28.74	0
2021-03-31.FengQ_2015.relative_abundance.SID531469	FengQ_2015	SID531469	stool	CRC	CRC	45	adult	female	AUT	no	IlluminaHiSeq	25758642	50337835	4709508874	30	96	Paolo_Manghi;Marisa_Metzger	22.15	1
2021-03-31.FengQ_2015.relative_abundance.SID531766	FengQ_2015	SID531766	stool	CRC	CRC;T2D;fatty_liver;hypertension	72	senior	male	AUT	no	IlluminaHiSeq	25758642	67005809	6222651115	30	96	Paolo_Manghi;Marisa_Metzger	24.34	1
2021-03-31.FengQ_2015.relative_abundance.SID531775	FengQ_2015	SID531775	stool	CRC	CRC;hypertension	77	senior	female	AUT	no	IlluminaHiSeq	25758642	43379176	4032625247	30	96	Paolo_Manghi;Marisa_Metzger	23.5	1
2021-03-31.FengQ_2015.relative_abundance.SID532749	FengQ_2015	SID532749	stool	control	T2D;fatty_liver	55	adult	male	AUT	no	IlluminaHiSeq	25758642	48398731	4578546329	30	96	Paolo_Manghi;Marisa_Metzger	27.76	0
2021-03-31.FengQ_2015.relative_abundance.SID532779	FengQ_2015	SID532779	stool	control	hypertension	70	senior	male	AUT	no	IlluminaHiSeq	25758642	54785115	5187301664	30	96	Paolo_Manghi;Marisa_Metzger	28.72	0
2021-03-31.FengQ_2015.relative_abundance.SID532796	FengQ_2015	SID532796	stool	control	fatty_liver;hypertension	73	senior	female	AUT	no	IlluminaHiSeq	25758642	50845712	4754848864	30	95	Paolo_Manghi;Marisa_Metzger	26.56	0
2021-03-31.FengQ_2015.relative_abundance.SID532802	FengQ_2015	SID532802	stool	control	healthy	68	senior	male	AUT	no	IlluminaHiSeq	25758642	41480415	3868696049	30	96	Paolo_Manghi;Marisa_Metzger	23.53	0
2021-03-31.FengQ_2015.relative_abundance.SID532826	FengQ_2015	SID532826	stool	control	T2D;fatty_liver;hypertension	78	senior	male	AUT	no	IlluminaHiSeq	25758642	35346002	3348368467	30	97	Paolo_Manghi;Marisa_Metzger	31.22	0
2021-03-31.FengQ_2015.relative_abundance.SID532915	FengQ_2015	SID532915	stool	control	healthy	43	adult	female	AUT	no	IlluminaHiSeq	25758642	51594677	4886998833	30	96	Paolo_Manghi;Marisa_Metzger	22.65	0
2021-03-31.GuptaA_2019.relative_abundance.GupDM_A_11	GuptaA_2019	GupDM_A11	stool	CRC	CRC	41	adult	female	IND	no	IlluminaNextSeq	31719139	6227234	883347281	60	151	Arianna_Bonetti;Paolo_Manghi	19.22	1
2021-03-31.GuptaA_2019.relative_abundance.GupDM_A_15	GuptaA_2019	GupDM_A15	stool	CRC	CRC	59	adult	male	IND	no	IlluminaNextSeq	31719139	9884266	1384530792	60	150	Arianna_Bonetti;Paolo_Manghi	21.4	1
2021-03-31.GuptaA_2019.relative_abundance.GupDM_A1	GuptaA_2019	GupDM_A1	stool	CRC	CRC	62	adult	male	IND	no	IlluminaNextSeq	31719139	27687226	3808647004	60	150	Arianna_Bonetti;Paolo_Manghi	20.08	1
2021-03-31.GuptaA_2019.relative_abundance.GupDM_A10	GuptaA_2019	GupDM_A10	stool	CRC	CRC	65	adult	female	IND	no	IlluminaNextSeq	31719139	8468208	1174245166	60	150	Arianna_Bonetti;Paolo_Manghi	21.01	1
2021-03-31.GuptaA_2019.relative_abundance.GupDM_A12	GuptaA_2019	GupDM_A12	stool	CRC	CRC	65	adult	male	IND	no	IlluminaNextSeq	31719139	6988838	984235167	60	150	Arianna_Bonetti;Paolo_Manghi	20.32	1
2021-03-31.GuptaA_2019.relative_abundance.GupDM_A13	GuptaA_2019	GupDM_A13	stool	CRC	CRC	48	adult	male	IND	no	IlluminaNextSeq	31719139	8067640	1118699109	60	150	Arianna_Bonetti;Paolo_Manghi	18.69	1
2021-03-31.GuptaA_2019.relative_abundance.GupDM_A14	GuptaA_2019	GupDM_A14	stool	CRC	CRC	56	adult	male	IND	no	IlluminaNextSeq	31719139	10038762	1413415112	60	151	Arianna_Bonetti;Paolo_Manghi	20.45	1
2021-03-31.GuptaA_2019.relative_abundance.GupDM_A2	GuptaA_2019	GupDM_A2	stool	CRC	CRC	55	adult	male	IND	no	IlluminaNextSeq	31719139	7916638	1100929747	60	150	Arianna_Bonetti;Paolo_Manghi	19.14	1
2021-03-31.GuptaA_2019.relative_abundance.GupDM_A3	GuptaA_2019	GupDM_A3	stool	CRC	CRC	49	adult	male	IND	no	IlluminaNextSeq	31719139	3283982	456791391	60	150	Arianna_Bonetti;Paolo_Manghi	20.83	1
2021-03-31.GuptaA_2019.relative_abundance.GupDM_A4	GuptaA_2019	GupDM_A4	stool	CRC	CRC	72	senior	male	IND	no	IlluminaNextSeq	31719139	12005312	1619915370	60	150	Arianna_Bonetti;Paolo_Manghi	18.22	1
2021-03-31.GuptaA_2019.relative_abundance.GupDM_A5	GuptaA_2019	GupDM_A5	stool	CRC	CRC	75	senior	female	IND	no	IlluminaNextSeq	31719139	7220182	997921511	60	150	Arianna_Bonetti;Paolo_Manghi	21.21	1
2021-03-31.GuptaA_2019.relative_abundance.GupDM_A6	GuptaA_2019	GupDM_A6	stool	CRC	CRC	58	adult	female	IND	no	IlluminaNextSeq	31719139	8086526	1064744495	60	150	Arianna_Bonetti;Paolo_Manghi	22.67	1
2021-03-31.GuptaA_2019.relative_abundance.GupDM_A7	GuptaA_2019	GupDM_A7	stool	CRC	CRC	59	adult	male	IND	no	IlluminaNextSeq	31719139	7268266	939363261	60	150	Arianna_Bonetti;Paolo_Manghi	19.1	1
2021-03-31.GuptaA_2019.relative_abundance.GupDM_A8	GuptaA_2019	GupDM_A8	stool	CRC	CRC	66	senior	female	IND	no	IlluminaNextSeq	31719139	11368644	1560459053	60	150	Arianna_Bonetti;Paolo_Manghi	20.5	1
2021-03-31.GuptaA_2019.relative_abundance.GupDM_A9	GuptaA_2019	GupDM_A9	stool	CRC	CRC	56	adult	female	IND	no	IlluminaNextSeq	31719139	4665104	661492622	60	151	Arianna_Bonetti;Paolo_Manghi	22.22	1
2021-03-31.GuptaA_2019.relative_abundance.GupDM_HAG	GuptaA_2019	GupDM_HAG	stool	control	healthy	23	adult	female	IND	no	IlluminaNextSeq	30698687	8105478	1036575018	32	150	Arianna_Bonetti;Paolo_Manghi	22.3	0
2021-03-31.GuptaA_2019.relative_abundance.GupDM_HAH	GuptaA_2019	GupDM_HAH	stool	control	healthy	25	adult	female	IND	no	IlluminaNextSeq	30698687	10271966	1316013844	32	150	Arianna_Bonetti;Paolo_Manghi	21.26	0
2021-03-31.GuptaA_2019.relative_abundance.GupDM_HAI	GuptaA_2019	GupDM_HAI	stool	control	healthy	24	adult	male	IND	no	IlluminaNextSeq	30698687	17519102	2142440783	35	149	Arianna_Bonetti;Paolo_Manghi	26.03	0
2021-03-31.GuptaA_2019.relative_abundance.GupDM_HAJ	GuptaA_2019	GupDM_HAJ	stool	control	healthy	22	adult	female	IND	no	IlluminaNextSeq	30698687	6171104	773772009	32	150	Arianna_Bonetti;Paolo_Manghi	23.23	0
2021-03-31.GuptaA_2019.relative_abundance.GupDM_HAK	GuptaA_2019	GupDM_HAK	stool	control	healthy	29	adult	female	IND	no	IlluminaNextSeq	30698687	10655514	1344200520	32	150	Arianna_Bonetti;Paolo_Manghi	22.03	0
2021-03-31.GuptaA_2019.relative_abundance.GupDM_HAL	GuptaA_2019	GupDM_HAL	stool	control	healthy	24	adult	female	IND	no	IlluminaNextSeq	30698687	9271322	1203927125	35	150	Arianna_Bonetti;Paolo_Manghi	23.25	0
2021-03-31.GuptaA_2019.relative_abundance.GupDM_HAM	GuptaA_2019	GupDM_HAM	stool	control	healthy	23	adult	female	IND	no	IlluminaNextSeq	30698687	12979624	1688320620	35	150	Arianna_Bonetti;Paolo_Manghi	19.22	0
2021-03-31.GuptaA_2019.relative_abundance.GupDM_HAN	GuptaA_2019	GupDM_HAN	stool	control	healthy	26	adult	female	IND	no	IlluminaNextSeq	30698687	13145190	1696663348	35	150	Arianna_Bonetti;Paolo_Manghi	22.03	0
2021-03-31.GuptaA_2019.relative_abundance.GupDM_HAO	GuptaA_2019	GupDM_HAO	stool	control	healthy	26	adult	female	IND	no	IlluminaNextSeq	30698687	16932172	2103248766	35	150	Arianna_Bonetti;Paolo_Manghi	20.82	0
2021-03-31.GuptaA_2019.relative_abundance.GupDM_HAP	GuptaA_2019	GupDM_HAP	stool	control	healthy	25	adult	male	IND	no	IlluminaNextSeq	30698687	12355776	1610417458	35	150	Arianna_Bonetti;Paolo_Manghi	21.71	0
2021-03-31.GuptaA_2019.relative_abundance.GupDM_HAR	GuptaA_2019	GupDM_HAR	stool	control	healthy	28	adult	male	IND	no	IlluminaNextSeq	30698687	10185816	1327594148	35	150	Arianna_Bonetti;Paolo_Manghi	25.51	0
2021-03-31.GuptaA_2019.relative_abundance.GupDM_HAT	GuptaA_2019	GupDM_HAT	stool	control	healthy	26	adult	male	IND	no	IlluminaNextSeq	30698687	5952458	802869306	35	150	Arianna_Bonetti;Paolo_Manghi	22.65	0
2021-03-31.GuptaA_2019.relative_abundance.GupDM_HBR	GuptaA_2019	GupDM_HBR	stool	control	healthy	50	adult	female	IND	no	IlluminaNextSeq	30698687	4251494	616943354	35	151	Arianna_Bonetti;Paolo_Manghi	27.1	0
2021-03-31.GuptaA_2019.relative_abundance.GupDM_HCL	GuptaA_2019	GupDM_HCL	stool	control	healthy	64	adult	female	IND	no	IlluminaNextSeq	30698687	7355758	1016781080	35	150	Arianna_Bonetti;Paolo_Manghi	36.4	0
2021-03-31.GuptaA_2019.relative_abundance.GupDM_HCM	GuptaA_2019	GupDM_HCM	stool	control	healthy	62	adult	female	IND	no	IlluminaNextSeq	30698687	7352590	1010009755	35	150	Arianna_Bonetti;Paolo_Manghi	22.9	0
2021-03-31.GuptaA_2019.relative_abundance.GupDM_HCN	GuptaA_2019	GupDM_HCN	stool	control	healthy	57	adult	male	IND	no	IlluminaNextSeq	30698687	10142394	1313430561	35	150	Arianna_Bonetti;Paolo_Manghi	17.9	0
2021-03-31.GuptaA_2019.relative_abundance.GupDM_HCO	GuptaA_2019	GupDM_HCO	stool	control	healthy	57	adult	female	IND	no	IlluminaNextSeq	30698687	9242932	1256070078	35	150	Arianna_Bonetti;Paolo_Manghi	20.8	0
2021-03-31.GuptaA_2019.relative_abundance.GupDM_HCP	GuptaA_2019	GupDM_HCP	stool	control	healthy	71	senior	male	IND	no	IlluminaNextSeq	30698687	6704578	914569895	35	150	Arianna_Bonetti;Paolo_Manghi	19.2	0
2021-03-31.GuptaA_2019.relative_abundance.GupDM_HCQ	GuptaA_2019	GupDM_HCQ	stool	control	healthy	52	adult	female	IND	no	IlluminaNextSeq	30698687	5635222	793309934	35	150	Arianna_Bonetti;Paolo_Manghi	23	0
2021-03-31.GuptaA_2019.relative_abundance.GupDM_HCR	GuptaA_2019	GupDM_HCR	stool	control	healthy	62	adult	male	IND	no	IlluminaNextSeq	30698687	6710528	937125039	35	150	Arianna_Bonetti;Paolo_Manghi	20.8	0
2021-03-31.GuptaA_2019.relative_abundance.GupDM_HCS	GuptaA_2019	GupDM_HCS	stool	control	healthy	50	adult	female	IND	no	IlluminaNextSeq	30698687	5521326	754584053	35	150	Arianna_Bonetti;Paolo_Manghi	17.9	0
2021-03-31.GuptaA_2019.relative_abundance.GupDM_HCT	GuptaA_2019	GupDM_HCT	stool	control	healthy	58	adult	male	IND	no	IlluminaNextSeq	30698687	9651384	1363678978	35	150	Arianna_Bonetti;Paolo_Manghi	19.2	0
2021-03-31.GuptaA_2019.relative_abundance.GupDM_HCU	GuptaA_2019	GupDM_HCU	stool	control	healthy	61	adult	male	IND	no	IlluminaNextSeq	30698687	11104842	1433920763	35	150	Arianna_Bonetti;Paolo_Manghi	19.5	0
2021-03-31.GuptaA_2019.relative_abundance.GupDM_HCV	GuptaA_2019	GupDM_HCV	stool	control	healthy	58	adult	female	IND	no	IlluminaNextSeq	30698687	10996252	1517224723	35	150	Arianna_Bonetti;Paolo_Manghi	19.9	0
2021-03-31.GuptaA_2019.relative_abundance.GupDM_HCY	GuptaA_2019	GupDM_HCY	stool	control	healthy	53	adult	female	IND	no	IlluminaNextSeq	30698687	5247522	742418100	35	151	Arianna_Bonetti;Paolo_Manghi	26.8	0
2021-03-31.GuptaA_2019.relative_abundance.GupDM_HDB	GuptaA_2019	GupDM_HDB	stool	control	healthy	50	adult	female	IND	no	IlluminaNextSeq	30698687	4717922	668018094	35	151	Arianna_Bonetti;Paolo_Manghi	25.1	0
2021-03-31.GuptaA_2019.relative_abundance.GupDM_HDF	GuptaA_2019	GupDM_HDF	stool	control	healthy	58	adult	female	IND	no	IlluminaNextSeq	30698687	7376354	1037368291	35	151	Arianna_Bonetti;Paolo_Manghi	25.7	0
2021-03-31.GuptaA_2019.relative_abundance.GupDM_HP	GuptaA_2019	GupDM_HP	stool	control	healthy	30	adult	male	IND	no	IlluminaNextSeq	30698687	9276878	1156488365	32	150	Arianna_Bonetti;Paolo_Manghi	19.36	0
2021-03-31.GuptaA_2019.relative_abundance.GupDM_HR	GuptaA_2019	GupDM_HR	stool	control	healthy	26	adult	male	IND	no	IlluminaNextSeq	30698687	8951472	1153088906	32	150	Arianna_Bonetti;Paolo_Manghi	22.22	0
2021-03-31.GuptaA_2019.relative_abundance.GupDM_HS	GuptaA_2019	GupDM_HS	stool	control	healthy	25	adult	male	IND	no	IlluminaNextSeq	30698687	13442182	1677800044	32	150	Arianna_Bonetti;Paolo_Manghi	18.3	0
2021-03-31.GuptaA_2019.relative_abundance.GupDM_JA	GuptaA_2019	GupDM_JA	stool	CRC	CRC	47	adult	female	IND	no	IlluminaNextSeq	31719139	7561246	1040725254	60	150	Arianna_Bonetti;Paolo_Manghi	23.81	1
2021-03-31.GuptaA_2019.relative_abundance.GupDM_JB	GuptaA_2019	GupDM_JB	stool	CRC	CRC	53	adult	female	IND	no	IlluminaNextSeq	31719139	6436176	882523087	60	150	Arianna_Bonetti;Paolo_Manghi	22.97	1
2021-03-31.GuptaA_2019.relative_abundance.GupDM_JC	GuptaA_2019	GupDM_JC	stool	CRC	CRC	61	adult	male	IND	no	IlluminaNextSeq	31719139	7854080	1057890138	60	150	Arianna_Bonetti;Paolo_Manghi	19.47	1
2021-03-31.GuptaA_2019.relative_abundance.GupDM_JD	GuptaA_2019	GupDM_JD	stool	CRC	CRC	57	adult	male	IND	no	IlluminaNextSeq	31719139	5660024	780426560	60	150	Arianna_Bonetti;Paolo_Manghi	21.7	1
2021-03-31.GuptaA_2019.relative_abundance.GupDM_JE	GuptaA_2019	GupDM_JE	stool	CRC	CRC	64	adult	male	IND	no	IlluminaNextSeq	31719139	6825048	920913556	60	150	Arianna_Bonetti;Paolo_Manghi	20.08	1
2021-03-31.GuptaA_2019.relative_abundance.GupDM_JG	GuptaA_2019	GupDM_JG	stool	CRC	CRC	71	senior	male	IND	no	IlluminaNextSeq	31719139	8460528	1130086052	60	150	Arianna_Bonetti;Paolo_Manghi	18.07	1
2021-03-31.GuptaA_2019.relative_abundance.GupDM_JH	GuptaA_2019	GupDM_JH	stool	CRC	CRC	58	adult	female	IND	no	IlluminaNextSeq	31719139	12994616	1753239492	60	150	Arianna_Bonetti;Paolo_Manghi	21.49	1
2021-03-31.GuptaA_2019.relative_abundance.GupDM_JI	GuptaA_2019	GupDM_JI	stool	CRC	CRC	54	adult	male	IND	no	IlluminaNextSeq	31719139	11460622	1547957943	60	150	Arianna_Bonetti;Paolo_Manghi	18.96	1
2021-03-31.GuptaA_2019.relative_abundance.GupDM_JJ	GuptaA_2019	GupDM_JJ	stool	CRC	CRC	62	adult	female	IND	no	IlluminaNextSeq	31719139	8350184	1151783466	60	150	Arianna_Bonetti;Paolo_Manghi	20.03	1
2021-03-31.GuptaA_2019.relative_abundance.GupDM_JK	GuptaA_2019	GupDM_JK	stool	CRC	CRC	66	senior	female	IND	no	IlluminaNextSeq	31719139	10425236	1449671956	60	150	Arianna_Bonetti;Paolo_Manghi	18.73	1
2021-03-31.GuptaA_2019.relative_abundance.GupDM_JL	GuptaA_2019	GupDM_JL	stool	CRC	CRC	59	adult	female	IND	no	IlluminaNextSeq	31719139	9878044	1387793557	60	151	Arianna_Bonetti;Paolo_Manghi	20.34	1
2021-03-31.GuptaA_2019.relative_abundance.GupDM_JM	GuptaA_2019	GupDM_JM	stool	CRC	CRC	60	adult	male	IND	no	IlluminaNextSeq	31719139	10328094	1435043694	60	150	Arianna_Bonetti;Paolo_Manghi	18.33	1
2021-03-31.GuptaA_2019.relative_abundance.GupDM_JN	GuptaA_2019	GupDM_JN	stool	CRC	CRC	58	adult	male	IND	no	IlluminaNextSeq	31719139	9789278	1347588954	60	150	Arianna_Bonetti;Paolo_Manghi	19.92	1
2021-03-31.GuptaA_2019.relative_abundance.GupDM_JO	GuptaA_2019	GupDM_JO	stool	CRC	CRC	71	senior	male	IND	no	IlluminaNextSeq	31719139	11274338	1501226163	60	150	Arianna_Bonetti;Paolo_Manghi	20.03	1
2021-03-31.GuptaA_2019.relative_abundance.GupDM_JP	GuptaA_2019	GupDM_JP	stool	CRC	CRC	67	senior	male	IND	no	IlluminaNextSeq	31719139	10400668	1428270555	60	150	Arianna_Bonetti;Paolo_Manghi	17.69	1
2021-03-31.HanniganGD_2017.relative_abundance.MG100125	HanniganGD_2017	HanniganGD_2017_C01	stool	CRC	CRC	70	senior	male	USA	no	IlluminaHiSeq	30459201	5090156	634385981	75	126	Paolo_Manghi	23.30668005	1
2021-03-31.HanniganGD_2017.relative_abundance.MG100126	HanniganGD_2017	HanniganGD_2017_C02	stool	CRC	CRC	59	adult	male	USA	no	IlluminaHiSeq	30459201	5023590	624867363	75	126	Paolo_Manghi	28.73469388	1
2021-03-31.HanniganGD_2017.relative_abundance.MG100127	HanniganGD_2017	HanniganGD_2017_C03	stool	CRC	CRC	69	senior	male	USA	no	IlluminaHiSeq	30459201	4969190	618186207	75	126	Paolo_Manghi	27.75748722	1
2021-03-31.HanniganGD_2017.relative_abundance.MG100128	HanniganGD_2017	HanniganGD_2017_C04	stool	CRC	CRC	88	senior	male	USA	no	IlluminaHiSeq	30459201	6329070	787577657	75	126	Paolo_Manghi	26.29656684	1
2021-03-31.HanniganGD_2017.relative_abundance.MG100129	HanniganGD_2017	HanniganGD_2017_C05	stool	CRC	CRC	37	adult	male	USA	no	IlluminaHiSeq	30459201	7180402	891959475	75	126	Paolo_Manghi	35.11123879	1
2021-03-31.HanniganGD_2017.relative_abundance.MG100130	HanniganGD_2017	HanniganGD_2017_C06	stool	CRC	CRC	69	senior	male	USA	no	IlluminaHiSeq	30459201	5011214	623336859	75	126	Paolo_Manghi	26.2345679	1
2021-03-31.HanniganGD_2017.relative_abundance.MG100131	HanniganGD_2017	HanniganGD_2017_C08	stool	CRC	CRC	56	adult	male	USA	no	IlluminaHiSeq	30459201	5569662	693577210	75	126	Paolo_Manghi	32.65306122	1
2021-03-31.HanniganGD_2017.relative_abundance.MG100132	HanniganGD_2017	HanniganGD_2017_C09	stool	CRC	CRC	51	adult	female	USA	no	IlluminaHiSeq	30459201	14630940	1816500218	75	126	Paolo_Manghi	35.49786654	1
2021-03-31.HanniganGD_2017.relative_abundance.MG100133	HanniganGD_2017	HanniganGD_2017_C10	stool	CRC	CRC	69	senior	male	USA	no	IlluminaHiSeq	30459201	9707904	1208505568	75	126	Paolo_Manghi	26.70362358	1
2021-03-31.HanniganGD_2017.relative_abundance.MG100134	HanniganGD_2017	HanniganGD_2017_C11	stool	CRC	CRC	47	adult	female	USA	no	IlluminaHiSeq	30459201	6105000	758910268	75	126	Paolo_Manghi	26.37023814	1
2021-03-31.HanniganGD_2017.relative_abundance.MG100136	HanniganGD_2017	HanniganGD_2017_C13	stool	CRC	CRC	55	adult	male	USA	no	IlluminaHiSeq	30459201	6787334	845085642	75	126	Paolo_Manghi	57.46349378	1
2021-03-31.HanniganGD_2017.relative_abundance.MG100137	HanniganGD_2017	HanniganGD_2017_C14	stool	CRC	CRC	49	adult	male	USA	no	IlluminaHiSeq	30459201	4370134	541601310	75	126	Paolo_Manghi	NA	1
2021-03-31.HanniganGD_2017.relative_abundance.MG100138	HanniganGD_2017	HanniganGD_2017_C15	stool	CRC	CRC	61	adult	male	USA	no	IlluminaHiSeq	30459201	5941034	739942965	75	126	Paolo_Manghi	34.90026578	1
2021-03-31.HanniganGD_2017.relative_abundance.MG100139	HanniganGD_2017	HanniganGD_2017_C16	stool	CRC	CRC	63	adult	male	USA	no	IlluminaHiSeq	30459201	6661922	830453874	75	126	Paolo_Manghi	30.83653053	1
2021-03-31.HanniganGD_2017.relative_abundance.MG100140	HanniganGD_2017	HanniganGD_2017_C17	stool	CRC	CRC	43	adult	male	USA	no	IlluminaHiSeq	30459201	4833608	602192124	75	126	Paolo_Manghi	23.87543253	1
2021-03-31.HanniganGD_2017.relative_abundance.MG100141	HanniganGD_2017	HanniganGD_2017_C18	stool	CRC	CRC	52	adult	male	USA	no	IlluminaHiSeq	30459201	7718414	958957029	75	126	Paolo_Manghi	28.7037037	1
2021-03-31.HanniganGD_2017.relative_abundance.MG100142	HanniganGD_2017	HanniganGD_2017_C19	stool	CRC	CRC	71	senior	male	USA	no	IlluminaHiSeq	30459201	17146	2086283	75	125	Paolo_Manghi	32.32323232	1
2021-03-31.HanniganGD_2017.relative_abundance.MG100143	HanniganGD_2017	HanniganGD_2017_C20	stool	CRC	CRC	58	adult	male	USA	no	IlluminaHiSeq	30459201	4836288	602503697	75	126	Paolo_Manghi	29.68495643	1
2021-03-31.HanniganGD_2017.relative_abundance.MG100144	HanniganGD_2017	HanniganGD_2017_C22	stool	CRC	CRC	51	adult	female	USA	no	IlluminaHiSeq	30459201	9621882	1193404715	75	126	Paolo_Manghi	23.66143862	1
2021-03-31.HanniganGD_2017.relative_abundance.MG100145	HanniganGD_2017	HanniganGD_2017_C23	stool	CRC	CRC	64	adult	female	USA	no	IlluminaHiSeq	30459201	9724858	1211600787	75	126	Paolo_Manghi	24.38237298	1
2021-03-31.HanniganGD_2017.relative_abundance.MG100146	HanniganGD_2017	HanniganGD_2017_C24	stool	CRC	CRC	48	adult	male	USA	no	IlluminaHiSeq	30459201	6928748	860991653	75	126	Paolo_Manghi	32.90665379	1
2021-03-31.HanniganGD_2017.relative_abundance.MG100147	HanniganGD_2017	HanniganGD_2017_C25	stool	CRC	CRC	60	adult	female	USA	no	IlluminaHiSeq	30459201	6285516	780091878	75	126	Paolo_Manghi	27.82931354	1
2021-03-31.HanniganGD_2017.relative_abundance.MG100148	HanniganGD_2017	HanniganGD_2017_C26	stool	CRC	CRC	43	adult	male	USA	no	IlluminaHiSeq	30459201	3292898	409314397	75	126	Paolo_Manghi	46.36734694	1
2021-03-31.HanniganGD_2017.relative_abundance.MG100149	HanniganGD_2017	HanniganGD_2017_C27	stool	CRC	CRC	59	adult	female	USA	no	IlluminaHiSeq	30459201	4678900	581571081	75	126	Paolo_Manghi	29.75206612	1
2021-03-31.HanniganGD_2017.relative_abundance.MG100150	HanniganGD_2017	HanniganGD_2017_C28	stool	CRC	CRC	73	senior	female	CAN	no	IlluminaHiSeq	30459201	5317176	661376565	75	126	Paolo_Manghi	21.62064772	1
2021-03-31.HanniganGD_2017.relative_abundance.MG100151	HanniganGD_2017	HanniganGD_2017_C29	stool	CRC	CRC	59	adult	male	USA	no	IlluminaHiSeq	30459201	7611462	946733673	75	126	Paolo_Manghi	23.082542	1
2021-03-31.HanniganGD_2017.relative_abundance.MG100152	HanniganGD_2017	HanniganGD_2017_C30	stool	CRC	CRC	57	adult	male	CAN	no	IlluminaHiSeq	30459201	6964066	866112898	75	126	Paolo_Manghi	34.47772096	1
2021-03-31.HanniganGD_2017.relative_abundance.MG100153	HanniganGD_2017	HanniganGD_2017_H01	stool	control	healthy	65	adult	female	CAN	no	IlluminaHiSeq	30459201	10217384	1267666004	75	126	Paolo_Manghi	21.51385851	0
2021-03-31.HanniganGD_2017.relative_abundance.MG100154	HanniganGD_2017	HanniganGD_2017_H02	stool	control	healthy	69	senior	female	CAN	no	IlluminaHiSeq	30459201	10295240	1281380024	75	126	Paolo_Manghi	18.66201469	0
2021-03-31.HanniganGD_2017.relative_abundance.MG100155	HanniganGD_2017	HanniganGD_2017_H03	stool	control	healthy	54	adult	male	USA	no	IlluminaHiSeq	30459201	3659936	456010285	75	126	Paolo_Manghi	31.60011491	0
2021-03-31.HanniganGD_2017.relative_abundance.MG100156	HanniganGD_2017	HanniganGD_2017_H04	stool	control	healthy	44	adult	female	USA	no	IlluminaHiSeq	30459201	5064770	629428694	75	126	Paolo_Manghi	25.96952909	0
2021-03-31.HanniganGD_2017.relative_abundance.MG100157	HanniganGD_2017	HanniganGD_2017_H05	stool	control	healthy	52	adult	female	USA	no	IlluminaHiSeq	30459201	6078718	756831578	75	126	Paolo_Manghi	20.56932966	0
2021-03-31.HanniganGD_2017.relative_abundance.MG100158	HanniganGD_2017	HanniganGD_2017_H06	stool	control	healthy	75	senior	male	USA	no	IlluminaHiSeq	30459201	7233984	899865279	75	126	Paolo_Manghi	25.25951557	0
2021-03-31.HanniganGD_2017.relative_abundance.MG100159	HanniganGD_2017	HanniganGD_2017_H07	stool	control	healthy	52	adult	male	USA	no	IlluminaHiSeq	30459201	9031080	1122607451	75	126	Paolo_Manghi	24.76756592	0
2021-03-31.HanniganGD_2017.relative_abundance.MG100160	HanniganGD_2017	HanniganGD_2017_H08	stool	control	healthy	65	senior	male	CAN	no	IlluminaHiSeq	30459201	2959348	368712290	75	126	Paolo_Manghi	26.56683975	0
2021-03-31.HanniganGD_2017.relative_abundance.MG100161	HanniganGD_2017	HanniganGD_2017_H09	stool	control	healthy	35	adult	female	USA	no	IlluminaHiSeq	30459201	5793618	719074030	75	126	Paolo_Manghi	35.49786654	0
2021-03-31.HanniganGD_2017.relative_abundance.MG100162	HanniganGD_2017	HanniganGD_2017_H10	stool	control	healthy	51	adult	male	USA	no	IlluminaHiSeq	30459201	2294514	285954703	75	126	Paolo_Manghi	25.0995016	0
2021-03-31.HanniganGD_2017.relative_abundance.MG100163	HanniganGD_2017	HanniganGD_2017_H11	stool	control	healthy	55	adult	female	USA	no	IlluminaHiSeq	30459201	330750	41203287	75	126	Paolo_Manghi	37.78272346	0
2021-03-31.HanniganGD_2017.relative_abundance.MG100164	HanniganGD_2017	HanniganGD_2017_H12	stool	control	healthy	51	adult	female	USA	no	IlluminaHiSeq	30459201	2521950	314344000	75	126	Paolo_Manghi	30.42184965	0
2021-03-31.HanniganGD_2017.relative_abundance.MG100165	HanniganGD_2017	HanniganGD_2017_H13	stool	control	healthy	45	adult	female	USA	no	IlluminaHiSeq	30459201	11712932	1460009052	75	126	Paolo_Manghi	33.15043439	0
2021-03-31.HanniganGD_2017.relative_abundance.MG100166	HanniganGD_2017	HanniganGD_2017_H14	stool	control	healthy	61	adult	female	USA	no	IlluminaHiSeq	30459201	8698664	1082359356	75	126	Paolo_Manghi	20.74755019	0
2021-03-31.HanniganGD_2017.relative_abundance.MG100167	HanniganGD_2017	HanniganGD_2017_H15	stool	control	healthy	51	adult	female	USA	no	IlluminaHiSeq	30459201	6041774	752036731	75	126	Paolo_Manghi	21.33821064	0
2021-03-31.HanniganGD_2017.relative_abundance.MG100168	HanniganGD_2017	HanniganGD_2017_H16	stool	control	healthy	57	adult	female	USA	no	IlluminaHiSeq	30459201	7524086	935525057	75	126	Paolo_Manghi	23.80540166	0
2021-03-31.HanniganGD_2017.relative_abundance.MG100169	HanniganGD_2017	HanniganGD_2017_H17	stool	control	healthy	65	senior	male	USA	no	IlluminaHiSeq	30459201	3029258	377191200	75	126	Paolo_Manghi	33.05785124	0
2021-03-31.HanniganGD_2017.relative_abundance.MG100170	HanniganGD_2017	HanniganGD_2017_H19	stool	control	healthy	54	adult	female	USA	no	IlluminaHiSeq	30459201	5920646	736381301	75	126	Paolo_Manghi	33.56401384	0
2021-03-31.HanniganGD_2017.relative_abundance.MG100171	HanniganGD_2017	HanniganGD_2017_H20	stool	control	healthy	75	senior	female	USA	no	IlluminaHiSeq	30459201	9336134	1162883767	75	126	Paolo_Manghi	23.52941176	0
2021-03-31.HanniganGD_2017.relative_abundance.MG100172	HanniganGD_2017	HanniganGD_2017_H21	stool	control	healthy	61	adult	male	USA	no	IlluminaHiSeq	30459201	5352832	667010718	75	126	Paolo_Manghi	24.81632653	0
2021-03-31.HanniganGD_2017.relative_abundance.MG100173	HanniganGD_2017	HanniganGD_2017_H22	stool	control	healthy	58	adult	male	USA	no	IlluminaHiSeq	30459201	11886888	1475010313	75	126	Paolo_Manghi	29.04657027	0
2021-03-31.HanniganGD_2017.relative_abundance.MG100174	HanniganGD_2017	HanniganGD_2017_H23	stool	control	healthy	56	adult	female	USA	no	IlluminaHiSeq	30459201	7801592	971871839	75	126	Paolo_Manghi	21.1552942	0
2021-03-31.HanniganGD_2017.relative_abundance.MG100175	HanniganGD_2017	HanniganGD_2017_H24	stool	control	healthy	51	adult	male	USA	no	IlluminaHiSeq	30459201	11241278	1399435776	75	126	Paolo_Manghi	21.10726644	0
2021-03-31.HanniganGD_2017.relative_abundance.MG100176	HanniganGD_2017	HanniganGD_2017_H25	stool	control	healthy	42	adult	male	USA	no	IlluminaHiSeq	30459201	5679008	705484441	75	126	Paolo_Manghi	27.71768524	0
2021-03-31.HanniganGD_2017.relative_abundance.MG100177	HanniganGD_2017	HanniganGD_2017_H26	stool	control	healthy	49	adult	male	USA	no	IlluminaHiSeq	30459201	4072828	506367839	75	126	Paolo_Manghi	24.93074792	0
2021-03-31.HanniganGD_2017.relative_abundance.MG100178	HanniganGD_2017	HanniganGD_2017_H28	stool	control	healthy	46	adult	female	USA	no	IlluminaHiSeq	30459201	18102008	2256749848	75	126	Paolo_Manghi	21.33821064	0
2021-03-31.HanniganGD_2017.relative_abundance.MG100179	HanniganGD_2017	HanniganGD_2017_H29	stool	control	healthy	51	adult	female	USA	no	IlluminaHiSeq	30459201	10855718	1349678317	75	126	Paolo_Manghi	29.7210791	0
2021-03-31.HanniganGD_2017.relative_abundance.MG100180	HanniganGD_2017	HanniganGD_2017_H30	stool	control	healthy	63	adult	female	USA	no	IlluminaHiSeq	30459201	21182166	2636134209	75	126	Paolo_Manghi	32.8125	0
2021-03-31.ThomasAM_2018a.relative_abundance.LILT_GF06_16	ThomasAM_2018a	GF06	stool	control	metastases	77	senior	female	ITA	no	IlluminaHiSeq	30936548	168171670	16627043626	75	100	Paolo_Manghi;Marisa_Metzger	25	0
2021-03-31.ThomasAM_2018a.relative_abundance.LILT_GF15_16	ThomasAM_2018a	GF15	stool	CRC	CRC;hypercholesterolemia	75	senior	male	ITA	no	IlluminaHiSeq	30936548	132351728	13091772784	75	100	Paolo_Manghi;Marisa_Metzger	NA	1
2021-03-31.ThomasAM_2018a.relative_abundance.LILT_VF00TL_16	ThomasAM_2018a	VF00TL	stool	control	hypercholesterolemia	71	senior	male	ITA	no	IlluminaHiSeq	30936548	208138088	20599056332	75	100	Paolo_Manghi;Marisa_Metzger	25	0
2021-03-31.ThomasAM_2018a.relative_abundance.LILT_VF06_16	ThomasAM_2018a	VF06	stool	control	hypertension	70	senior	female	ITA	no	IlluminaHiSeq	30936548	133302610	13191878458	75	100	Paolo_Manghi;Marisa_Metzger	20	0
2021-03-31.ThomasAM_2018a.relative_abundance.LILT_VF10_T016	ThomasAM_2018a	VF10	stool	control	healthy	60	adult	female	ITA	no	IlluminaHiSeq	30936548	60515600	6006120776	75	100	Paolo_Manghi;Marisa_Metzger	20	0
2021-03-31.ThomasAM_2018a.relative_abundance.LILT_VF100_T016	ThomasAM_2018a	VF100	stool	CRC	CRC	64	adult	male	ITA	no	IlluminaHiSeq	30936548	133912406	13276646416	75	100	Paolo_Manghi;Marisa_Metzger	30	1
2021-03-31.ThomasAM_2018a.relative_abundance.LILT_VF107_16	ThomasAM_2018a	VF107	stool	CRC	CRC	78	senior	male	ITA	no	IlluminaHiSeq	30936548	87100526	8617506418	75	100	Paolo_Manghi;Marisa_Metzger	30	1
2021-03-31.ThomasAM_2018a.relative_abundance.LILT_VF114_T017	ThomasAM_2018a	VF114	stool	CRC	CRC;hypertension	77	senior	male	ITA	no	IlluminaHiSeq	30936548	68802460	6818636578	75	100	Paolo_Manghi;Marisa_Metzger	23	1
2021-03-31.ThomasAM_2018a.relative_abundance.LILT_VF120_16	ThomasAM_2018a	VF120	stool	CRC	CRC;hypercholesterolemia	63	adult	male	ITA	no	IlluminaHiSeq	30936548	69511276	6857565286	75	100	Paolo_Manghi;Marisa_Metzger	37	1
2021-03-31.ThomasAM_2018a.relative_abundance.LILT_VF140_T016	ThomasAM_2018a	VF140	stool	control	healthy	67	senior	female	ITA	no	IlluminaHiSeq	30936548	45553940	4516925822	75	100	Paolo_Manghi;Marisa_Metzger	24	0
2021-03-31.ThomasAM_2018a.relative_abundance.LILT_VF145_T017	ThomasAM_2018a	VF145	stool	CRC	CRC;hypertension	67	senior	male	ITA	no	IlluminaHiSeq	30936548	83426964	8282373224	75	100	Paolo_Manghi;Marisa_Metzger	35	1
2021-03-31.ThomasAM_2018a.relative_abundance.LILT_VF154_T017	ThomasAM_2018a	VF154	stool	CRC	CRC	77	senior	male	ITA	no	IlluminaHiSeq	30936548	91215084	9035509454	75	100	Paolo_Manghi;Marisa_Metzger	22	1
2021-03-31.ThomasAM_2018a.relative_abundance.LILT_VF166_T017	ThomasAM_2018a	VF166	stool	CRC	CRC	83	senior	female	ITA	no	IlluminaHiSeq	30936548	59541712	5906211662	75	100	Paolo_Manghi;Marisa_Metzger	19	1
2021-03-31.ThomasAM_2018a.relative_abundance.LILT_VF170_T016	ThomasAM_2018a	VF170	stool	control	hypercholesterolemia	70	senior	female	ITA	no	IlluminaHiSeq	30936548	83281818	8243012850	75	100	Paolo_Manghi;Marisa_Metzger	25	0
2021-03-31.ThomasAM_2018a.relative_abundance.LILT_VF171_T016	ThomasAM_2018a	VF171	stool	control	healthy	77	senior	female	ITA	no	IlluminaHiSeq	30936548	268665478	26692365132	75	100	Paolo_Manghi;Marisa_Metzger	NA	0
2021-03-31.ThomasAM_2018a.relative_abundance.LILT_VF174_T017	ThomasAM_2018a	VF174	stool	CRC	CRC	66	senior	male	ITA	no	IlluminaHiSeq	30936548	88876004	8808726504	75	100	Paolo_Manghi;Marisa_Metzger	24	1
2021-03-31.ThomasAM_2018a.relative_abundance.LILT_VF176_T017	ThomasAM_2018a	VF176	stool	CRC	CRC;cholesterolemia	64	adult	male	ITA	no	IlluminaHiSeq	30936548	51961332	5159137714	75	100	Paolo_Manghi;Marisa_Metzger	23	1
2021-03-31.ThomasAM_2018a.relative_abundance.LILT_VF18_T016	ThomasAM_2018a	VF18	stool	control	healthy	64	adult	male	ITA	no	IlluminaHiSeq	30936548	375721418	37358543174	75	100	Paolo_Manghi;Marisa_Metzger	26	0
2021-03-31.ThomasAM_2018a.relative_abundance.LILT_VF189_T016	ThomasAM_2018a	VF189	stool	control	healthy	66	senior	male	ITA	no	IlluminaHiSeq	30936548	159674438	15838227946	75	100	Paolo_Manghi;Marisa_Metzger	34	0
2021-03-31.ThomasAM_2018a.relative_abundance.LILT_VF192_T017	ThomasAM_2018a	VF192	stool	CRC	CRC;hypertension	78	senior	male	ITA	no	IlluminaHiSeq	30936548	50190940	4974888498	75	100	Paolo_Manghi;Marisa_Metzger	26	1
2021-03-31.ThomasAM_2018a.relative_abundance.LILT_VF206_T016	ThomasAM_2018a	VF206	stool	control	hypercholesterolemia	80	senior	male	ITA	no	IlluminaHiSeq	30936548	168825354	16782484254	75	100	Paolo_Manghi;Marisa_Metzger	24	0
2021-03-31.ThomasAM_2018a.relative_abundance.LILT_VF207_T017	ThomasAM_2018a	VF207	stool	CRC	CRC	63	adult	male	ITA	no	IlluminaHiSeq	30936548	79900864	7936914746	75	100	Paolo_Manghi;Marisa_Metzger	25	1
2021-03-31.ThomasAM_2018a.relative_abundance.LILT_VF208_T017	ThomasAM_2018a	VF208	stool	CRC	CRC	74	senior	male	ITA	no	IlluminaHiSeq	30936548	197907940	19642180890	75	100	Paolo_Manghi;Marisa_Metzger	23	1
2021-03-31.ThomasAM_2018a.relative_abundance.LILT_VF212_T016	ThomasAM_2018a	VF212	stool	control	healthy	80	senior	female	ITA	no	IlluminaHiSeq	30936548	70760642	7016890308	75	100	Paolo_Manghi;Marisa_Metzger	32	0
2021-03-31.ThomasAM_2018a.relative_abundance.LILT_VF216_T017	ThomasAM_2018a	VF216	stool	CRC	CRC	84	senior	male	ITA	no	IlluminaHiSeq	30936548	140195504	13926989396	75	100	Paolo_Manghi;Marisa_Metzger	22	1
2021-03-31.ThomasAM_2018a.relative_abundance.LILT_VF217_T017	ThomasAM_2018a	VF217	stool	CRC	CRC;hypertension	82	senior	male	ITA	no	IlluminaHiSeq	30936548	102992638	10222753176	75	100	Paolo_Manghi;Marisa_Metzger	28	1
2021-03-31.ThomasAM_2018a.relative_abundance.LILT_VF232_T017	ThomasAM_2018a	VF232	stool	CRC	CRC;hypertension	69	senior	male	ITA	no	IlluminaHiSeq	30936548	47791816	4745232212	75	100	Paolo_Manghi;Marisa_Metzger	27	1
2021-03-31.ThomasAM_2018a.relative_abundance.LILT_VF234_T017	ThomasAM_2018a	VF234	stool	CRC	CRC	61	adult	male	ITA	no	IlluminaHiSeq	30936548	63130715	6264323571	75	100	Paolo_Manghi;Marisa_Metzger	23	1
2021-03-31.ThomasAM_2018a.relative_abundance.LILT_VF251_T017	ThomasAM_2018a	VF251	stool	CRC	CRC	84	senior	female	ITA	no	IlluminaHiSeq	30936548	97021922	9638732712	75	100	Paolo_Manghi;Marisa_Metzger	23	1
2021-03-31.ThomasAM_2018a.relative_abundance.LILT_VF255_T016	ThomasAM_2018a	VF255	stool	control	healthy	69	senior	male	ITA	no	IlluminaHiSeq	30936548	51786786	5141254888	75	100	Paolo_Manghi;Marisa_Metzger	30	0
2021-03-31.ThomasAM_2018a.relative_abundance.LILT_VF259_T016	ThomasAM_2018a	VF259	stool	control	healthy	71	senior	male	ITA	no	IlluminaHiSeq	30936548	54199996	5376905682	75	100	Paolo_Manghi;Marisa_Metzger	24	0
2021-03-31.ThomasAM_2018a.relative_abundance.LILT_VF261_T016	ThomasAM_2018a	VF261	stool	control	healthy	69	senior	male	ITA	no	IlluminaHiSeq	30936548	46788848	4644638366	75	100	Paolo_Manghi;Marisa_Metzger	24	0
2021-03-31.ThomasAM_2018a.relative_abundance.LILT_VF262_T016	ThomasAM_2018a	VF262	stool	control	healthy	64	adult	male	ITA	no	IlluminaHiSeq	30936548	119440344	11861266938	75	100	Paolo_Manghi;Marisa_Metzger	27	0
2021-03-31.ThomasAM_2018a.relative_abundance.LILT_VF263_T016	ThomasAM_2018a	VF263	stool	control	healthy	81	senior	female	ITA	no	IlluminaHiSeq	30936548	157270336	15626665916	75	100	Paolo_Manghi;Marisa_Metzger	28	0
2021-03-31.ThomasAM_2018a.relative_abundance.LILT_VF264_T017	ThomasAM_2018a	VF264	stool	CRC	CRC	78	senior	male	ITA	no	IlluminaHiSeq	30936548	190490540	18935403182	75	100	Paolo_Manghi;Marisa_Metzger	24	1
2021-03-31.ThomasAM_2018a.relative_abundance.LILT_VF265_T016	ThomasAM_2018a	VF265	stool	control	hypercholesterolemia	64	adult	male	ITA	no	IlluminaHiSeq	30936548	36753696	3644716602	75	100	Paolo_Manghi;Marisa_Metzger	25	0
2021-03-31.ThomasAM_2018a.relative_abundance.LILT_VF270_T017	ThomasAM_2018a	VF270	stool	CRC	CRC	60	adult	male	ITA	no	IlluminaHiSeq	30936548	74406936	7397852902	75	100	Paolo_Manghi;Marisa_Metzger	22	1
2021-03-31.ThomasAM_2018a.relative_abundance.LILT_VF273_T017	ThomasAM_2018a	VF273	stool	CRC	CRC;hypertension	83	senior	female	ITA	no	IlluminaHiSeq	30936548	59049460	5862755402	75	100	Paolo_Manghi;Marisa_Metzger	24	1
2021-03-31.ThomasAM_2018a.relative_abundance.LILT_VF279_T016	ThomasAM_2018a	VF279	stool	control	healthy	61	adult	male	ITA	no	IlluminaHiSeq	30936548	159113906	15817515118	75	100	Paolo_Manghi;Marisa_Metzger	22	0
2021-03-31.ThomasAM_2018a.relative_abundance.LILT_VF28_T016	ThomasAM_2018a	VF28	stool	control	hypertension;metastases	63	adult	female	ITA	no	IlluminaHiSeq	30936548	219493156	21819100572	75	100	Paolo_Manghi;Marisa_Metzger	28	0
2021-03-31.ThomasAM_2018a.relative_abundance.LILT_VF281_T017	ThomasAM_2018a	VF281	stool	CRC	CRC	76	senior	male	ITA	no	IlluminaHiSeq	30936548	136972528	13612629160	75	100	Paolo_Manghi;Marisa_Metzger	26	1
2021-03-31.ThomasAM_2018a.relative_abundance.LILT_VF29_16	ThomasAM_2018a	VF29	stool	CRC	CRC;hypertension	74	senior	male	ITA	no	IlluminaHiSeq	30936548	122954238	12203647560	75	100	Paolo_Manghi;Marisa_Metzger	25	1
2021-03-31.ThomasAM_2018a.relative_abundance.LILT_VF300_T016	ThomasAM_2018a	VF300	stool	CRC	CRC;hypertension	57	adult	male	ITA	no	IlluminaHiSeq	30936548	170791788	16969685870	75	100	Paolo_Manghi;Marisa_Metzger	30	1
2021-03-31.ThomasAM_2018a.relative_abundance.LILT_VF31_16	ThomasAM_2018a	VF31	stool	control	healthy	59	adult	male	ITA	no	IlluminaHiSeq	30936548	77957436	7733156120	75	100	Paolo_Manghi;Marisa_Metzger	26	0
2021-03-31.ThomasAM_2018a.relative_abundance.LILT_VF40_16	ThomasAM_2018a	VF40	stool	control	hypercholesterolemia	68	senior	female	ITA	no	IlluminaHiSeq	30936548	114077394	11318266372	75	100	Paolo_Manghi;Marisa_Metzger	22	0
2021-03-31.ThomasAM_2018a.relative_abundance.LILT_VF43_16	ThomasAM_2018a	VF43	stool	control	hypertension	60	adult	male	ITA	no	IlluminaHiSeq	30936548	69754922	6932812452	75	100	Paolo_Manghi;Marisa_Metzger	22	0
2021-03-31.ThomasAM_2018a.relative_abundance.LILT_VF65_16	ThomasAM_2018a	VF65	stool	CRC	CRC;hypercholesterolemia;hypertension	69	senior	female	ITA	no	IlluminaHiSeq	30936548	55363092	5476270020	75	100	Paolo_Manghi;Marisa_Metzger	29	1
2021-03-31.ThomasAM_2018a.relative_abundance.LILT_VF71_16	ThomasAM_2018a	VF71	stool	CRC	CRC;metastases	67	senior	female	ITA	no	IlluminaHiSeq	30936548	79793550	7902317024	75	100	Paolo_Manghi;Marisa_Metzger	21	1
2021-03-31.ThomasAM_2018a.relative_abundance.LILT_VF73_16	ThomasAM_2018a	VF73	stool	CRC	CRC;hypercholesterolemia	58	adult	male	ITA	no	IlluminaHiSeq	30936548	92904026	9208805594	75	100	Paolo_Manghi;Marisa_Metzger	25	1
2021-03-31.ThomasAM_2018a.relative_abundance.LILT_VF77_16	ThomasAM_2018a	VF77	stool	CRC	CRC	70	senior	male	ITA	no	IlluminaHiSeq	30936548	153585374	15258226958	75	100	Paolo_Manghi;Marisa_Metzger	24	1
2021-03-31.ThomasAM_2018a.relative_abundance.LILT_VF82_T016	ThomasAM_2018a	VF82	stool	control	healthy	61	adult	female	ITA	no	IlluminaHiSeq	30936548	46305044	4602808946	75	100	Paolo_Manghi;Marisa_Metzger	NA	0
2021-03-31.ThomasAM_2018a.relative_abundance.LILT_VF84_16	ThomasAM_2018a	VF84	stool	control	hypertension	58	adult	male	ITA	no	IlluminaHiSeq	30936548	76085886	7555848636	75	100	Paolo_Manghi;Marisa_Metzger	24	0
2021-03-31.ThomasAM_2018a.relative_abundance.LILT_VF95_16	ThomasAM_2018a	VF95	stool	CRC	CRC	71	senior	female	ITA	no	IlluminaHiSeq	30936548	78354990	7785120980	75	100	Paolo_Manghi;Marisa_Metzger	30	1
2021-03-31.ThomasAM_2018b.relative_abundance.CRC_MR_SBJ01C_17	ThomasAM_2018b	SBJ01C	stool	CRC	CRC	51	adult	male	ITA	no	IlluminaHiSeq	30936548	43868542	4347430447	75	100	Paolo_Manghi	20.86111966	1
2021-03-31.ThomasAM_2018b.relative_abundance.CRC_MR_SBJ02C_17	ThomasAM_2018b	SBJ02C	stool	CRC	CRC	51	adult	male	ITA	no	IlluminaHiSeq	30936548	43898442	4346220764	75	100	Paolo_Manghi	31.56167151	1
2021-03-31.ThomasAM_2018b.relative_abundance.CRC_MR_SBJ03H_17	ThomasAM_2018b	SBJ03H	stool	control	healthy	52	adult	male	ITA	no	IlluminaHiSeq	30936548	62248461	6153910114	75	100	Paolo_Manghi	23.72281065	0
2021-03-31.ThomasAM_2018b.relative_abundance.CRC_MR_SBJ04C_17	ThomasAM_2018b	SBJ04C	stool	CRC	CRC	69	senior	male	ITA	no	IlluminaHiSeq	30936548	36366179	3600392404	75	100	Paolo_Manghi	28.982007	1
2021-03-31.ThomasAM_2018b.relative_abundance.CRC_MR_SBJ05C_17	ThomasAM_2018b	SBJ05C	stool	CRC	CRC	46	adult	male	ITA	no	IlluminaHiSeq	30936548	45139735	4468032703	75	100	Paolo_Manghi	22.46003435	1
2021-03-31.ThomasAM_2018b.relative_abundance.CRC_MR_SBJ06C_17	ThomasAM_2018b	SBJ06C	stool	CRC	CRC	57	adult	male	ITA	no	IlluminaHiSeq	30936548	60592176	5988622295	75	100	Paolo_Manghi	27.77692989	1
2021-03-31.ThomasAM_2018b.relative_abundance.CRC_MR_SBJ07C_17	ThomasAM_2018b	SBJ07C	stool	CRC	CRC	38	adult	male	ITA	no	IlluminaHiSeq	30936548	61416613	6077990175	75	100	Paolo_Manghi	27.04164413	1
2021-03-31.ThomasAM_2018b.relative_abundance.CRC_MR_SBJ10C_17	ThomasAM_2018b	SBJ10C	stool	CRC	CRC	68	senior	male	ITA	no	IlluminaHiSeq	30936548	50329530	4979832567	75	100	Paolo_Manghi	24.30248706	1
2021-03-31.ThomasAM_2018b.relative_abundance.CRC_MR_SBJ11C_17	ThomasAM_2018b	SBJ11C	stool	CRC	CRC	68	senior	female	ITA	no	IlluminaHiSeq	30936548	48916828	4859038231	75	100	Paolo_Manghi	NA	1
2021-03-31.ThomasAM_2018b.relative_abundance.CRC_MR_SBJ12C_17	ThomasAM_2018b	SBJ12C	stool	CRC	CRC	65	adult	male	ITA	no	IlluminaHiSeq	30936548	39541779	3893420532	75	100	Paolo_Manghi	29.56194571	1
2021-03-31.ThomasAM_2018b.relative_abundance.CRC_MR_SBJ16H_17	ThomasAM_2018b	SBJ16H	stool	control	healthy	56	adult	male	ITA	no	IlluminaHiSeq	30936548	44260518	4398674622	75	100	Paolo_Manghi	25.68956193	0
2021-03-31.ThomasAM_2018b.relative_abundance.CRC_MR_SBJ17H_17	ThomasAM_2018b	SBJ17H	stool	control	healthy	50	adult	male	ITA	no	IlluminaHiSeq	30936548	73496867	7310035386	75	100	Paolo_Manghi	23.59700421	0
2021-03-31.ThomasAM_2018b.relative_abundance.CRC_MR_SBJ18H_17	ThomasAM_2018b	SBJ18H	stool	control	healthy	54	adult	male	ITA	no	IlluminaHiSeq	30936548	27453968	2727610389	75	100	Paolo_Manghi	25.18078512	0
2021-03-31.ThomasAM_2018b.relative_abundance.CRC_MR_SBJ20C_17	ThomasAM_2018b	SBJ20C	stool	CRC	CRC	59	adult	female	ITA	no	IlluminaHiSeq	30936548	65119701	6471743852	75	100	Paolo_Manghi	28.99930748	1
2021-03-31.ThomasAM_2018b.relative_abundance.CRC_MR_SBJ21H_17	ThomasAM_2018b	SBJ21H	stool	control	healthy	67	senior	female	ITA	no	IlluminaHiSeq	30936548	36494066	3613112582	75	100	Paolo_Manghi	20.43816558	0
2021-03-31.ThomasAM_2018b.relative_abundance.CRC_MR_SBJ22C_17	ThomasAM_2018b	SBJ22C	stool	CRC	CRC	62	adult	male	ITA	no	IlluminaHiSeq	30936548	23604828	2336269953	75	100	Paolo_Manghi	31.09789075	1
2021-03-31.ThomasAM_2018b.relative_abundance.CRC_MR_SBJ24H_17	ThomasAM_2018b	SBJ24H	stool	control	healthy	66	senior	male	ITA	no	IlluminaHiSeq	30936548	36804377	3645903179	75	100	Paolo_Manghi	19.71332153	0
2021-03-31.ThomasAM_2018b.relative_abundance.CRC_MR_SBJ25C_17	ThomasAM_2018b	SBJ25C	stool	CRC	CRC	70	senior	male	ITA	no	IlluminaHiSeq	30936548	31480824	3117973069	75	100	Paolo_Manghi	28.37370242	1
2021-03-31.ThomasAM_2018b.relative_abundance.CRC_MR_SBJ26C_17	ThomasAM_2018b	SBJ26C	stool	CRC	CRC	56	adult	female	ITA	no	IlluminaHiSeq	30936548	41358998	4101051285	75	100	Paolo_Manghi	27.82931354	1
2021-03-31.ThomasAM_2018b.relative_abundance.CRC_MR_SBJ27C_17	ThomasAM_2018b	SBJ27C	stool	CRC	CRC	61	adult	male	ITA	no	IlluminaHiSeq	30936548	36706377	3637111009	75	100	Paolo_Manghi	27.44059917	1
2021-03-31.ThomasAM_2018b.relative_abundance.CRC_MR_SBJ29C_17	ThomasAM_2018b	SBJ29C	stool	CRC	CRC	65	adult	male	ITA	no	IlluminaHiSeq	30936548	32390885	3210377101	75	100	Paolo_Manghi	25.35154137	1
2021-03-31.ThomasAM_2018b.relative_abundance.CRC_MR_SBJ31C_17	ThomasAM_2018b	SBJ31C	stool	CRC	CRC	62	adult	male	ITA	no	IlluminaHiSeq	30936548	13190360	1306864665	75	100	Paolo_Manghi	26.64359862	1
2021-03-31.ThomasAM_2018b.relative_abundance.CRC_MR_SBJ32C_17	ThomasAM_2018b	SBJ32C	stool	CRC	CRC	39	adult	female	ITA	no	IlluminaHiSeq	30936548	31790441	3148165940	75	100	Paolo_Manghi	20.54988662	1
2021-03-31.ThomasAM_2018b.relative_abundance.CRC_MR_SBJ33C_17	ThomasAM_2018b	SBJ33C	stool	CRC	CRC	63	adult	male	ITA	no	IlluminaHiSeq	30936548	41330625	4096574082	75	100	Paolo_Manghi	29.96161169	1
2021-03-31.ThomasAM_2018b.relative_abundance.CRC_MR_SBJ34H_17	ThomasAM_2018b	SBJ34H	stool	control	healthy	58	adult	female	ITA	no	IlluminaHiSeq	30936548	38425974	3806976294	75	100	Paolo_Manghi	20.3125	0
2021-03-31.ThomasAM_2018b.relative_abundance.CRC_MR_SBJ35C_17	ThomasAM_2018b	SBJ35C	stool	CRC	CRC	59	adult	male	ITA	no	IlluminaHiSeq	30936548	42524787	4205409821	75	100	Paolo_Manghi	27.58020032	1
2021-03-31.ThomasAM_2018b.relative_abundance.CRC_MR_SBJ36C_17	ThomasAM_2018b	SBJ36C	stool	CRC	CRC	51	adult	female	ITA	no	IlluminaHiSeq	30936548	31808126	3151820262	75	100	Paolo_Manghi	19.43301326	1
2021-03-31.ThomasAM_2018b.relative_abundance.CRC_MR_SBJ37H_17	ThomasAM_2018b	SBJ37H	stool	control	healthy	58	adult	female	ITA	no	IlluminaHiSeq	30936548	10456845	1034879683	75	100	Paolo_Manghi	17.68978885	0
2021-03-31.ThomasAM_2018b.relative_abundance.CRC_MR_SBJ39C_17	ThomasAM_2018b	SBJ39C	stool	CRC	CRC	58	adult	male	ITA	no	IlluminaHiSeq	30936548	30131718	2982949375	75	100	Paolo_Manghi	34.68609088	1
2021-03-31.ThomasAM_2018b.relative_abundance.CRC_MR_SBJ40C_17	ThomasAM_2018b	SBJ40C	stool	CRC	CRC	59	adult	male	ITA	no	IlluminaHiSeq	30936548	35163513	3483587316	75	100	Paolo_Manghi	38.53061224	1
2021-03-31.ThomasAM_2018b.relative_abundance.CRC_MR_SBJ42C_17	ThomasAM_2018b	SBJ42C	stool	CRC	CRC	64	adult	male	ITA	no	IlluminaHiSeq	30936548	59944791	5954642751	75	100	Paolo_Manghi	24.93372049	1
2021-03-31.ThomasAM_2018b.relative_abundance.CRC_MR_SBJ45H_17	ThomasAM_2018b	SBJ45H	stool	control	healthy	54	adult	male	ITA	no	IlluminaHiSeq	30936548	92522014	9200046372	75	100	Paolo_Manghi	24.48979592	0
2021-03-31.ThomasAM_2018b.relative_abundance.CRC_MR_SBJ46H_17	ThomasAM_2018b	SBJ46H	stool	control	healthy	66	senior	male	ITA	no	IlluminaHiSeq	30936548	45756759	4548795487	75	100	Paolo_Manghi	21.70512943	0
2021-03-31.ThomasAM_2018b.relative_abundance.CRC_MR_SBJ47C_17	ThomasAM_2018b	SBJ47C	stool	CRC	CRC	50	adult	female	ITA	no	IlluminaHiSeq	30936548	33645368	3342496938	75	100	Paolo_Manghi	19.81784449	1
2021-03-31.ThomasAM_2018b.relative_abundance.CRC_MR_SBJ49C_17	ThomasAM_2018b	SBJ49C	stool	CRC	CRC	69	senior	male	ITA	no	IlluminaHiSeq	30936548	47699523	4733537457	75	100	Paolo_Manghi	22.64219297	1
2021-03-31.ThomasAM_2018b.relative_abundance.CRC_MR_SBJ50C_17	ThomasAM_2018b	SBJ50C	stool	CRC	CRC	56	adult	male	ITA	no	IlluminaHiSeq	30936548	56181745	5573403305	75	100	Paolo_Manghi	25.18078512	1
2021-03-31.ThomasAM_2018b.relative_abundance.CRC_MR_SBJ51C_17	ThomasAM_2018b	SBJ51C	stool	CRC	CRC	62	adult	female	ITA	no	IlluminaHiSeq	30936548	24668831	2448286377	75	100	Paolo_Manghi	20.95717116	1
2021-03-31.ThomasAM_2018b.relative_abundance.CRC_MR_SBJ52C_17	ThomasAM_2018b	SBJ52C	stool	CRC	CRC	66	senior	female	ITA	no	IlluminaHiSeq	30936548	31846171	3158066958	75	100	Paolo_Manghi	28.08433211	1
2021-03-31.ThomasAM_2018b.relative_abundance.CRC_MR_SBJ53C_17	ThomasAM_2018b	SBJ53C	stool	CRC	CRC	55	adult	male	ITA	no	IlluminaHiSeq	30936548	46264048	4591336105	75	100	Paolo_Manghi	29.36576335	1
2021-03-31.ThomasAM_2018b.relative_abundance.CRC_MR_SBJ55C_17	ThomasAM_2018b	SBJ55C	stool	CRC	CRC	67	senior	male	ITA	no	IlluminaHiSeq	30936548	35636732	3534484981	75	100	Paolo_Manghi	29.06976744	1
2021-03-31.ThomasAM_2018b.relative_abundance.CRC_MR_SBJ57H_17	ThomasAM_2018b	SBJ57H	stool	control	healthy	66	senior	female	ITA	no	IlluminaHiSeq	30936548	43890117	4354149935	75	100	Paolo_Manghi	21.09375	0
2021-03-31.ThomasAM_2018b.relative_abundance.CRC_MR_SBJ60H_17	ThomasAM_2018b	SBJ60H	stool	control	healthy	56	adult	male	ITA	no	IlluminaHiSeq	30936548	107211531	10646203801	75	100	Paolo_Manghi	23.45091822	0
2021-03-31.ThomasAM_2018b.relative_abundance.CRC_MR_SBJ61C_17	ThomasAM_2018b	SBJ61C	stool	CRC	CRC	56	adult	female	ITA	no	IlluminaHiSeq	30936548	63115792	6265536349	75	100	Paolo_Manghi	25.390625	1
2021-03-31.ThomasAM_2018b.relative_abundance.CRC_MR_SBJ63H_17	ThomasAM_2018b	SBJ63H	stool	control	healthy	NA	adult	female	ITA	no	IlluminaHiSeq	30936548	85236126	8455482154	75	100	Paolo_Manghi	NA	0
2021-03-31.ThomasAM_2018b.relative_abundance.CRC_MR_SBJ64C_17	ThomasAM_2018b	SBJ64C	stool	CRC	CRC	48	adult	male	ITA	no	IlluminaHiSeq	30936548	75825202	7519969732	75	100	Paolo_Manghi	25.2675737	1
2021-03-31.ThomasAM_2018b.relative_abundance.CRC_MR_SBJ65H_17	ThomasAM_2018b	SBJ65H	stool	control	healthy	53	adult	male	ITA	no	IlluminaHiSeq	30936548	41052376	4072990715	75	100	Paolo_Manghi	32.44997296	0
2021-03-31.ThomasAM_2018b.relative_abundance.CRC_MR_SBJ67H_17	ThomasAM_2018b	SBJ67H	stool	control	healthy	46	adult	male	ITA	no	IlluminaHiSeq	30936548	40868929	4055457779	75	100	Paolo_Manghi	34.52708907	0
2021-03-31.ThomasAM_2018b.relative_abundance.CRC_MR_SBJ68H_17	ThomasAM_2018b	SBJ68H	stool	control	healthy	60	adult	female	ITA	no	IlluminaHiSeq	30936548	22066831	2190922951	75	100	Paolo_Manghi	28.125	0
2021-03-31.ThomasAM_2018b.relative_abundance.CRC_MR_SBJ69H_17	ThomasAM_2018b	SBJ69H	stool	control	healthy	62	adult	male	ITA	no	IlluminaHiSeq	30936548	33651354	3342450892	75	100	Paolo_Manghi	28.69265285	0
2021-03-31.ThomasAM_2018b.relative_abundance.CRC_MR_SBJ73H_17	ThomasAM_2018b	SBJ73H	stool	control	healthy	61	adult	female	ITA	no	IlluminaHiSeq	30936548	48210550	4788180713	75	100	Paolo_Manghi	21.96712018	0
2021-03-31.ThomasAM_2018b.relative_abundance.CRC_MR_SBJ74H_17	ThomasAM_2018b	SBJ74H	stool	control	healthy	69	senior	female	ITA	no	IlluminaHiSeq	30936548	30312297	3010192567	75	100	Paolo_Manghi	26.36560303	0
2021-03-31.ThomasAM_2018b.relative_abundance.CRC_MR_SBJ75H_17	ThomasAM_2018b	SBJ75H	stool	control	healthy	65	adult	female	ITA	no	IlluminaHiSeq	30936548	24018036	2383792100	75	100	Paolo_Manghi	23.38435374	0
2021-03-31.ThomasAM_2018b.relative_abundance.CRC_MR_SBJ77H_17	ThomasAM_2018b	SBJ77H	stool	control	healthy	64	adult	female	ITA	no	IlluminaHiSeq	30936548	27868520	2766975730	75	100	Paolo_Manghi	21.3251339	0
2021-03-31.ThomasAM_2018b.relative_abundance.CRC_MR_SBJ78H_17	ThomasAM_2018b	SBJ78H	stool	control	healthy	54	adult	male	ITA	no	IlluminaHiSeq	30936548	23707897	2355228152	75	100	Paolo_Manghi	24.69135802	0
2021-03-31.ThomasAM_2018b.relative_abundance.CRC_MR_SBJ79H_17	ThomasAM_2018b	SBJ79H	stool	control	healthy	67	senior	male	ITA	no	IlluminaHiSeq	30936548	35362694	3511808501	75	100	Paolo_Manghi	26.36560303	0
2021-03-31.ThomasAM_2018b.relative_abundance.CRC_MR_SBJ80H_17	ThomasAM_2018b	SBJ80H	stool	control	healthy	40	adult	male	ITA	no	IlluminaHiSeq	30936548	26117282	2593547633	75	100	Paolo_Manghi	26.14927686	0
2021-03-31.ThomasAM_2018b.relative_abundance.CRC_MR_SBJ81H_17	ThomasAM_2018b	SBJ81H	stool	control	healthy	60	adult	female	ITA	no	IlluminaHiSeq	30936548	57480181	5705640120	75	100	Paolo_Manghi	23.87511478	0
2021-03-31.ThomasAM_2018b.relative_abundance.CRC_MR_SBJ82H_17	ThomasAM_2018b	SBJ82H	stool	control	healthy	69	senior	female	ITA	no	IlluminaHiSeq	30936548	37993796	3774609997	75	100	Paolo_Manghi	28.65013774	0
2021-03-31.ThomasAM_2018b.relative_abundance.CRC_MR_SBJ83H_17	ThomasAM_2018b	SBJ83H	stool	control	healthy	47	adult	male	ITA	no	IlluminaHiSeq	30936548	25118095	2493911666	75	100	Paolo_Manghi	26.29757785	0
2021-03-31.ThomasAM_2018b.relative_abundance.CRC_MR_SBJ84H_17	ThomasAM_2018b	SBJ84H	stool	control	healthy	41	adult	male	ITA	no	IlluminaHiSeq	30936548	39194253	3891624174	75	100	Paolo_Manghi	24.16326531	0
2021-03-31.ThomasAM_2019_c.relative_abundance.AHCNC2ADXX.N708_CAGAGAGG	ThomasAM_2019_c	AHCNC2ADXX.N708_CAGAGAGG	stool	CRC	CRC	64	adult	male	JPN	no	IlluminaHiSeq	30936548	59197060	8566556223	75	150	Giacomo_Damato;Paolo_Manghi	22.4600343506408	1
2021-03-31.ThomasAM_2019_c.relative_abundance.AHCNC2ADXX.N710_CGAGGCTG	ThomasAM_2019_c	AHCNC2ADXX.N710_CGAGGCTG	stool	CRC	CRC	66	senior	female	JPN	no	IlluminaHiSeq	30936548	45265026	6457902329	75	150	Giacomo_Damato;Paolo_Manghi	22.6002629848784	1
2021-03-31.ThomasAM_2019_c.relative_abundance.AHCNMFADXX.N703-S508_AGGCAGAA-CTAAGCCT	ThomasAM_2019_c	AHCNMFADXX.N703-S508_AGGCAGAA-CTAAGCCT	stool	CRC	CRC	61	adult	male	JPN	no	IlluminaHiSeq	30936548	61050723	8509340579	75	150	Giacomo_Damato;Paolo_Manghi	28.2933454051607	1
2021-03-31.ThomasAM_2019_c.relative_abundance.AHCNMFADXX.N709-S507_GCTACGCT-AAGGAGTA	ThomasAM_2019_c	AHCNMFADXX.N709-S507_GCTACGCT-AAGGAGTA	stool	CRC	CRC	70	senior	female	JPN	no	IlluminaHiSeq	30936548	63143577	8820156538	75	150	Giacomo_Damato;Paolo_Manghi	21.9075824577062	1
2021-03-31.ThomasAM_2019_c.relative_abundance.AHCNMFADXX.N712-S507_GTAGAGGA-AAGGAGTA	ThomasAM_2019_c	AHCNMFADXX.N712-S507_GTAGAGGA-AAGGAGTA	stool	control	healthy	72	senior	male	JPN	no	IlluminaHiSeq	30936548	79164015	10912549716	75	150	Giacomo_Damato;Paolo_Manghi	22.1367397300044	0
2021-03-31.ThomasAM_2019_c.relative_abundance.AHCT5GADXX.N703-S501_AGGCAGAA-TAGATCGC	ThomasAM_2019_c	AHCT5GADXX.N703-S501_AGGCAGAA-TAGATCGC	stool	CRC	CRC	62	adult	female	JPN	no	IlluminaHiSeq	30936548	14944862	2026501570	75	150	Giacomo_Damato;Paolo_Manghi	21.0828132906055	1
2021-03-31.ThomasAM_2019_c.relative_abundance.BHCNFHADXX.N710-S505_CGAGGCTG-GTAAGGAG	ThomasAM_2019_c	BHCNFHADXX.N710-S505_CGAGGCTG-GTAAGGAG	stool	CRC	CRC	65	adult	male	JPN	no	IlluminaHiSeq	30936548	34545896	4987063225	75	150	Giacomo_Damato;Paolo_Manghi	21.3039485766758	1
2021-03-31.ThomasAM_2019_c.relative_abundance.BHCNG3ADXX.N701-S503_TAAGGCGA-TATCCTCT	ThomasAM_2019_c	BHCNG3ADXX.N701-S503_TAAGGCGA-TATCCTCT	stool	CRC	CRC	59	adult	male	JPN	no	IlluminaHiSeq	30936548	43689354	6203986425	75	150	Giacomo_Damato;Paolo_Manghi	25.4580659041199	1
2021-03-31.ThomasAM_2019_c.relative_abundance.BHCNG3ADXX.N705-S502_GGACTCCT-CTCTCTAT	ThomasAM_2019_c	BHCNG3ADXX.N705-S502_GGACTCCT-CTCTCTAT	stool	control	healthy	61	adult	male	JPN	no	IlluminaHiSeq	30936548	63257761	8959666507	75	150	Giacomo_Damato;Paolo_Manghi	26.2335558041742	0
2021-03-31.ThomasAM_2019_c.relative_abundance.BHCNG3ADXX.N708-S502_CAGAGAGG-CTCTCTAT	ThomasAM_2019_c	BHCNG3ADXX.N708-S502_CAGAGAGG-CTCTCTAT	stool	CRC	CRC	78	senior	male	JPN	no	IlluminaHiSeq	30936548	14919620	2200274236	75	150	Giacomo_Damato;Paolo_Manghi	22.6799524092802	1
2021-03-31.ThomasAM_2019_c.relative_abundance.BHCNG3ADXX.N709-S502_GCTACGCT-CTCTCTAT	ThomasAM_2019_c	BHCNG3ADXX.N709-S502_GCTACGCT-CTCTCTAT	stool	CRC	CRC	30	adult	male	JPN	no	IlluminaHiSeq	30936548	74925301	10660532460	75	150	Giacomo_Damato;Paolo_Manghi	25.6895619253651	1
2021-03-31.ThomasAM_2019_c.relative_abundance.BHCNG3ADXX.N711-S502_AAGAGGCA-CTCTCTAT	ThomasAM_2019_c	BHCNG3ADXX.N711-S502_AAGAGGCA-CTCTCTAT	stool	CRC	CRC	69	senior	female	JPN	no	IlluminaHiSeq	30936548	57011467	7870207446	75	150	Giacomo_Damato;Paolo_Manghi	23.5555555555556	1
2021-03-31.ThomasAM_2019_c.relative_abundance.BHCNJJADXX.N703-S503_AGGCAGAA-TATCCTCT	ThomasAM_2019_c	BHCNJJADXX.N703-S503_AGGCAGAA-TATCCTCT	stool	CRC	CRC	57	adult	female	JPN	no	IlluminaHiSeq	30936548	58779552	8380917595	75	150	Giacomo_Damato;Paolo_Manghi	18.3690033747704	1
2021-03-31.ThomasAM_2019_c.relative_abundance.BHCNJJADXX.N705-S503_GGACTCCT-TATCCTCT	ThomasAM_2019_c	BHCNJJADXX.N705-S503_GGACTCCT-TATCCTCT	stool	CRC	CRC	38	adult	male	JPN	no	IlluminaHiSeq	30936548	51410939	7472384887	75	150	Giacomo_Damato;Paolo_Manghi	24.3910588392529	1
2021-03-31.ThomasAM_2019_c.relative_abundance.BHCNJJADXX.N708-S503_CAGAGAGG-TATCCTCT	ThomasAM_2019_c	BHCNJJADXX.N708-S503_CAGAGAGG-TATCCTCT	stool	control	healthy	73	senior	male	JPN	no	IlluminaHiSeq	30936548	76551905	10944706076	75	150	Giacomo_Damato;Paolo_Manghi	25.8166302126286	0
2021-03-31.ThomasAM_2019_c.relative_abundance.BHCNK3ADXX.N706-S507_TAGGCATG-AAGGAGTA	ThomasAM_2019_c	BHCNK3ADXX.N706-S507_TAGGCATG-AAGGAGTA	stool	control	healthy	59	adult	female	JPN	no	IlluminaHiSeq	30936548	35607131	5261328729	75	150	Giacomo_Damato;Paolo_Manghi	20.0288415318058	0
2021-03-31.ThomasAM_2019_c.relative_abundance.BHCNK3ADXX.N711-S506_AAGAGGCA-ACTGCATA	ThomasAM_2019_c	BHCNK3ADXX.N711-S506_AAGAGGCA-ACTGCATA	stool	control	healthy	64	adult	male	JPN	no	IlluminaHiSeq	30936548	27181152	3784860572	75	150	Giacomo_Damato;Paolo_Manghi	20.5191340925413	0
2021-03-31.ThomasAM_2019_c.relative_abundance.BHCNK3ADXX.N712-S506_GTAGAGGA-ACTGCATA	ThomasAM_2019_c	BHCNK3ADXX.N712-S506_GTAGAGGA-ACTGCATA	stool	CRC	CRC	44	adult	female	JPN	no	IlluminaHiSeq	30936548	47580560	6605607645	75	150	Giacomo_Damato;Paolo_Manghi	26.6727632982777	1
2021-03-31.ThomasAM_2019_c.relative_abundance.BHCNM7ADXX.N701-S511_TAAGGCGA-TCTCTCCG	ThomasAM_2019_c	BHCNM7ADXX.N701-S511_TAAGGCGA-TCTCTCCG	stool	control	healthy	50	adult	female	JPN	no	IlluminaHiSeq	30936548	41154961	5902309698	75	150	Giacomo_Damato;Paolo_Manghi	20.3427977839335	0
2021-03-31.ThomasAM_2019_c.relative_abundance.BHCNM7ADXX.N712-S508_GTAGAGGA-CTAAGCCT	ThomasAM_2019_c	BHCNM7ADXX.N712-S508_GTAGAGGA-CTAAGCCT	stool	control	healthy	67	senior	female	JPN	no	IlluminaHiSeq	30936548	98446369	13885882588	75	150	Giacomo_Damato;Paolo_Manghi	26.0416666666667	0
2021-03-31.ThomasAM_2019_c.relative_abundance.BHCTGKADXX.N707-S505_CTCTCTAC-GTAAGGAG	ThomasAM_2019_c	BHCTGKADXX.N707-S505_CTCTCTAC-GTAAGGAG	stool	control	healthy	45	adult	male	JPN	no	IlluminaHiSeq	30936548	27836202	4008571862	75	150	Giacomo_Damato;Paolo_Manghi	22.2222222222222	0
2021-03-31.ThomasAM_2019_c.relative_abundance.HGK52ADXX_PG0662_172A0906_H3_L001	ThomasAM_2019_c	HGK52ADXX_PG0662_172A0906_H3_L001	stool	CRC	CRC	62	adult	male	JPN	no	IlluminaHiSeq	30936548	32410737	4762929673	75	150	Giacomo_Damato;Paolo_Manghi	24.6181037747759	1
2021-03-31.ThomasAM_2019_c.relative_abundance.HGK7MADXX_PG0662_19A0305_H3_L001	ThomasAM_2019_c	HGK7MADXX_PG0662_19A0305_H3_L001	stool	CRC	CRC	46	adult	male	JPN	no	IlluminaHiSeq	30936548	44798316	6581904182	75	150	Giacomo_Damato;Paolo_Manghi	19.1511918197052	1
2021-03-31.ThomasAM_2019_c.relative_abundance.HGK7MADXX_PG0662_87A0503_H3_L002	ThomasAM_2019_c	HGK7MADXX_PG0662_87A0503_H3_L002	stool	CRC	CRC	70	senior	female	JPN	no	IlluminaHiSeq	30936548	39006953	5700128483	75	150	Giacomo_Damato;Paolo_Manghi	17.3484295105917	1
2021-03-31.ThomasAM_2019_c.relative_abundance.HGKFCADXX_PG0662_168A0902_H3_L001	ThomasAM_2019_c	HGKFCADXX_PG0662_168A0902_H3_L001	stool	control	healthy	66	senior	female	JPN	no	IlluminaHiSeq	30936548	31795549	4701764620	75	150	Giacomo_Damato;Paolo_Manghi	22.3477820880418	0
2021-03-31.ThomasAM_2019_c.relative_abundance.HGKMWADXX_PG0662_166A0807_H3_L002	ThomasAM_2019_c	HGKMWADXX_PG0662_166A0807_H3_L002	stool	CRC	CRC	70	senior	male	JPN	no	IlluminaHiSeq	30936548	42472731	6223238339	75	150	Giacomo_Damato;Paolo_Manghi	20.5761316872428	1
2021-03-31.ThomasAM_2019_c.relative_abundance.HGKMWADXX_PG0662_92A0617_H3_L001	ThomasAM_2019_c	HGKMWADXX_PG0662_92A0617_H3_L001	stool	CRC	CRC	63	adult	female	JPN	no	IlluminaHiSeq	30936548	43972509	6441364925	75	150	Giacomo_Damato;Paolo_Manghi	17.4817898022893	1
2021-03-31.ThomasAM_2019_c.relative_abundance.HGKMWADXX_PG0662_95A0604_H3_L002	ThomasAM_2019_c	HGKMWADXX_PG0662_95A0604_H3_L002	stool	control	healthy	65	adult	female	JPN	no	IlluminaHiSeq	30936548	49002817	7155344076	75	150	Giacomo_Damato;Paolo_Manghi	19.818927075357	0
2021-03-31.ThomasAM_2019_c.relative_abundance.HGKT5ADXX_PG0662_09A0202_H2	ThomasAM_2019_c	HGKT5ADXX_PG0662_09A0202_H2	stool	control	healthy	76	senior	male	JPN	no	IlluminaHiSeq	30936548	39794462	5853343782	75	150	Giacomo_Damato;Paolo_Manghi	22.1002895900015	0
2021-03-31.ThomasAM_2019_c.relative_abundance.HGKY5ADXX_PG0662_332A0817_H1_L001	ThomasAM_2019_c	HGKY5ADXX_PG0662_332A0817_H1_L001	stool	CRC	CRC	69	senior	male	JPN	no	IlluminaHiSeq	30936548	36273794	5323906020	75	150	Giacomo_Damato;Paolo_Manghi	21.5138585105239	1
2021-03-31.ThomasAM_2019_c.relative_abundance.HGKY7ADXX_PG0662_178A0104_H1_L002	ThomasAM_2019_c	HGKY7ADXX_PG0662_178A0104_H1_L002	stool	control	healthy	76	senior	female	JPN	no	IlluminaHiSeq	30936548	37365403	5488973250	75	150	Giacomo_Damato;Paolo_Manghi	23.422090729783	0
2021-03-31.ThomasAM_2019_c.relative_abundance.HGKY7ADXX_PG0662_179A0105_H1_L002	ThomasAM_2019_c	HGKY7ADXX_PG0662_179A0105_H1_L002	stool	control	healthy	53	adult	female	JPN	no	IlluminaHiSeq	30936548	33940061	4999293110	75	150	Giacomo_Damato;Paolo_Manghi	18.6620146861942	0
2021-03-31.ThomasAM_2019_c.relative_abundance.HGKY7ADXX_PG0662_182A0217_H1_L002	ThomasAM_2019_c	HGKY7ADXX_PG0662_182A0217_H1_L002	stool	CRC	CRC	48	adult	male	JPN	no	IlluminaHiSeq	30936548	33848668	4978457429	75	150	Giacomo_Damato;Paolo_Manghi	23.0300453514739	1
2021-03-31.ThomasAM_2019_c.relative_abundance.HGKY7ADXX_PG0662_239A0206_H1_L001	ThomasAM_2019_c	HGKY7ADXX_PG0662_239A0206_H1_L001	stool	CRC	CRC	45	adult	female	JPN	no	IlluminaHiSeq	30936548	30527703	4501055927	75	150	Giacomo_Damato;Paolo_Manghi	23.4223683617855	1
2021-03-31.ThomasAM_2019_c.relative_abundance.HGKYVADXX_PG0662_104A0704_H3_L001	ThomasAM_2019_c	HGKYVADXX_PG0662_104A0704_H3_L001	stool	control	healthy	65	adult	male	JPN	no	IlluminaHiSeq	30936548	40762782	5937308639	75	150	Giacomo_Damato;Paolo_Manghi	21.5645449137418	0
2021-03-31.ThomasAM_2019_c.relative_abundance.HGKYVADXX_PG0662_320A0604_H1_L002	ThomasAM_2019_c	HGKYVADXX_PG0662_320A0604_H1_L002	stool	control	healthy	75	senior	female	JPN	no	IlluminaHiSeq	30936548	40163977	5889437146	75	150	Giacomo_Damato;Paolo_Manghi	22.6666666666667	0
2021-03-31.ThomasAM_2019_c.relative_abundance.HGKYVADXX_PG0662_98A0607_H3_L001	ThomasAM_2019_c	HGKYVADXX_PG0662_98A0607_H3_L001	stool	control	healthy	78	senior	male	JPN	no	IlluminaHiSeq	30936548	45015592	6622800236	75	150	Giacomo_Damato;Paolo_Manghi	22.8623685413809	0
2021-03-31.ThomasAM_2019_c.relative_abundance.HGKYWADXX_PG0662_245A0305_H1_L002	ThomasAM_2019_c	HGKYWADXX_PG0662_245A0305_H1_L002	stool	CRC	CRC	59	adult	female	JPN	no	IlluminaHiSeq	30936548	32980110	4864004299	75	150	Giacomo_Damato;Paolo_Manghi	22.65625	1
2021-03-31.ThomasAM_2019_c.relative_abundance.HGKYWADXX_PG0662_249A0402_H1_L002	ThomasAM_2019_c	HGKYWADXX_PG0662_249A0402_H1_L002	stool	control	healthy	45	adult	male	JPN	no	IlluminaHiSeq	30936548	34579923	5107707126	75	150	Giacomo_Damato;Paolo_Manghi	23.9512265931195	0
2021-03-31.ThomasAM_2019_c.relative_abundance.HGKYWADXX_PG0662_255A0407_H1_L001	ThomasAM_2019_c	HGKYWADXX_PG0662_255A0407_H1_L001	stool	CRC	CRC	65	adult	male	JPN	no	IlluminaHiSeq	30936548	57290521	8421969551	75	150	Giacomo_Damato;Paolo_Manghi	21.3839419960573	1
2021-03-31.ThomasAM_2019_c.relative_abundance.HGKYWADXX_PG0662_259A0504_H1_L001	ThomasAM_2019_c	HGKYWADXX_PG0662_259A0504_H1_L001	stool	CRC	CRC	70	senior	male	JPN	no	IlluminaHiSeq	30936548	24661086	3625058781	75	150	Giacomo_Damato;Paolo_Manghi	18.9619274241523	1
2021-03-31.ThomasAM_2019_c.relative_abundance.HJK7MADXX_PG0783_04A0104_H1_L002	ThomasAM_2019_c	HJK7MADXX_PG0783_04A0104_H1_L002	stool	CRC	CRC	64	adult	male	JPN	no	IlluminaHiSeq	30936548	42299642	6233187350	75	150	Giacomo_Damato;Paolo_Manghi	23.1084345786212	1
2021-03-31.ThomasAM_2019_c.relative_abundance.HJK7MADXX_PG0783_24A0403_H1_L001	ThomasAM_2019_c	HJK7MADXX_PG0783_24A0403_H1_L001	stool	control	healthy	76	senior	male	JPN	no	IlluminaHiSeq	30936548	41722902	6154652868	75	150	Giacomo_Damato;Paolo_Manghi	21.7993079584775	0
2021-03-31.ThomasAM_2019_c.relative_abundance.HJK7NADXX_PG0783_110A0106_H1_L002	ThomasAM_2019_c	HJK7NADXX_PG0783_110A0106_H1_L002	stool	control	healthy	42	adult	female	JPN	no	IlluminaHiSeq	30936548	70495315	10370504159	75	150	Giacomo_Damato;Paolo_Manghi	25.5937370619895	0
2021-03-31.ThomasAM_2019_c.relative_abundance.HJK7NADXX_PG0783_128A0406_H1_L002	ThomasAM_2019_c	HJK7NADXX_PG0783_128A0406_H1_L002	stool	CRC	CRC	32	adult	female	JPN	no	IlluminaHiSeq	30936548	31362488	4610617009	75	150	Giacomo_Damato;Paolo_Manghi	22.3477820880418	1
2021-03-31.ThomasAM_2019_c.relative_abundance.HJK7VADXX_PG0783_22A0417_H1_L001	ThomasAM_2019_c	HJK7VADXX_PG0783_22A0417_H1_L001	stool	CRC	CRC	49	adult	female	JPN	no	IlluminaHiSeq	30936548	40678877	5959735682	75	150	Giacomo_Damato;Paolo_Manghi	19.3821446936434	1
2021-03-31.ThomasAM_2019_c.relative_abundance.HJK7VADXX_PG0783_23A0402_H1_L002	ThomasAM_2019_c	HJK7VADXX_PG0783_23A0402_H1_L002	stool	CRC	CRC	67	senior	female	JPN	no	IlluminaHiSeq	30936548	36611284	5355918440	75	150	Giacomo_Damato;Paolo_Manghi	20.1745537476426	1
2021-03-31.ThomasAM_2019_c.relative_abundance.HJK7VADXX_PG0783_31A0502_H1_L002	ThomasAM_2019_c	HJK7VADXX_PG0783_31A0502_H1_L002	stool	control	healthy	49	adult	female	JPN	no	IlluminaHiSeq	30936548	40211990	5915999540	75	150	Giacomo_Damato;Paolo_Manghi	22.3081499107674	0
2021-03-31.ThomasAM_2019_c.relative_abundance.HJKHJADXX_PG0783_75A0417_H1_L001	ThomasAM_2019_c	HJKHJADXX_PG0783_75A0417_H1_L001	stool	CRC	CRC	78	senior	male	JPN	no	IlluminaHiSeq	30936548	40492180	5973699847	75	150	Giacomo_Damato;Paolo_Manghi	25.9094569517874	1
2021-03-31.ThomasAM_2019_c.relative_abundance.HJKHJADXX_PG0783_98A0717_H1_L001	ThomasAM_2019_c	HJKHJADXX_PG0783_98A0717_H1_L001	stool	CRC	CRC	54	adult	female	JPN	no	IlluminaHiSeq	30936548	24779700	3652188908	75	150	Giacomo_Damato;Paolo_Manghi	20.5688066136624	1
2021-03-31.ThomasAM_2019_c.relative_abundance.HJKHTADXX_PG0783_55A0104_H1_L001	ThomasAM_2019_c	HJKHTADXX_PG0783_55A0104_H1_L001	stool	control	healthy	42	adult	male	JPN	no	IlluminaHiSeq	30936548	42003632	6174598304	75	150	Giacomo_Damato;Paolo_Manghi	26.1738325513103	0
2021-03-31.ThomasAM_2019_c.relative_abundance.HJKHTADXX_PG0783_65A0205_H1_L002	ThomasAM_2019_c	HJKHTADXX_PG0783_65A0205_H1_L002	stool	CRC	CRC	59	adult	female	JPN	no	IlluminaHiSeq	30936548	46652800	6844815395	75	150	Giacomo_Damato;Paolo_Manghi	20.956607495069	1
2021-03-31.ThomasAM_2019_c.relative_abundance.HJKJ2ADXX_PG0783_19A0305_H1_L001	ThomasAM_2019_c	HJKJ2ADXX_PG0783_19A0305_H1_L001	stool	control	healthy	40	adult	male	JPN	no	IlluminaHiSeq	30936548	42545246	6269767517	75	150	Giacomo_Damato;Paolo_Manghi	22.98190175237	0
2021-03-31.ThomasAM_2019_c.relative_abundance.HJKJ2ADXX_PG0783_27A0405_H1_L001	ThomasAM_2019_c	HJKJ2ADXX_PG0783_27A0405_H1_L001	stool	CRC	CRC	70	senior	male	JPN	no	IlluminaHiSeq	30936548	42197959	6214343372	75	150	Giacomo_Damato;Paolo_Manghi	24.2424242424242	1
2021-03-31.ThomasAM_2019_c.relative_abundance.HJKJJADXX_PG0783_14A0207_H1_L001	ThomasAM_2019_c	HJKJJADXX_PG0783_14A0207_H1_L001	stool	control	healthy	76	senior	male	JPN	no	IlluminaHiSeq	30936548	36568983	5396372862	75	150	Giacomo_Damato;Paolo_Manghi	25.9695290858726	0
2021-03-31.ThomasAM_2019_c.relative_abundance.HJKJJADXX_PG0783_92A0603_H1_L002	ThomasAM_2019_c	HJKJJADXX_PG0783_92A0603_H1_L002	stool	CRC	CRC	46	adult	female	JPN	no	IlluminaHiSeq	30936548	31822724	4688947953	75	150	Giacomo_Damato;Paolo_Manghi	17.4449267718772	1
2021-03-31.ThomasAM_2019_c.relative_abundance.HJKNLADXX_PG0783_67A0207_H1_L002	ThomasAM_2019_c	HJKNLADXX_PG0783_67A0207_H1_L002	stool	control	healthy	49	adult	female	JPN	no	IlluminaHiSeq	30936548	41478685	6111554309	75	150	Giacomo_Damato;Paolo_Manghi	21.2305720237141	0
2021-03-31.ThomasAM_2019_c.relative_abundance.HJKNLADXX_PG0783_82A0407_H1_L002	ThomasAM_2019_c	HJKNLADXX_PG0783_82A0407_H1_L002	stool	control	healthy	63	adult	male	JPN	no	IlluminaHiSeq	30936548	60127551	8849707571	75	150	Giacomo_Damato;Paolo_Manghi	22.0580511886839	0
2021-03-31.ThomasAM_2019_c.relative_abundance.HJKNLADXX_PG0783_89A0507_H1_L002	ThomasAM_2019_c	HJKNLADXX_PG0783_89A0507_H1_L002	stool	CRC	CRC	62	adult	male	JPN	no	IlluminaHiSeq	30936548	28065001	4132358579	75	150	Giacomo_Damato;Paolo_Manghi	25.5937370619895	1
2021-03-31.ThomasAM_2019_c.relative_abundance.HJKTNADXX_PG0783_113A0203_H1_L001	ThomasAM_2019_c	HJKTNADXX_PG0783_113A0203_H1_L001	stool	control	healthy	49	adult	male	JPN	no	IlluminaHiSeq	30936548	48649739	7159844852	75	150	Giacomo_Damato;Paolo_Manghi	27.3981756824485	0
2021-03-31.ThomasAM_2019_c.relative_abundance.HJKTNADXX_PG0783_132A0504_H1_L002	ThomasAM_2019_c	HJKTNADXX_PG0783_132A0504_H1_L002	stool	CRC	CRC	75	senior	female	JPN	no	IlluminaHiSeq	30936548	36890567	5403179147	75	150	Giacomo_Damato;Paolo_Manghi	22.2222222222222	1
2021-03-31.ThomasAM_2019_c.relative_abundance.HJKTNADXX_PG0783_145A0703_H1_L001	ThomasAM_2019_c	HJKTNADXX_PG0783_145A0703_H1_L001	stool	CRC	CRC	73	senior	female	JPN	no	IlluminaHiSeq	30936548	49742378	7264233751	75	150	Giacomo_Damato;Paolo_Manghi	20.5456936226167	1
2021-03-31.ThomasAM_2019_c.relative_abundance.HJKTNADXX_PG0783_147A0704_H1_L002	ThomasAM_2019_c	HJKTNADXX_PG0783_147A0704_H1_L002	stool	control	healthy	51	adult	male	JPN	no	IlluminaHiSeq	30936548	43456246	6376081747	75	150	Giacomo_Damato;Paolo_Manghi	28.3848021613488	0
2021-03-31.ThomasAM_2019_c.relative_abundance.mix1_N702-N505_CGTACTAG-GTAAGGAG	ThomasAM_2019_c	mix1_N702-N505_CGTACTAG-GTAAGGAG	stool	control	healthy	66	senior	female	JPN	no	IlluminaHiSeq	30936548	56699592	8092368865	75	150	Giacomo_Damato;Paolo_Manghi	25.4108996539792	0
2021-03-31.ThomasAM_2019_c.relative_abundance.mix2_N707-N503_CTCTCTAC-TATCCTCT	ThomasAM_2019_c	mix2_N707-N503_CTCTCTAC-TATCCTCT	stool	control	healthy	74	senior	male	JPN	no	IlluminaHiSeq	30936548	54782874	7892346245	75	150	Giacomo_Damato;Paolo_Manghi	20.6851502395123	0
2021-03-31.ThomasAM_2019_c.relative_abundance.mix2_N708-N504_CAGAGAGG-AGAGTAGA	ThomasAM_2019_c	mix2_N708-N504_CAGAGAGG-AGAGTAGA	stool	control	healthy	70	senior	male	JPN	no	IlluminaHiSeq	30936548	49237538	7167280424	75	150	Giacomo_Damato;Paolo_Manghi	23.6614386154678	0
2021-03-31.ThomasAM_2019_c.relative_abundance.mix2_N711-N504_AAGAGGCA-AGAGTAGA	ThomasAM_2019_c	mix2_N711-N504_AAGAGGCA-AGAGTAGA	stool	CRC	CRC	55	adult	male	JPN	no	IlluminaHiSeq	30936548	46519722	6692999180	75	150	Giacomo_Damato;Paolo_Manghi	24.5778671518401	1
2021-03-31.ThomasAM_2019_c.relative_abundance.mix20-N702-S501_CGTACTAG-TAGATCGC	ThomasAM_2019_c	mix20-N702-S501_CGTACTAG-TAGATCGC	stool	control	healthy	71	senior	female	JPN	no	IlluminaHiSeq	30936548	49830870	6545486895	75	149	Giacomo_Damato;Paolo_Manghi	18.0172064321427	0
2021-03-31.ThomasAM_2019_c.relative_abundance.mix21_mix22-N705-S502_GGACTCCT-CTCTCTAT	ThomasAM_2019_c	mix21_mix22-N705-S502_GGACTCCT-CTCTCTAT	stool	control	healthy	66	senior	male	JPN	no	IlluminaHiSeq	30936548	64394050	9052793608	75	150	Giacomo_Damato;Paolo_Manghi	23.6652443615762	0
2021-03-31.ThomasAM_2019_c.relative_abundance.mix23_mix24-N703-S503_AGGCAGAA-TATCCTCT	ThomasAM_2019_c	mix23_mix24-N703-S503_AGGCAGAA-TATCCTCT	stool	control	healthy	64	adult	female	JPN	no	IlluminaHiSeq	30936548	41531664	5927646089	75	150	Giacomo_Damato;Paolo_Manghi	23.191094619666	0
2021-03-31.ThomasAM_2019_c.relative_abundance.mix29_mix30-N710_CGAGGCTG	ThomasAM_2019_c	mix29_mix30-N710_CGAGGCTG	stool	control	healthy	44	adult	male	JPN	no	IlluminaHiSeq	30936548	36266354	5254404985	75	150	Giacomo_Damato;Paolo_Manghi	22.0521901834341	0
2021-03-31.ThomasAM_2019_c.relative_abundance.mix3_N705-N506_GGACTCCT-ACTGCATA	ThomasAM_2019_c	mix3_N705-N506_GGACTCCT-ACTGCATA	stool	CRC	CRC	69	senior	female	JPN	no	IlluminaHiSeq	30936548	38301340	5444567853	75	150	Giacomo_Damato;Paolo_Manghi	25.6369171607114	1
2021-03-31.ThomasAM_2019_c.relative_abundance.mix3_N706-N506_TAGGCATG-ACTGCATA	ThomasAM_2019_c	mix3_N706-N506_TAGGCATG-ACTGCATA	stool	control	healthy	73	senior	female	JPN	no	IlluminaHiSeq	30936548	52969206	7260060564	75	150	Giacomo_Damato;Paolo_Manghi	20.703125	0
2021-03-31.ThomasAM_2019_c.relative_abundance.mix3_N707-N505_CTCTCTAC-GTAAGGAG	ThomasAM_2019_c	mix3_N707-N505_CTCTCTAC-GTAAGGAG	stool	control	healthy	77	senior	female	JPN	no	IlluminaHiSeq	30936548	52466237	7476566924	75	150	Giacomo_Damato;Paolo_Manghi	23.6340330075308	0
2021-03-31.ThomasAM_2019_c.relative_abundance.mix31_mix32-N702-S506_CGTACTAG-ACTGCATA	ThomasAM_2019_c	mix31_mix32-N702-S506_CGTACTAG-ACTGCATA	stool	control	healthy	70	senior	male	JPN	no	IlluminaHiSeq	30936548	43863913	6244662788	75	150	Giacomo_Damato;Paolo_Manghi	25.7116620752984	0
2021-03-31.ThomasAM_2019_c.relative_abundance.mix31_mix32-N705-S506_GGACTCCT-ACTGCATA	ThomasAM_2019_c	mix31_mix32-N705-S506_GGACTCCT-ACTGCATA	stool	control	healthy	75	senior	male	JPN	no	IlluminaHiSeq	30936548	50912373	7188879827	75	150	Giacomo_Damato;Paolo_Manghi	22.3081499107674	0
2021-03-31.ThomasAM_2019_c.relative_abundance.mix33_mix34-N711-S506_AAGAGGCA-ACTGCATA	ThomasAM_2019_c	mix33_mix34-N711-S506_AAGAGGCA-ACTGCATA	stool	control	healthy	76	senior	male	JPN	no	IlluminaHiSeq	30936548	51991567	7361812201	75	150	Giacomo_Damato;Paolo_Manghi	23.7953599048186	0
2021-03-31.ThomasAM_2019_c.relative_abundance.mix33_mix34-N712-S506_GTAGAGGA-ACTGCATA	ThomasAM_2019_c	mix33_mix34-N712-S506_GTAGAGGA-ACTGCATA	stool	control	healthy	76	senior	male	JPN	no	IlluminaHiSeq	30936548	47914270	6786515087	75	150	Giacomo_Damato;Paolo_Manghi	25.8805706350208	0
2021-03-31.ThomasAM_2019_c.relative_abundance.mix35_mix36-N712-S507_GTAGAGGA-AAGGAGTA	ThomasAM_2019_c	mix35_mix36-N712-S507_GTAGAGGA-AAGGAGTA	stool	CRC	CRC	28	adult	male	JPN	no	IlluminaHiSeq	30936548	47285169	6814535752	75	150	Giacomo_Damato;Paolo_Manghi	26.2975778546713	1
2021-03-31.ThomasAM_2019_c.relative_abundance.mix6_N707-N504_CTCTCTAC-AGAGTAGA	ThomasAM_2019_c	mix6_N707-N504_CTCTCTAC-AGAGTAGA	stool	CRC	CRC	51	adult	male	JPN	no	IlluminaHiSeq	30936548	47992936	7013851963	75	150	Giacomo_Damato;Paolo_Manghi	20.7612456747405	1
2021-03-31.VogtmannE_2016.relative_abundance.MMRS11288076ST-27-0-0	VogtmannE_2016	MMRS11288076ST-27-0-0	stool	control	healthy	65	adult	male	USA	no	IlluminaHiSeq	27171425	67924141	5793273464	1	89	Paolo_Manghi	23.49075518	0
2021-03-31.VogtmannE_2016.relative_abundance.MMRS11932626ST-27-0-0	VogtmannE_2016	MMRS11932626ST-27-0-0	stool	control	healthy	65	adult	male	USA	no	IlluminaHiSeq	27171425	44412536	3583469911	5	85	Paolo_Manghi	29.5647689	0
2021-03-31.VogtmannE_2016.relative_abundance.MMRS12272136ST-27-0-0	VogtmannE_2016	MMRS12272136ST-27-0-0	stool	CRC	CRC	51	adult	male	USA	no	IlluminaHiSeq	27171425	67377964	5546605088	5	84	Paolo_Manghi	25.82185491	1
2021-03-31.VogtmannE_2016.relative_abundance.MMRS14379078ST-27-0-0	VogtmannE_2016	MMRS14379078ST-27-0-0	stool	CRC	CRC	53	adult	male	USA	no	IlluminaHiSeq	27171425	65466210	5623913419	2	88	Paolo_Manghi	25.01492195	1
2021-03-31.VogtmannE_2016.relative_abundance.MMRS14602194ST-27-0-0	VogtmannE_2016	MMRS14602194ST-27-0-0	stool	CRC	CRC	84	senior	female	USA	no	IlluminaHiSeq	27171425	79073471	6862241842	45	90	Paolo_Manghi	NA	1
2021-03-31.VogtmannE_2016.relative_abundance.MMRS15137911ST-27-0-0	VogtmannE_2016	MMRS15137911ST-27-0-0	stool	CRC	CRC	64	adult	female	USA	no	IlluminaHiSeq	27171425	63838533	5707928435	45	93	Paolo_Manghi	35.69921875	1
2021-03-31.VogtmannE_2016.relative_abundance.MMRS16644320ST-27-0-0	VogtmannE_2016	MMRS16644320ST-27-0-0	stool	CRC	CRC	53	adult	male	USA	no	IlluminaHiSeq	27171425	93511487	8347390931	45	93	Paolo_Manghi	27.89129141	1
2021-03-31.VogtmannE_2016.relative_abundance.MMRS17603756ST-27-0-0	VogtmannE_2016	MMRS17603756ST-27-0-0	stool	control	healthy	63	adult	female	USA	no	IlluminaHiSeq	27171425	73088108	6225130657	1	89	Paolo_Manghi	16.8251821	0
2021-03-31.VogtmannE_2016.relative_abundance.MMRS17963147ST-27-0-0	VogtmannE_2016	MMRS17963147ST-27-0-0	stool	control	healthy	69	senior	male	USA	no	IlluminaHiSeq	27171425	67350332	5570729597	1	90	Paolo_Manghi	24.06826297	0
2021-03-31.VogtmannE_2016.relative_abundance.MMRS18295921ST-27-0-0	VogtmannE_2016	MMRS18295921ST-27-0-0	stool	CRC	CRC	42	adult	male	USA	no	IlluminaHiSeq	27171425	73085334	6384855556	45	90	Paolo_Manghi	22.03412021	1
2021-03-31.VogtmannE_2016.relative_abundance.MMRS20257302ST-27-0-0	VogtmannE_2016	MMRS20257302ST-27-0-0	stool	control	healthy	62	adult	female	USA	no	IlluminaHiSeq	27171425	54403239	4649737800	45	90	Paolo_Manghi	20.6657128	0
2021-03-31.VogtmannE_2016.relative_abundance.MMRS21365932ST-27-0-0	VogtmannE_2016	MMRS21365932ST-27-0-0	stool	control	healthy	56	adult	male	USA	no	IlluminaHiSeq	27171425	72103979	6082232011	1	89	Paolo_Manghi	22.95510204	0
2021-03-31.VogtmannE_2016.relative_abundance.MMRS24340226ST-27-0-0	VogtmannE_2016	MMRS24340226ST-27-0-0	stool	CRC	CRC	70	senior	male	USA	no	IlluminaHiSeq	27171425	61178584	5032904033	1	89	Paolo_Manghi	25.05680552	1
2021-03-31.VogtmannE_2016.relative_abundance.MMRS25211151ST-27-0-0	VogtmannE_2016	MMRS25211151ST-27-0-0	stool	control	healthy	60	adult	female	USA	no	IlluminaHiSeq	27171425	63464027	5328950598	1	89	Paolo_Manghi	20.4660355	0
2021-03-31.VogtmannE_2016.relative_abundance.MMRS25641480ST-27-0-0	VogtmannE_2016	MMRS25641480ST-27-0-0	stool	CRC	CRC	54	adult	female	USA	no	IlluminaHiSeq	27171425	79793478	6848280508	45	90	Paolo_Manghi	23.49075518	1
2021-03-31.VogtmannE_2016.relative_abundance.MMRS29805707ST-27-0-0	VogtmannE_2016	MMRS29805707ST-27-0-0	stool	control	healthy	49	adult	male	USA	no	IlluminaHiSeq	27171425	71948103	5859991267	6	84	Paolo_Manghi	33.37837838	0
2021-03-31.VogtmannE_2016.relative_abundance.MMRS31306426ST-27-0-0	VogtmannE_2016	MMRS31306426ST-27-0-0	stool	CRC	CRC	73	senior	male	USA	no	IlluminaHiSeq	27171425	49768008	4060847857	1	89	Paolo_Manghi	25.82185491	1
2021-03-31.VogtmannE_2016.relative_abundance.MMRS32573774ST-27-0-0	VogtmannE_2016	MMRS32573774ST-27-0-0	stool	control	healthy	82	senior	male	USA	no	IlluminaHiSeq	27171425	73643733	6292002235	45	90	Paolo_Manghi	20.52443772	0
2021-03-31.VogtmannE_2016.relative_abundance.MMRS33294861ST-27-0-0	VogtmannE_2016	MMRS33294861ST-27-0-0	stool	control	healthy	48	adult	male	USA	no	IlluminaHiSeq	27171425	61747617	5212757345	2	88	Paolo_Manghi	23.08594483	0
2021-03-31.VogtmannE_2016.relative_abundance.MMRS34525504ST-27-0-0	VogtmannE_2016	MMRS34525504ST-27-0-0	stool	CRC	CRC	71	senior	male	USA	no	IlluminaHiSeq	27171425	51489547	4201649457	1	89	Paolo_Manghi	24.74359546	1
2021-03-31.VogtmannE_2016.relative_abundance.MMRS34569532ST-27-0-0	VogtmannE_2016	MMRS34569532ST-27-0-0	stool	control	healthy	72	senior	male	USA	no	IlluminaHiSeq	27171425	63114287	5357791641	1	89	Paolo_Manghi	23.14977187	0
2021-03-31.VogtmannE_2016.relative_abundance.MMRS35808664ST-27-0-0	VogtmannE_2016	MMRS35808664ST-27-0-0	stool	control	healthy	63	adult	male	USA	no	IlluminaHiSeq	27171425	80491711	6946982549	45	90	Paolo_Manghi	31.58108108	0
2021-03-31.VogtmannE_2016.relative_abundance.MMRS36405092ST-27-0-0	VogtmannE_2016	MMRS36405092ST-27-0-0	stool	control	healthy	48	adult	male	USA	no	IlluminaHiSeq	27171425	55086587	4746633428	45	90	Paolo_Manghi	26.39836735	0
2021-03-31.VogtmannE_2016.relative_abundance.MMRS38861560ST-27-0-0	VogtmannE_2016	MMRS38861560ST-27-0-0	stool	control	healthy	76	senior	female	USA	no	IlluminaHiSeq	27171425	74602745	6492491491	45	91	Paolo_Manghi	22.14870825	0
2021-03-31.VogtmannE_2016.relative_abundance.MMRS38954404ST-27-0-0	VogtmannE_2016	MMRS38954404ST-27-0-0	stool	control	healthy	55	adult	female	USA	no	IlluminaHiSeq	27171425	76618106	6583392217	45	90	Paolo_Manghi	23.80489116	0
2021-03-31.VogtmannE_2016.relative_abundance.MMRS39415781ST-27-0-0	VogtmannE_2016	MMRS39415781ST-27-0-0	stool	control	healthy	70	senior	female	USA	no	IlluminaHiSeq	27171425	75955648	6478563154	1	89	Paolo_Manghi	28.6191716	0
2021-03-31.VogtmannE_2016.relative_abundance.MMRS39582183ST-27-0-0	VogtmannE_2016	MMRS39582183ST-27-0-0	stool	control	healthy	39	adult	male	USA	no	IlluminaHiSeq	27171425	60689081	5259440959	45	90	Paolo_Manghi	23.46045525	0
2021-03-31.VogtmannE_2016.relative_abundance.MMRS40913371ST-27-0-0	VogtmannE_2016	MMRS40913371ST-27-0-0	stool	control	healthy	76	senior	female	USA	no	IlluminaHiSeq	27171425	74921012	6430241030	45	89	Paolo_Manghi	26.88371488	0
2021-03-31.VogtmannE_2016.relative_abundance.MMRS41266697ST-27-0-0	VogtmannE_2016	MMRS41266697ST-27-0-0	stool	CRC	CRC	54	adult	female	USA	no	IlluminaHiSeq	27171425	63316536	5395765960	1	89	Paolo_Manghi	24.02119377	1
2021-03-31.VogtmannE_2016.relative_abundance.MMRS41711735ST-27-0-0	VogtmannE_2016	MMRS41711735ST-27-0-0	stool	CRC	CRC	58	adult	male	USA	no	IlluminaHiSeq	27171425	46357715	3741842627	1	89	Paolo_Manghi	21.10714956	1
2021-03-31.VogtmannE_2016.relative_abundance.MMRS42780924ST-27-0-0	VogtmannE_2016	MMRS42780924ST-27-0-0	stool	CRC	CRC	65	adult	male	USA	no	IlluminaHiSeq	27171425	142022929	12194557586	45	90	Paolo_Manghi	31.37770284	1
2021-03-31.VogtmannE_2016.relative_abundance.MMRS43563715ST-27-0-0	VogtmannE_2016	MMRS43563715ST-27-0-0	stool	CRC	CRC	71	senior	male	USA	no	IlluminaHiSeq	27171425	64152902	5506905773	45	90	Paolo_Manghi	22.59168242	1
2021-03-31.VogtmannE_2016.relative_abundance.MMRS43939546ST-27-0-0	VogtmannE_2016	MMRS43939546ST-27-0-0	stool	CRC	CRC	63	adult	female	USA	no	IlluminaHiSeq	27171425	82888126	7111161104	1	89	Paolo_Manghi	25.68279164	1
2021-03-31.VogtmannE_2016.relative_abundance.MMRS44197125ST-27-0-0	VogtmannE_2016	MMRS44197125ST-27-0-0	stool	CRC	CRC	40	adult	male	USA	no	IlluminaHiSeq	27171425	42592308	3816468984	45	94	Paolo_Manghi	17.43205713	1
2021-03-31.VogtmannE_2016.relative_abundance.MMRS44203591ST-27-0-0	VogtmannE_2016	MMRS44203591ST-27-0-0	stool	CRC	CRC	59	adult	female	USA	no	IlluminaHiSeq	27171425	49488216	4085910732	1	89	Paolo_Manghi	20.36911061	1
2021-03-31.VogtmannE_2016.relative_abundance.MMRS44587603ST-27-0-0	VogtmannE_2016	MMRS44587603ST-27-0-0	stool	CRC	CRC	66	senior	female	USA	no	IlluminaHiSeq	27171425	51105550	4466195763	45	90	Paolo_Manghi	31.47038567	1
2021-03-31.VogtmannE_2016.relative_abundance.MMRS47662059ST-27-0-0	VogtmannE_2016	MMRS47662059ST-27-0-0	stool	CRC	CRC	74	senior	male	USA	no	IlluminaHiSeq	27171425	51672949	4190960110	1	89	Paolo_Manghi	23.59606481	1
2021-03-31.VogtmannE_2016.relative_abundance.MMRS47685461ST-27-0-0	VogtmannE_2016	MMRS47685461ST-27-0-0	stool	CRC	CRC	67	senior	male	USA	no	IlluminaHiSeq	27171425	69825150	5982293477	45	90	Paolo_Manghi	33.19722222	1
2021-03-31.VogtmannE_2016.relative_abundance.MMRS51307502ST-27-0-0	VogtmannE_2016	MMRS51307502ST-27-0-0	stool	control	healthy	45	adult	female	USA	no	IlluminaHiSeq	27171425	54790854	4596748294	45	90	Paolo_Manghi	22.6187877	0
2021-03-31.VogtmannE_2016.relative_abundance.MMRS51410669ST-27-0-0	VogtmannE_2016	MMRS51410669ST-27-0-0	stool	CRC	CRC	65	adult	male	USA	no	IlluminaHiSeq	27171425	69018505	5988805029	45	90	Paolo_Manghi	21.14167966	1
2021-03-31.VogtmannE_2016.relative_abundance.MMRS51728985ST-27-0-0	VogtmannE_2016	MMRS51728985ST-27-0-0	stool	CRC	CRC	61	adult	male	USA	no	IlluminaHiSeq	27171425	4117168	351027527	1	89	Paolo_Manghi	24.40972222	1
2021-03-31.VogtmannE_2016.relative_abundance.MMRS51737257ST-27-0-0	VogtmannE_2016	MMRS51737257ST-27-0-0	stool	control	healthy	63	adult	male	USA	no	IlluminaHiSeq	27171425	91314946	7768037598	1	89	Paolo_Manghi	25.38107518	0
2021-03-31.VogtmannE_2016.relative_abundance.MMRS54246132ST-27-0-0	VogtmannE_2016	MMRS54246132ST-27-0-0	stool	control	healthy	63	adult	male	USA	no	IlluminaHiSeq	27171425	73146538	6218351585	45	90	Paolo_Manghi	23.96057028	0
2021-03-31.VogtmannE_2016.relative_abundance.MMRS54316675ST-27-0-0	VogtmannE_2016	MMRS54316675ST-27-0-0	stool	CRC	CRC	55	adult	male	USA	no	IlluminaHiSeq	27171425	65561539	5552253678	1	89	Paolo_Manghi	29.64641003	1
2021-03-31.VogtmannE_2016.relative_abundance.MMRS55294627ST-27-0-0	VogtmannE_2016	MMRS55294627ST-27-0-0	stool	CRC	CRC	43	adult	male	USA	no	IlluminaHiSeq	27171425	74831192	6496395167	45	90	Paolo_Manghi	32.02555556	1
2021-03-31.VogtmannE_2016.relative_abundance.MMRS56137463ST-27-0-0	VogtmannE_2016	MMRS56137463ST-27-0-0	stool	control	healthy	51	adult	male	USA	no	IlluminaHiSeq	27171425	74022262	6032135552	6	84	Paolo_Manghi	24.80655325	0
2021-03-31.VogtmannE_2016.relative_abundance.MMRS57276462ST-27-0-0	VogtmannE_2016	MMRS57276462ST-27-0-0	stool	control	healthy	67	senior	male	USA	no	IlluminaHiSeq	27171425	67962913	5628908369	5	85	Paolo_Manghi	30.50206612	0
2021-03-31.VogtmannE_2016.relative_abundance.MMRS57569834ST-27-0-0	VogtmannE_2016	MMRS57569834ST-27-0-0	stool	control	healthy	58	adult	male	USA	no	IlluminaHiSeq	27171425	64453684	5572277177	1	89	Paolo_Manghi	24.53076217	0
2021-03-31.VogtmannE_2016.relative_abundance.MMRS59699117ST-27-0-0	VogtmannE_2016	MMRS59699117ST-27-0-0	stool	CRC	CRC	85	senior	male	USA	no	IlluminaHiSeq	27171425	46687897	4035015942	45	90	Paolo_Manghi	22.8049308	1
2021-03-31.VogtmannE_2016.relative_abundance.MMRS61683006ST-27-0-0	VogtmannE_2016	MMRS61683006ST-27-0-0	stool	control	healthy	62	adult	female	USA	no	IlluminaHiSeq	27171425	103681940	9042997520	45	90	Paolo_Manghi	25.82185491	0
2021-03-31.VogtmannE_2016.relative_abundance.MMRS62192467ST-27-0-0	VogtmannE_2016	MMRS62192467ST-27-0-0	stool	control	healthy	70	senior	female	USA	no	IlluminaHiSeq	27171425	65000414	5271237884	6	84	Paolo_Manghi	31.17307175	0
2021-03-31.VogtmannE_2016.relative_abundance.MMRS62376181ST-27-0-0	VogtmannE_2016	MMRS62376181ST-27-0-0	stool	CRC	CRC	69	senior	female	USA	no	IlluminaHiSeq	27171425	74664715	6044911124	6	84	Paolo_Manghi	20.79881657	1
2021-03-31.VogtmannE_2016.relative_abundance.MMRS62666492ST-27-0-0	VogtmannE_2016	MMRS62666492ST-27-0-0	stool	control	healthy	60	adult	male	USA	no	IlluminaHiSeq	27171425	53874212	4567726128	1	89	Paolo_Manghi	33.42836735	0
2021-03-31.VogtmannE_2016.relative_abundance.MMRS64281211ST-27-0-0	VogtmannE_2016	MMRS64281211ST-27-0-0	stool	CRC	CRC	71	senior	male	USA	no	IlluminaHiSeq	27171425	83394204	7182289591	45	90	Paolo_Manghi	27.83306122	1
2021-03-31.VogtmannE_2016.relative_abundance.MMRS64281551ST-27-0-0	VogtmannE_2016	MMRS64281551ST-27-0-0	stool	control	healthy	63	adult	female	USA	no	IlluminaHiSeq	27171425	63172677	5165640049	5	84	Paolo_Manghi	28.3190918	0
2021-03-31.VogtmannE_2016.relative_abundance.MMRS65205033ST-27-0-0	VogtmannE_2016	MMRS65205033ST-27-0-0	stool	CRC	CRC	89	senior	female	USA	no	IlluminaHiSeq	27171425	49635258	4238286126	45	89	Paolo_Manghi	22.67170572	1
2021-03-31.VogtmannE_2016.relative_abundance.MMRS65742083ST-27-0-0	VogtmannE_2016	MMRS65742083ST-27-0-0	stool	control	healthy	63	adult	male	USA	no	IlluminaHiSeq	27171425	74418717	6285843246	1	89	Paolo_Manghi	24.77702703	0
2021-03-31.VogtmannE_2016.relative_abundance.MMRS65862658ST-27-0-0	VogtmannE_2016	MMRS65862658ST-27-0-0	stool	control	healthy	72	senior	male	USA	no	IlluminaHiSeq	27171425	70153826	6016069815	45	90	Paolo_Manghi	23.6252888	0
2021-03-31.VogtmannE_2016.relative_abundance.MMRS65945127ST-27-0-0	VogtmannE_2016	MMRS65945127ST-27-0-0	stool	CRC	CRC	65	adult	male	USA	no	IlluminaHiSeq	27171425	72466830	6219484929	45	90	Paolo_Manghi	32.07498512	1
2021-03-31.VogtmannE_2016.relative_abundance.MMRS66868025ST-27-0-0	VogtmannE_2016	MMRS66868025ST-27-0-0	stool	control	healthy	58	adult	male	USA	no	IlluminaHiSeq	27171425	62429661	5325670657	45	91	Paolo_Manghi	26.77563975	0
2021-03-31.VogtmannE_2016.relative_abundance.MMRS67096717ST-27-0-0	VogtmannE_2016	MMRS67096717ST-27-0-0	stool	control	healthy	79	senior	male	USA	no	IlluminaHiSeq	27171425	46356517	3665192704	5	85	Paolo_Manghi	35.18432617	0
2021-03-31.VogtmannE_2016.relative_abundance.MMRS67247116ST-27-0-0	VogtmannE_2016	MMRS67247116ST-27-0-0	stool	CRC	CRC	53	adult	male	USA	no	IlluminaHiSeq	27171425	97849642	8365936200	1	89	Paolo_Manghi	25.39408163	1
2021-03-31.VogtmannE_2016.relative_abundance.MMRS68630931ST-27-0-0	VogtmannE_2016	MMRS68630931ST-27-0-0	stool	control	healthy	59	adult	male	USA	no	IlluminaHiSeq	27171425	65907709	5699453439	45	90	Paolo_Manghi	23.61596345	0
2021-03-31.VogtmannE_2016.relative_abundance.MMRS68910755ST-27-0-0	VogtmannE_2016	MMRS68910755ST-27-0-0	stool	CRC	CRC	83	senior	female	USA	no	IlluminaHiSeq	27171425	70008154	6241970109	45	93	Paolo_Manghi	16.8251821	1
2021-03-31.VogtmannE_2016.relative_abundance.MMRS71762412ST-27-0-0	VogtmannE_2016	MMRS71762412ST-27-0-0	stool	CRC	CRC	44	adult	male	USA	no	IlluminaHiSeq	27171425	68271684	6063509780	45	93	Paolo_Manghi	23.36486486	1
2021-03-31.VogtmannE_2016.relative_abundance.MMRS72802364ST-27-0-0	VogtmannE_2016	MMRS72802364ST-27-0-0	stool	CRC	CRC	74	senior	male	USA	no	IlluminaHiSeq	27171425	70941068	6093136794	45	90	Paolo_Manghi	NA	1
2021-03-31.VogtmannE_2016.relative_abundance.MMRS72980899ST-27-0-0	VogtmannE_2016	MMRS72980899ST-27-0-0	stool	CRC	CRC	63	adult	male	USA	no	IlluminaHiSeq	27171425	73684315	6279219480	1	89	Paolo_Manghi	21.25472411	1
2021-03-31.VogtmannE_2016.relative_abundance.MMRS73787048ST-27-0-0	VogtmannE_2016	MMRS73787048ST-27-0-0	stool	control	healthy	47	adult	male	USA	no	IlluminaHiSeq	27171425	75215034	6317074880	2	88	Paolo_Manghi	24.40487998	0
2021-03-31.VogtmannE_2016.relative_abundance.MMRS77018926ST-27-0-0	VogtmannE_2016	MMRS77018926ST-27-0-0	stool	CRC	CRC	40	adult	male	USA	no	IlluminaHiSeq	27171425	78074014	6671604868	45	91	Paolo_Manghi	23.73444192	1
2021-03-31.VogtmannE_2016.relative_abundance.MMRS77321055ST-27-0-0	VogtmannE_2016	MMRS77321055ST-27-0-0	stool	CRC	CRC	31	adult	male	USA	no	IlluminaHiSeq	27171425	66701830	5697551532	1	89	Paolo_Manghi	19.64189189	1
2021-03-31.VogtmannE_2016.relative_abundance.MMRS77487595ST-27-0-0	VogtmannE_2016	MMRS77487595ST-27-0-0	stool	CRC	CRC	78	senior	male	USA	no	IlluminaHiSeq	27171425	66299017	5623135530	45	90	Paolo_Manghi	22.55112497	1
2021-03-31.VogtmannE_2016.relative_abundance.MMRS78791111ST-27-0-0	VogtmannE_2016	MMRS78791111ST-27-0-0	stool	CRC	CRC	65	adult	male	USA	no	IlluminaHiSeq	27171425	66262955	5672062108	45	90	Paolo_Manghi	24.32525952	1
2021-03-31.VogtmannE_2016.relative_abundance.MMRS79893829ST-27-0-0	VogtmannE_2016	MMRS79893829ST-27-0-0	stool	control	healthy	66	senior	male	USA	no	IlluminaHiSeq	27171425	50521344	4082068611	1	89	Paolo_Manghi	28.20679012	0
2021-03-31.VogtmannE_2016.relative_abundance.MMRS80093644ST-27-0-0	VogtmannE_2016	MMRS80093644ST-27-0-0	stool	CRC	CRC	31	adult	male	USA	no	IlluminaHiSeq	27171425	54735621	4661241979	45	90	Paolo_Manghi	19.57562932	1
2021-03-31.VogtmannE_2016.relative_abundance.MMRS81130264ST-27-0-0	VogtmannE_2016	MMRS81130264ST-27-0-0	stool	control	healthy	64	adult	male	USA	no	IlluminaHiSeq	27171425	69352349	6039626590	45	90	Paolo_Manghi	32.35389804	0
2021-03-31.VogtmannE_2016.relative_abundance.MMRS81135225ST-27-0-0	VogtmannE_2016	MMRS81135225ST-27-0-0	stool	control	healthy	57	adult	male	USA	no	IlluminaHiSeq	27171425	76074265	6486653317	1	89	Paolo_Manghi	25.10714286	0
2021-03-31.VogtmannE_2016.relative_abundance.MMRS81194191ST-27-0-0	VogtmannE_2016	MMRS81194191ST-27-0-0	stool	CRC	CRC	54	adult	male	USA	no	IlluminaHiSeq	27171425	54681123	4706882156	45	90	Paolo_Manghi	18.55945822	1
2021-03-31.VogtmannE_2016.relative_abundance.MMRS81671217ST-27-0-0	VogtmannE_2016	MMRS81671217ST-27-0-0	stool	CRC	CRC	57	adult	male	USA	no	IlluminaHiSeq	27171425	78372857	6677939705	1	89	Paolo_Manghi	26.38393695	1
2021-03-31.VogtmannE_2016.relative_abundance.MMRS84085284ST-27-0-0	VogtmannE_2016	MMRS84085284ST-27-0-0	stool	control	healthy	68	senior	male	USA	no	IlluminaHiSeq	27171425	66511048	5337802561	6	84	Paolo_Manghi	22.14870825	0
2021-03-31.VogtmannE_2016.relative_abundance.MMRS84159866ST-27-0-0	VogtmannE_2016	MMRS84159866ST-27-0-0	stool	control	healthy	67	senior	female	USA	no	IlluminaHiSeq	27171425	70787136	6063034193	45	90	Paolo_Manghi	18.63573965	0
2021-03-31.VogtmannE_2016.relative_abundance.MMRS84954772ST-27-0-0	VogtmannE_2016	MMRS84954772ST-27-0-0	stool	CRC	CRC	56	adult	male	USA	no	IlluminaHiSeq	27171425	78612846	6632142593	2	88	Paolo_Manghi	25.82185491	1
2021-03-31.VogtmannE_2016.relative_abundance.MMRS85382779ST-27-0-0	VogtmannE_2016	MMRS85382779ST-27-0-0	stool	CRC	CRC	66	senior	male	USA	no	IlluminaHiSeq	27171425	61382639	5352675319	45	90	Paolo_Manghi	21.56756757	1
2021-03-31.VogtmannE_2016.relative_abundance.MMRS85438660ST-27-0-0	VogtmannE_2016	MMRS85438660ST-27-0-0	stool	control	healthy	68	senior	male	USA	no	IlluminaHiSeq	27171425	69808730	5863306918	2	88	Paolo_Manghi	23.01031541	0
2021-03-31.VogtmannE_2016.relative_abundance.MMRS85548821ST-27-0-0	VogtmannE_2016	MMRS85548821ST-27-0-0	stool	control	healthy	71	senior	male	USA	no	IlluminaHiSeq	27171425	63845256	5557432761	45	90	Paolo_Manghi	23.24204082	0
2021-03-31.VogtmannE_2016.relative_abundance.MMRS86168210ST-27-0-0	VogtmannE_2016	MMRS86168210ST-27-0-0	stool	control	healthy	79	senior	male	USA	no	IlluminaHiSeq	27171425	53381849	4658583485	45	93	Paolo_Manghi	21.28460208	0
2021-03-31.VogtmannE_2016.relative_abundance.MMRS86178473ST-27-0-0	VogtmannE_2016	MMRS86178473ST-27-0-0	stool	CRC	CRC	65	adult	male	USA	no	IlluminaHiSeq	27171425	67156071	5720982232	1	89	Paolo_Manghi	25.10216227	1
2021-03-31.VogtmannE_2016.relative_abundance.MMRS86958796ST-27-0-0	VogtmannE_2016	MMRS86958796ST-27-0-0	stool	CRC	CRC	55	adult	female	USA	no	IlluminaHiSeq	27171425	50955911	4185665260	1	90	Paolo_Manghi	31.61420118	1
2021-03-31.VogtmannE_2016.relative_abundance.MMRS87723283ST-27-0-0	VogtmannE_2016	MMRS87723283ST-27-0-0	stool	control	healthy	42	adult	male	USA	no	IlluminaHiSeq	27171425	76214251	6500263337	1	89	Paolo_Manghi	27.6123785	0
2021-03-31.VogtmannE_2016.relative_abundance.MMRS88581325ST-27-0-0	VogtmannE_2016	MMRS88581325ST-27-0-0	stool	control	healthy	73	senior	female	USA	no	IlluminaHiSeq	27171425	63842935	5554857561	45	90	Paolo_Manghi	23.92060491	0
2021-03-31.VogtmannE_2016.relative_abundance.MMRS90191266ST-27-0-0	VogtmannE_2016	MMRS90191266ST-27-0-0	stool	CRC	CRC	37	adult	male	USA	no	IlluminaHiSeq	27171425	65757163	5498902077	2	88	Paolo_Manghi	22.50086505	1
2021-03-31.VogtmannE_2016.relative_abundance.MMRS91297590ST-27-0-0	VogtmannE_2016	MMRS91297590ST-27-0-0	stool	control	healthy	36	adult	male	USA	no	IlluminaHiSeq	27171425	53750027	4367662855	1	89	Paolo_Manghi	21.33683793	0
2021-03-31.VogtmannE_2016.relative_abundance.MMRS92544445ST-27-0-0	VogtmannE_2016	MMRS92544445ST-27-0-0	stool	CRC	CRC	72	senior	female	USA	no	IlluminaHiSeq	27171425	77094842	6621113804	45	90	Paolo_Manghi	27.79812695	1
2021-03-31.VogtmannE_2016.relative_abundance.MMRS92546335ST-27-0-0	VogtmannE_2016	MMRS92546335ST-27-0-0	stool	control	healthy	42	adult	female	USA	no	IlluminaHiSeq	27171425	46608524	3731748843	2	88	Paolo_Manghi	27.2055899	0
2021-03-31.VogtmannE_2016.relative_abundance.MMRS93508324ST-27-0-0	VogtmannE_2016	MMRS93508324ST-27-0-0	stool	CRC	CRC	71	senior	female	USA	no	IlluminaHiSeq	27171425	66116247	5657915436	45	90	Paolo_Manghi	NA	1
2021-03-31.VogtmannE_2016.relative_abundance.MMRS93621581ST-27-0-0	VogtmannE_2016	MMRS93621581ST-27-0-0	stool	control	healthy	60	adult	male	USA	no	IlluminaHiSeq	27171425	84120338	7252089612	45	90	Paolo_Manghi	23.12088889	0
2021-03-31.VogtmannE_2016.relative_abundance.MMRS94549160ST-27-0-0	VogtmannE_2016	MMRS94549160ST-27-0-0	stool	control	healthy	76	senior	male	USA	no	IlluminaHiSeq	27171425	70772737	6102492593	45	90	Paolo_Manghi	23.81591837	0
2021-03-31.VogtmannE_2016.relative_abundance.MMRS95277876ST-27-0-0	VogtmannE_2016	MMRS95277876ST-27-0-0	stool	control	healthy	48	adult	male	USA	no	IlluminaHiSeq	27171425	40050229	3416777496	45	89	Paolo_Manghi	21.52040816	0
2021-03-31.VogtmannE_2016.relative_abundance.MMRS95479054ST-27-0-0	VogtmannE_2016	MMRS95479054ST-27-0-0	stool	control	healthy	45	adult	male	USA	no	IlluminaHiSeq	27171425	71670402	5837169628	5	85	Paolo_Manghi	24.36357908	0
2021-03-31.VogtmannE_2016.relative_abundance.MMRS95674036ST-27-0-0	VogtmannE_2016	MMRS95674036ST-27-0-0	stool	control	healthy	68	senior	female	USA	no	IlluminaHiSeq	27171425	45900502	3908205455	1	89	Paolo_Manghi	38.37115771	0
2021-03-31.VogtmannE_2016.relative_abundance.MMRS96422329ST-27-0-0	VogtmannE_2016	MMRS96422329ST-27-0-0	stool	CRC	CRC	66	senior	male	USA	no	IlluminaHiSeq	27171425	48055011	4141839835	45	90	Paolo_Manghi	22.31303313	1
2021-03-31.VogtmannE_2016.relative_abundance.MMRS97052561ST-27-0-0	VogtmannE_2016	MMRS97052561ST-27-0-0	stool	CRC	CRC	69	senior	female	USA	no	IlluminaHiSeq	27171425	87071216	7473988352	45	90	Paolo_Manghi	27.75971435	1
2021-03-31.VogtmannE_2016.relative_abundance.MMRS97307143ST-27-0-0	VogtmannE_2016	MMRS97307143ST-27-0-0	stool	control	healthy	56	adult	male	USA	no	IlluminaHiSeq	27171425	63476444	5333346730	1	89	Paolo_Manghi	22.70773001	0
2021-03-31.VogtmannE_2016.relative_abundance.MMRS97327636ST-27-0-0	VogtmannE_2016	MMRS97327636ST-27-0-0	stool	CRC	CRC	84	senior	male	USA	no	IlluminaHiSeq	27171425	59648832	4852225968	5	85	Paolo_Manghi	23.47763075	1
2021-03-31.VogtmannE_2016.relative_abundance.MMRS99045180ST-27-0-0	VogtmannE_2016	MMRS99045180ST-27-0-0	stool	CRC	CRC	67	senior	female	USA	no	IlluminaHiSeq	27171425	43709835	3764480856	45	90	Paolo_Manghi	30.03540039	1
2021-03-31.WirbelJ_2018.relative_abundance.CCMD10032470ST-11-0	WirbelJ_2018	CCMD10032470ST-11-0	stool	control	healthy	45	adult	male	DEU	no	IlluminaHiSeq	30936547	37708359	4639213592	45	139	Jacob_Wirbel;Paolo_Manghi	30.7	0
2021-03-31.WirbelJ_2018.relative_abundance.CCMD10191450ST-11-0	WirbelJ_2018	CCMD10191450ST-11-0	stool	control	healthy	62	adult	female	DEU	no	IlluminaHiSeq	30936547	34952407	4351849639	45	140	Jacob_Wirbel;Paolo_Manghi	28.5	0
2021-03-31.WirbelJ_2018.relative_abundance.CCMD11006829ST-21-0	WirbelJ_2018	CCMD11006829ST-21-0	stool	CRC	CRC	42	adult	female	DEU	no	IlluminaHiSeq	30936547	83456496	7310970279	45	94	Paolo_Manghi	35	1
2021-03-31.WirbelJ_2018.relative_abundance.CCMD12232071ST-21-0	WirbelJ_2018	CCMD12232071ST-21-0	stool	CRC	CRC	75	senior	male	DEU	no	IlluminaHiSeq	30936547	65269931	5370021950	2	88	Paolo_Manghi	28	1
2021-03-31.WirbelJ_2018.relative_abundance.CCMD13071240ST-21-0	WirbelJ_2018	CCMD13071240ST-21-0	stool	CRC	CRC	66	senior	female	DEU	no	IlluminaHiSeq	30936547	63427722	5486983593	45	93	Paolo_Manghi	23	1
2021-03-31.WirbelJ_2018.relative_abundance.CCMD13934959ST-21-0	WirbelJ_2018	CCMD13934959ST-21-0	stool	CRC	CRC	56	adult	male	DEU	no	IlluminaHiSeq	30936547	36979669	3186342244	45	93	Paolo_Manghi	27	1
2021-03-31.WirbelJ_2018.relative_abundance.CCMD14479708ST-21-0	WirbelJ_2018	CCMD14479708ST-21-0	stool	CRC	CRC	74	senior	male	DEU	no	IlluminaHiSeq	30936547	65475493	5637718108	45	92	Paolo_Manghi	26	1
2021-03-31.WirbelJ_2018.relative_abundance.CCMD15562448ST-11-0	WirbelJ_2018	CCMD15562448ST-11-0	stool	control	healthy	74	senior	male	DEU	no	IlluminaHiSeq	30936547	34087455	4227123245	45	139	Jacob_Wirbel;Paolo_Manghi	22.9	0
2021-03-31.WirbelJ_2018.relative_abundance.CCMD17410933ST-11-0	WirbelJ_2018	CCMD17410933ST-11-0	stool	control	healthy	59	adult	female	DEU	no	IlluminaHiSeq	30936547	47437840	5908657135	45	140	Jacob_Wirbel;Paolo_Manghi	22.5	0
2021-03-31.WirbelJ_2018.relative_abundance.CCMD18579000ST-11-0	WirbelJ_2018	CCMD18579000ST-11-0	stool	control	healthy	59	adult	female	DEU	no	IlluminaHiSeq	30936547	32440106	3841428856	45	135	Jacob_Wirbel;Paolo_Manghi	22.7	0
2021-03-31.WirbelJ_2018.relative_abundance.CCMD18829815ST-11-0	WirbelJ_2018	CCMD18829815ST-11-0	stool	control	healthy	62	adult	female	DEU	no	IlluminaHiSeq	30936547	34435904	4103990976	45	138	Jacob_Wirbel;Paolo_Manghi	27	0
2021-03-31.WirbelJ_2018.relative_abundance.CCMD18872694ST-21-0	WirbelJ_2018	CCMD18872694ST-21-0	stool	CRC	CRC	63	adult	male	DEU	no	IlluminaHiSeq	30936547	55300211	4780095276	45	93	Paolo_Manghi	25	1
2021-03-31.WirbelJ_2018.relative_abundance.CCMD19168690ST-11-0	WirbelJ_2018	CCMD19168690ST-11-0	stool	CRC	CRC	63	adult	female	DEU	no	IlluminaHiSeq	30936547	26544429	3184004938	45	138	Jacob_Wirbel;Paolo_Manghi	25.8	1
2021-03-31.WirbelJ_2018.relative_abundance.CCMD19497912ST-21-0	WirbelJ_2018	CCMD19497912ST-21-0	stool	CRC	CRC	53	adult	female	DEU	no	IlluminaHiSeq	30936547	63611916	5295778184	1	89	Paolo_Manghi	32	1
2021-03-31.WirbelJ_2018.relative_abundance.CCMD21593359ST-11-0	WirbelJ_2018	CCMD21593359ST-11-0	stool	CRC	CRC	85	senior	female	DEU	no	IlluminaHiSeq	30936547	75884855	7831308075	45	113	Jacob_Wirbel;Paolo_Manghi	19.7	1
2021-03-31.WirbelJ_2018.relative_abundance.CCMD21703880ST-11-0	WirbelJ_2018	CCMD21703880ST-11-0	stool	CRC	CRC	80	senior	male	DEU	no	IlluminaHiSeq	30936547	78839980	7813872056	45	108	Jacob_Wirbel;Paolo_Manghi	28.4	1
2021-03-31.WirbelJ_2018.relative_abundance.CCMD22852639ST-11-0	WirbelJ_2018	CCMD22852639ST-11-0	stool	control	healthy	50	adult	female	DEU	no	IlluminaHiSeq	30936547	40833762	5070894772	45	141	Jacob_Wirbel;Paolo_Manghi	23.4	0
2021-03-31.WirbelJ_2018.relative_abundance.CCMD23101338ST-21-0	WirbelJ_2018	CCMD23101338ST-21-0	stool	CRC	CRC	69	senior	male	DEU	no	IlluminaHiSeq	30936547	84964410	7289969024	45	92	Paolo_Manghi	28	1
2021-03-31.WirbelJ_2018.relative_abundance.CCMD23541216ST-11-0	WirbelJ_2018	CCMD23541216ST-11-0	stool	control	healthy	61	adult	male	DEU	no	IlluminaHiSeq	30936547	26798255	3243885354	45	138	Jacob_Wirbel;Paolo_Manghi	29.9	0
2021-03-31.WirbelJ_2018.relative_abundance.CCMD25475945ST-11-0	WirbelJ_2018	CCMD25475945ST-11-0	stool	control	healthy	59	adult	female	DEU	no	IlluminaHiSeq	30936547	36474293	4415306489	45	139	Jacob_Wirbel;Paolo_Manghi	22.1	0
2021-03-31.WirbelJ_2018.relative_abundance.CCMD25511638ST-21-0	WirbelJ_2018	CCMD25511638ST-21-0	stool	CRC	CRC	72	senior	female	DEU	no	IlluminaHiSeq	30936547	65970756	5638414164	1	92	Paolo_Manghi	24	1
2021-03-31.WirbelJ_2018.relative_abundance.CCMD25963797ST-21-0	WirbelJ_2018	CCMD25963797ST-21-0	stool	CRC	CRC	62	adult	male	DEU	no	IlluminaHiSeq	30936547	82412988	6955065417	2	91	Paolo_Manghi	22	1
2021-03-31.WirbelJ_2018.relative_abundance.CCMD26625622ST-11-0	WirbelJ_2018	CCMD26625622ST-11-0	stool	control	healthy	50	adult	male	DEU	no	IlluminaHiSeq	30936547	34820567	4252277902	45	138	Jacob_Wirbel;Paolo_Manghi	21.6	0
2021-03-31.WirbelJ_2018.relative_abundance.CCMD26709089ST-21-0	WirbelJ_2018	CCMD26709089ST-21-0	stool	CRC	CRC	66	senior	male	DEU	no	IlluminaHiSeq	30936547	81592727	6985538898	45	92	Paolo_Manghi	26	1
2021-03-31.WirbelJ_2018.relative_abundance.CCMD26925580ST-21-0	WirbelJ_2018	CCMD26925580ST-21-0	stool	CRC	CRC	42	adult	male	DEU	no	IlluminaHiSeq	30936547	55059930	4714466429	45	93	Paolo_Manghi	27	1
2021-03-31.WirbelJ_2018.relative_abundance.CCMD27463710ST-11-0	WirbelJ_2018	CCMD27463710ST-11-0	stool	CRC	CRC	81	senior	male	DEU	no	IlluminaHiSeq	30936547	93356849	9541781198	45	112	Jacob_Wirbel;Paolo_Manghi	26.1	1
2021-03-31.WirbelJ_2018.relative_abundance.CCMD27867141ST-11-0	WirbelJ_2018	CCMD27867141ST-11-0	stool	control	healthy	55	adult	female	DEU	no	IlluminaHiSeq	30936547	49637082	6097470744	45	138	Jacob_Wirbel;Paolo_Manghi	18	0
2021-03-31.WirbelJ_2018.relative_abundance.CCMD28738636ST-11-0	WirbelJ_2018	CCMD28738636ST-11-0	stool	control	healthy	73	senior	male	DEU	no	IlluminaHiSeq	30936547	18266347	2235990846	45	138	Jacob_Wirbel;Paolo_Manghi	24.8	0
2021-03-31.WirbelJ_2018.relative_abundance.CCMD29706695ST-11-0	WirbelJ_2018	CCMD29706695ST-11-0	stool	control	healthy	45	adult	male	DEU	no	IlluminaHiSeq	30936547	32562260	3969615803	45	138	Jacob_Wirbel;Paolo_Manghi	22.1	0
2021-03-31.WirbelJ_2018.relative_abundance.CCMD30626189ST-11-0	WirbelJ_2018	CCMD30626189ST-11-0	stool	control	healthy	51	adult	male	DEU	no	IlluminaHiSeq	30936547	42420464	5102590952	45	135	Jacob_Wirbel;Paolo_Manghi	26.3	0
2021-03-31.WirbelJ_2018.relative_abundance.CCMD30627121ST-11-0	WirbelJ_2018	CCMD30627121ST-11-0	stool	control	healthy	48	adult	female	DEU	no	IlluminaHiSeq	30936547	33003822	3958810630	45	140	Jacob_Wirbel;Paolo_Manghi	25.4	0
2021-03-31.WirbelJ_2018.relative_abundance.CCMD31009081ST-11-0	WirbelJ_2018	CCMD31009081ST-11-0	stool	control	healthy	64	adult	male	DEU	no	IlluminaHiSeq	30936547	35437309	4297110124	45	135	Jacob_Wirbel;Paolo_Manghi	26.8	0
2021-03-31.WirbelJ_2018.relative_abundance.CCMD31134579ST-11-0	WirbelJ_2018	CCMD31134579ST-11-0	stool	control	healthy	75	senior	male	DEU	no	IlluminaHiSeq	30936547	37748960	4597866250	45	138	Jacob_Wirbel;Paolo_Manghi	21.5	0
2021-03-31.WirbelJ_2018.relative_abundance.CCMD32288175ST-11-0	WirbelJ_2018	CCMD32288175ST-11-0	stool	control	healthy	57	adult	female	DEU	no	IlluminaHiSeq	30936547	30703808	3820804468	45	140	Jacob_Wirbel;Paolo_Manghi	22.2	0
2021-03-31.WirbelJ_2018.relative_abundance.CCMD32965613ST-11-0	WirbelJ_2018	CCMD32965613ST-11-0	stool	control	healthy	64	adult	male	DEU	no	IlluminaHiSeq	30936547	45280497	5663096176	45	139	Jacob_Wirbel;Paolo_Manghi	27.6	0
2021-03-31.WirbelJ_2018.relative_abundance.CCMD34381688ST-21-0	WirbelJ_2018	CCMD34381688ST-21-0	stool	CRC	CRC	41	adult	male	DEU	no	IlluminaHiSeq	30936547	59430177	5111006692	45	92	Paolo_Manghi	22	1
2021-03-31.WirbelJ_2018.relative_abundance.CCMD35081859ST-11-0	WirbelJ_2018	CCMD35081859ST-11-0	stool	control	healthy	60	adult	female	DEU	no	IlluminaHiSeq	30936547	39906903	4960369607	45	139	Jacob_Wirbel;Paolo_Manghi	25.8	0
2021-03-31.WirbelJ_2018.relative_abundance.CCMD35633353ST-11-0	WirbelJ_2018	CCMD35633353ST-11-0	stool	CRC	CRC	61	adult	male	DEU	no	IlluminaHiSeq	30936547	81443541	8156827787	45	112	Jacob_Wirbel;Paolo_Manghi	25.2	1
2021-03-31.WirbelJ_2018.relative_abundance.CCMD35801800ST-11-0	WirbelJ_2018	CCMD35801800ST-11-0	stool	control	healthy	29	adult	female	DEU	no	IlluminaHiSeq	30936547	42324579	5191026043	45	138	Jacob_Wirbel;Paolo_Manghi	30.5	0
2021-03-31.WirbelJ_2018.relative_abundance.CCMD35802077ST-21-0	WirbelJ_2018	CCMD35802077ST-21-0	stool	CRC	CRC	71	senior	male	DEU	no	IlluminaHiSeq	30936547	62957787	5376635637	45	92	Paolo_Manghi	30	1
2021-03-31.WirbelJ_2018.relative_abundance.CCMD37575804ST-11-0	WirbelJ_2018	CCMD37575804ST-11-0	stool	control	healthy	44	adult	male	DEU	no	IlluminaHiSeq	30936547	42726833	5239016935	45	138	Jacob_Wirbel;Paolo_Manghi	25.1	0
2021-03-31.WirbelJ_2018.relative_abundance.CCMD38158721ST-11-0	WirbelJ_2018	CCMD38158721ST-11-0	stool	control	healthy	76	senior	male	DEU	no	IlluminaHiSeq	30936547	26218660	3159908625	45	139	Jacob_Wirbel;Paolo_Manghi	29.5	0
2021-03-31.WirbelJ_2018.relative_abundance.CCMD39157124ST-11-0	WirbelJ_2018	CCMD39157124ST-11-0	stool	control	healthy	56	adult	male	DEU	no	IlluminaHiSeq	30936547	39541087	4957102126	45	139	Jacob_Wirbel;Paolo_Manghi	25	0
2021-03-31.WirbelJ_2018.relative_abundance.CCMD39882286ST-11-0	WirbelJ_2018	CCMD39882286ST-11-0	stool	control	healthy	53	adult	male	DEU	no	IlluminaHiSeq	30936547	39610199	4897630678	45	140	Jacob_Wirbel;Paolo_Manghi	18.5	0
2021-03-31.WirbelJ_2018.relative_abundance.CCMD40701343ST-21-0	WirbelJ_2018	CCMD40701343ST-21-0	stool	CRC	CRC	65	adult	male	DEU	no	IlluminaHiSeq	30936547	111517650	9271998198	2	88	Paolo_Manghi	28	1
2021-03-31.WirbelJ_2018.relative_abundance.CCMD41202658ST-11-0	WirbelJ_2018	CCMD41202658ST-11-0	stool	control	healthy	61	adult	female	DEU	no	IlluminaHiSeq	30936547	26494425	3151787541	45	138	Jacob_Wirbel;Paolo_Manghi	25.4	0
2021-03-31.WirbelJ_2018.relative_abundance.CCMD41521570ST-11-0	WirbelJ_2018	CCMD41521570ST-11-0	stool	control	healthy	67	senior	male	DEU	no	IlluminaHiSeq	30936547	32315436	3913525742	45	139	Jacob_Wirbel;Paolo_Manghi	24.4	0
2021-03-31.WirbelJ_2018.relative_abundance.CCMD42428553ST-21-0	WirbelJ_2018	CCMD42428553ST-21-0	stool	CRC	CRC	87	senior	male	DEU	no	IlluminaHiSeq	30936547	58443148	4979909496	45	92	Paolo_Manghi	22	1
2021-03-31.WirbelJ_2018.relative_abundance.CCMD42956136ST-11-0	WirbelJ_2018	CCMD42956136ST-11-0	stool	CRC	CRC	67	senior	female	DEU	no	IlluminaHiSeq	30936547	41570684	5173146819	45	138	Jacob_Wirbel;Paolo_Manghi	30.1	1
2021-03-31.WirbelJ_2018.relative_abundance.CCMD45004878ST-11-0	WirbelJ_2018	CCMD45004878ST-11-0	stool	control	healthy	53	adult	male	DEU	no	IlluminaHiSeq	30936547	29989143	3540776312	45	137	Jacob_Wirbel;Paolo_Manghi	26.2	0
2021-03-31.WirbelJ_2018.relative_abundance.CCMD45812507ST-11-0	WirbelJ_2018	CCMD45812507ST-11-0	stool	control	healthy	75	senior	male	DEU	no	IlluminaHiSeq	30936547	34298086	4182724716	45	138	Jacob_Wirbel;Paolo_Manghi	30.1	0
2021-03-31.WirbelJ_2018.relative_abundance.CCMD45988061ST-21-0	WirbelJ_2018	CCMD45988061ST-21-0	stool	CRC	CRC	62	adult	female	DEU	no	IlluminaHiSeq	30936547	33507008	2873493609	45	92	Paolo_Manghi	27	1
2021-03-31.WirbelJ_2018.relative_abundance.CCMD46222674ST-21-0	WirbelJ_2018	CCMD46222674ST-21-0	stool	CRC	CRC	59	adult	male	DEU	no	IlluminaHiSeq	30936547	63799848	5487160146	45	92	Paolo_Manghi	24	1
2021-03-31.WirbelJ_2018.relative_abundance.CCMD46727384ST-11-0	WirbelJ_2018	CCMD46727384ST-11-0	stool	control	healthy	53	adult	female	DEU	no	IlluminaHiSeq	30936547	42393024	5310806480	45	139	Jacob_Wirbel;Paolo_Manghi	24.1	0
2021-03-31.WirbelJ_2018.relative_abundance.CCMD46947453ST-21-0	WirbelJ_2018	CCMD46947453ST-21-0	stool	CRC	CRC	69	senior	male	DEU	no	IlluminaHiSeq	30936547	71770689	6068657231	1	89	Paolo_Manghi	24	1
2021-03-31.WirbelJ_2018.relative_abundance.CCMD48236717ST-21-0	WirbelJ_2018	CCMD48236717ST-21-0	stool	CRC	CRC	58	adult	female	DEU	no	IlluminaHiSeq	30936547	78698076	6748918253	1	92	Paolo_Manghi	32	1
2021-03-31.WirbelJ_2018.relative_abundance.CCMD49025643ST-11-0	WirbelJ_2018	CCMD49025643ST-11-0	stool	control	healthy	41	adult	male	DEU	no	IlluminaHiSeq	30936547	49109243	6217935229	45	140	Jacob_Wirbel;Paolo_Manghi	23.8	0
2021-03-31.WirbelJ_2018.relative_abundance.CCMD49461418ST-11-0	WirbelJ_2018	CCMD49461418ST-11-0	stool	CRC	CRC	61	adult	male	DEU	no	IlluminaHiSeq	30936547	83884281	8204655954	45	113	Jacob_Wirbel;Paolo_Manghi	21.6	1
2021-03-31.WirbelJ_2018.relative_abundance.CCMD49942357ST-11-0	WirbelJ_2018	CCMD49942357ST-11-0	stool	control	healthy	46	adult	male	DEU	no	IlluminaHiSeq	30936547	31722138	3817718694	45	140	Jacob_Wirbel;Paolo_Manghi	26.3	0
2021-03-31.WirbelJ_2018.relative_abundance.CCMD50071957ST-21-0	WirbelJ_2018	CCMD50071957ST-21-0	stool	CRC	CRC	35	adult	female	DEU	no	IlluminaHiSeq	30936547	54578786	4733323410	45	90	Paolo_Manghi	22	1
2021-03-31.WirbelJ_2018.relative_abundance.CCMD50300306ST-11-0	WirbelJ_2018	CCMD50300306ST-11-0	stool	control	healthy	64	adult	male	DEU	no	IlluminaHiSeq	30936547	36637752	4480077249	45	139	Jacob_Wirbel;Paolo_Manghi	24.6	0
2021-03-31.WirbelJ_2018.relative_abundance.CCMD50529145ST-11-0	WirbelJ_2018	CCMD50529145ST-11-0	stool	control	healthy	63	adult	female	DEU	no	IlluminaHiSeq	30936547	31149147	3707663709	45	138	Jacob_Wirbel;Paolo_Manghi	20.2	0
2021-03-31.WirbelJ_2018.relative_abundance.CCMD50538120ST-11-0	WirbelJ_2018	CCMD50538120ST-11-0	stool	control	healthy	75	senior	male	DEU	no	IlluminaHiSeq	30936547	21906938	2558326096	45	137	Jacob_Wirbel;Paolo_Manghi	22.9	0
2021-03-31.WirbelJ_2018.relative_abundance.CCMD51154251ST-11-0	WirbelJ_2018	CCMD51154251ST-11-0	stool	control	healthy	50	adult	male	DEU	no	IlluminaHiSeq	30936547	35921835	4433617601	45	138	Jacob_Wirbel;Paolo_Manghi	22.6	0
2021-03-31.WirbelJ_2018.relative_abundance.CCMD51228890ST-11-0	WirbelJ_2018	CCMD51228890ST-11-0	stool	control	healthy	65	adult	male	DEU	no	IlluminaHiSeq	30936547	32351866	3935858548	45	139	Jacob_Wirbel;Paolo_Manghi	32.7	0
2021-03-31.WirbelJ_2018.relative_abundance.CCMD51864103ST-21-0	WirbelJ_2018	CCMD51864103ST-21-0	stool	CRC	CRC	58	adult	male	DEU	no	IlluminaHiSeq	30936547	69492180	5980859510	1	92	Paolo_Manghi	25	1
2021-03-31.WirbelJ_2018.relative_abundance.CCMD52117727ST-11-0	WirbelJ_2018	CCMD52117727ST-11-0	stool	CRC	CRC	79	senior	male	DEU	no	IlluminaHiSeq	30936547	89774389	9269088380	45	114	Jacob_Wirbel;Paolo_Manghi	22.4	1
2021-03-31.WirbelJ_2018.relative_abundance.CCMD52145360ST-11-0	WirbelJ_2018	CCMD52145360ST-11-0	stool	CRC	CRC	81	senior	male	DEU	no	IlluminaHiSeq	30936547	84722998	8721310850	45	114	Jacob_Wirbel;Paolo_Manghi	24	1
2021-03-31.WirbelJ_2018.relative_abundance.CCMD53508245ST-11-0	WirbelJ_2018	CCMD53508245ST-11-0	stool	control	healthy	61	adult	male	DEU	no	IlluminaHiSeq	30936547	46280212	5716884869	45	139	Jacob_Wirbel;Paolo_Manghi	27	0
2021-03-31.WirbelJ_2018.relative_abundance.CCMD53522274ST-11-0	WirbelJ_2018	CCMD53522274ST-11-0	stool	control	healthy	75	senior	female	DEU	no	IlluminaHiSeq	30936547	32649355	3988980619	45	138	Jacob_Wirbel;Paolo_Manghi	19.3	0
2021-03-31.WirbelJ_2018.relative_abundance.CCMD54057834ST-11-0	WirbelJ_2018	CCMD54057834ST-11-0	stool	control	healthy	57	adult	female	DEU	no	IlluminaHiSeq	30936547	26324082	3111604953	45	135	Jacob_Wirbel;Paolo_Manghi	21.2	0
2021-03-31.WirbelJ_2018.relative_abundance.CCMD56948710ST-11-0	WirbelJ_2018	CCMD56948710ST-11-0	stool	control	healthy	66	senior	male	DEU	no	IlluminaHiSeq	30936547	31896652	3957955624	45	139	Jacob_Wirbel;Paolo_Manghi	30.3	0
2021-03-31.WirbelJ_2018.relative_abundance.CCMD59540613ST-11-0	WirbelJ_2018	CCMD59540613ST-11-0	stool	control	healthy	64	adult	male	DEU	no	IlluminaHiSeq	30936547	26827236	3219403664	45	139	Jacob_Wirbel;Paolo_Manghi	25.4	0
2021-03-31.WirbelJ_2018.relative_abundance.CCMD59583015ST-11-0	WirbelJ_2018	CCMD59583015ST-11-0	stool	CRC	CRC	61	adult	female	DEU	no	IlluminaHiSeq	30936547	91992697	9343789168	45	113	Jacob_Wirbel;Paolo_Manghi	24.1	1
2021-03-31.WirbelJ_2018.relative_abundance.CCMD60079086ST-21-0	WirbelJ_2018	CCMD60079086ST-21-0	stool	CRC	CRC	73	senior	female	DEU	no	IlluminaHiSeq	30936547	51838643	4404941313	45	92	Paolo_Manghi	22	1
2021-03-31.WirbelJ_2018.relative_abundance.CCMD63399960ST-21-0	WirbelJ_2018	CCMD63399960ST-21-0	stool	CRC	CRC	51	adult	male	DEU	no	IlluminaHiSeq	30936547	72877557	6243517495	1	92	Paolo_Manghi	28	1
2021-03-31.WirbelJ_2018.relative_abundance.CCMD64503764ST-21-0	WirbelJ_2018	CCMD64503764ST-21-0	stool	CRC	CRC	66	senior	male	DEU	no	IlluminaHiSeq	30936547	73836742	6326842541	45	92	Paolo_Manghi	31	1
2021-03-31.WirbelJ_2018.relative_abundance.CCMD64776337ST-21-0	WirbelJ_2018	CCMD64776337ST-21-0	stool	CRC	CRC	79	senior	female	DEU	no	IlluminaHiSeq	30936547	69961523	5883271932	2	91	Paolo_Manghi	26	1
2021-03-31.WirbelJ_2018.relative_abundance.CCMD65222621ST-11-0	WirbelJ_2018	CCMD65222621ST-11-0	stool	CRC	CRC	63	adult	female	DEU	no	IlluminaHiSeq	30936547	80492216	7834201797	45	108	Jacob_Wirbel;Paolo_Manghi	28.8	1
2021-03-31.WirbelJ_2018.relative_abundance.CCMD65406197ST-11-0	WirbelJ_2018	CCMD65406197ST-11-0	stool	CRC	CRC	50	adult	female	DEU	no	IlluminaHiSeq	30936547	27972702	3459725269	45	139	Jacob_Wirbel;Paolo_Manghi	32.1	1
2021-03-31.WirbelJ_2018.relative_abundance.CCMD66848156ST-11-0	WirbelJ_2018	CCMD66848156ST-11-0	stool	control	healthy	64	adult	female	DEU	no	IlluminaHiSeq	30936547	33154286	3900420267	45	135	Jacob_Wirbel;Paolo_Manghi	21.1	0
2021-03-31.WirbelJ_2018.relative_abundance.CCMD67373733ST-11-0	WirbelJ_2018	CCMD67373733ST-11-0	stool	control	healthy	73	senior	male	DEU	no	IlluminaHiSeq	30936547	46199982	5572421986	45	135	Jacob_Wirbel;Paolo_Manghi	24.5	0
2021-03-31.WirbelJ_2018.relative_abundance.CCMD68973846ST-11-0	WirbelJ_2018	CCMD68973846ST-11-0	stool	control	healthy	64	adult	female	DEU	no	IlluminaHiSeq	30936547	19776648	2494583830	45	140	Jacob_Wirbel;Paolo_Manghi	22.8	0
2021-03-31.WirbelJ_2018.relative_abundance.CCMD71242853ST-11-0	WirbelJ_2018	CCMD71242853ST-11-0	stool	CRC	CRC	56	adult	female	DEU	no	IlluminaHiSeq	30936547	27223597	3179743231	45	136	Jacob_Wirbel;Paolo_Manghi	30	1
2021-03-31.WirbelJ_2018.relative_abundance.CCMD71915439ST-11-0	WirbelJ_2018	CCMD71915439ST-11-0	stool	CRC	CRC	60	adult	female	DEU	no	IlluminaHiSeq	30936547	75829877	7622249125	45	114	Jacob_Wirbel;Paolo_Manghi	35.8	1
2021-03-31.WirbelJ_2018.relative_abundance.CCMD72666896ST-11-0	WirbelJ_2018	CCMD72666896ST-11-0	stool	control	healthy	58	adult	female	DEU	no	IlluminaHiSeq	30936547	32145534	3805648978	45	138	Jacob_Wirbel;Paolo_Manghi	23.8	0
2021-03-31.WirbelJ_2018.relative_abundance.CCMD72690923ST-11-0	WirbelJ_2018	CCMD72690923ST-11-0	stool	CRC	CRC	60	adult	male	DEU	no	IlluminaHiSeq	30936547	72772607	7178248892	45	114	Jacob_Wirbel;Paolo_Manghi	19.7	1
2021-03-31.WirbelJ_2018.relative_abundance.CCMD72895164ST-21-0	WirbelJ_2018	CCMD72895164ST-21-0	stool	CRC	CRC	34	adult	male	DEU	no	IlluminaHiSeq	30936547	72332153	6079012996	2	91	Paolo_Manghi	27	1
2021-03-31.WirbelJ_2018.relative_abundance.CCMD73128545ST-11-0	WirbelJ_2018	CCMD73128545ST-11-0	stool	control	healthy	57	adult	female	DEU	no	IlluminaHiSeq	30936547	28802606	3521399599	45	139	Jacob_Wirbel;Paolo_Manghi	22.2	0
2021-03-31.WirbelJ_2018.relative_abundance.CCMD74592084ST-11-0	WirbelJ_2018	CCMD74592084ST-11-0	stool	control	healthy	48	adult	male	DEU	no	IlluminaHiSeq	30936547	46736941	5875509377	45	139	Jacob_Wirbel;Paolo_Manghi	23	0
2021-03-31.WirbelJ_2018.relative_abundance.CCMD74930188ST-21-0	WirbelJ_2018	CCMD74930188ST-21-0	stool	CRC	CRC	67	senior	male	DEU	no	IlluminaHiSeq	30936547	58799892	4969364628	1	89	Paolo_Manghi	30	1
2021-03-31.WirbelJ_2018.relative_abundance.CCMD75147712ST-11-0	WirbelJ_2018	CCMD75147712ST-11-0	stool	control	healthy	53	adult	female	DEU	no	IlluminaHiSeq	30936547	19907319	2518357317	45	140	Jacob_Wirbel;Paolo_Manghi	23	0
2021-03-31.WirbelJ_2018.relative_abundance.CCMD76222476ST-11-0	WirbelJ_2018	CCMD76222476ST-11-0	stool	CRC	CRC	62	adult	female	DEU	no	IlluminaHiSeq	30936547	24450208	2993424790	45	139	Jacob_Wirbel;Paolo_Manghi	21.3	1
2021-03-31.WirbelJ_2018.relative_abundance.CCMD76409700ST-11-0	WirbelJ_2018	CCMD76409700ST-11-0	stool	control	healthy	60	adult	female	DEU	no	IlluminaHiSeq	30936547	36562004	4504027361	45	139	Jacob_Wirbel;Paolo_Manghi	23	0
2021-03-31.WirbelJ_2018.relative_abundance.CCMD79349503ST-11-0	WirbelJ_2018	CCMD79349503ST-11-0	stool	CRC	CRC	60	adult	female	DEU	no	IlluminaHiSeq	30936547	22170914	2649826307	45	138	Jacob_Wirbel;Paolo_Manghi	21.9	1
2021-03-31.WirbelJ_2018.relative_abundance.CCMD79987997ST-21-0	WirbelJ_2018	CCMD79987997ST-21-0	stool	CRC	CRC	70	senior	male	DEU	no	IlluminaHiSeq	30936547	69560481	6014910420	1	89	Paolo_Manghi	25	1
2021-03-31.WirbelJ_2018.relative_abundance.CCMD82866709ST-21-0	WirbelJ_2018	CCMD82866709ST-21-0	stool	CRC	CRC	77	senior	female	DEU	no	IlluminaHiSeq	30936547	52355963	4478975806	45	92	Paolo_Manghi	26	1
2021-03-31.WirbelJ_2018.relative_abundance.CCMD85481373ST-11-0	WirbelJ_2018	CCMD85481373ST-11-0	stool	control	healthy	69	senior	female	DEU	no	IlluminaHiSeq	30936547	16250781	1947067979	45	138	Jacob_Wirbel;Paolo_Manghi	25.3	0
2021-03-31.WirbelJ_2018.relative_abundance.CCMD85661207ST-11-0	WirbelJ_2018	CCMD85661207ST-11-0	stool	control	healthy	28	adult	male	DEU	no	IlluminaHiSeq	30936547	33033970	3963017409	45	139	Jacob_Wirbel;Paolo_Manghi	24.6	0
2021-03-31.WirbelJ_2018.relative_abundance.CCMD86114146ST-21-0	WirbelJ_2018	CCMD86114146ST-21-0	stool	CRC	CRC	68	senior	male	DEU	no	IlluminaHiSeq	30936547	68642651	5825187045	1	92	Paolo_Manghi	23	1
2021-03-31.WirbelJ_2018.relative_abundance.CCMD86707194ST-21-0	WirbelJ_2018	CCMD86707194ST-21-0	stool	CRC	CRC	53	adult	female	DEU	no	IlluminaHiSeq	30936547	71623662	6445367470	45	96	Paolo_Manghi	31	1
2021-03-31.WirbelJ_2018.relative_abundance.CCMD87156761ST-21-0	WirbelJ_2018	CCMD87156761ST-21-0	stool	CRC	CRC	55	adult	male	DEU	no	IlluminaHiSeq	30936547	62222602	5370424077	45	92	Paolo_Manghi	28	1
2021-03-31.WirbelJ_2018.relative_abundance.CCMD88272491ST-21-0	WirbelJ_2018	CCMD88272491ST-21-0	stool	CRC	CRC	72	senior	male	DEU	no	IlluminaHiSeq	30936547	66759905	5829021413	45	93	Paolo_Manghi	28	1
2021-03-31.WirbelJ_2018.relative_abundance.CCMD89107682ST-11-0	WirbelJ_2018	CCMD89107682ST-11-0	stool	control	healthy	54	adult	female	DEU	no	IlluminaHiSeq	30936547	43412558	5152729425	45	138	Jacob_Wirbel;Paolo_Manghi	24.6	0
2021-03-31.WirbelJ_2018.relative_abundance.CCMD89306485ST-11-0	WirbelJ_2018	CCMD89306485ST-11-0	stool	CRC	CRC	52	adult	male	DEU	no	IlluminaHiSeq	30936547	70529986	7093908496	45	113	Jacob_Wirbel;Paolo_Manghi	29.9	1
2021-03-31.WirbelJ_2018.relative_abundance.CCMD89643949ST-11-0	WirbelJ_2018	CCMD89643949ST-11-0	stool	control	healthy	51	adult	female	DEU	no	IlluminaHiSeq	30936547	38953235	4866288034	45	140	Jacob_Wirbel;Paolo_Manghi	25.6	0
2021-03-31.WirbelJ_2018.relative_abundance.CCMD89967135ST-11-0	WirbelJ_2018	CCMD89967135ST-11-0	stool	control	healthy	58	adult	female	DEU	no	IlluminaHiSeq	30936547	38178196	4623164854	45	138	Jacob_Wirbel;Paolo_Manghi	27	0
2021-03-31.WirbelJ_2018.relative_abundance.CCMD90311071ST-21-0	WirbelJ_2018	CCMD90311071ST-21-0	stool	CRC	CRC	43	adult	female	DEU	no	IlluminaHiSeq	30936547	61569976	5243752766	1	92	Paolo_Manghi	22	1
2021-03-31.WirbelJ_2018.relative_abundance.CCMD92404903ST-11-0	WirbelJ_2018	CCMD92404903ST-11-0	stool	CRC	CRC	66	senior	female	DEU	no	IlluminaHiSeq	30936547	74399337	7585743831	45	114	Jacob_Wirbel;Paolo_Manghi	13.3	1
2021-03-31.WirbelJ_2018.relative_abundance.CCMD93344354ST-21-0	WirbelJ_2018	CCMD93344354ST-21-0	stool	CRC	CRC	51	adult	male	DEU	no	IlluminaHiSeq	30936547	72207800	6328077215	45	91	Paolo_Manghi	30	1
2021-03-31.WirbelJ_2018.relative_abundance.CCMD93755960ST-11-0	WirbelJ_2018	CCMD93755960ST-11-0	stool	control	healthy	45	adult	female	DEU	no	IlluminaHiSeq	30936547	53721981	6512242541	45	139	Jacob_Wirbel;Paolo_Manghi	27.2	0
2021-03-31.WirbelJ_2018.relative_abundance.CCMD95431029ST-11-0	WirbelJ_2018	CCMD95431029ST-11-0	stool	CRC	CRC	84	senior	male	DEU	no	IlluminaHiSeq	30936547	48225723	4884486871	45	116	Jacob_Wirbel;Paolo_Manghi	24	1
2021-03-31.WirbelJ_2018.relative_abundance.CCMD95433940ST-21-0	WirbelJ_2018	CCMD95433940ST-21-0	stool	CRC	CRC	49	adult	female	DEU	no	IlluminaHiSeq	30936547	120416190	10356558554	1	92	Paolo_Manghi	30	1
2021-03-31.WirbelJ_2018.relative_abundance.CCMD95676152ST-11-0	WirbelJ_2018	CCMD95676152ST-11-0	stool	CRC	CRC	73	senior	male	DEU	no	IlluminaHiSeq	30936547	78873477	7981205221	45	112	Jacob_Wirbel;Paolo_Manghi	26.6	1
2021-03-31.WirbelJ_2018.relative_abundance.CCMD96553385ST-21-0	WirbelJ_2018	CCMD96553385ST-21-0	stool	CRC	CRC	90	senior	male	DEU	no	IlluminaHiSeq	30936547	68567382	5884210312	45	92	Paolo_Manghi	28	1
2021-03-31.WirbelJ_2018.relative_abundance.CCMD98198513ST-11-0	WirbelJ_2018	CCMD98198513ST-11-0	stool	control	healthy	59	adult	female	DEU	no	IlluminaHiSeq	30936547	17214401	2121016251	45	138	Jacob_Wirbel;Paolo_Manghi	32.3	0
2021-03-31.WirbelJ_2018.relative_abundance.CCMD98531134ST-11-0	WirbelJ_2018	CCMD98531134ST-11-0	stool	CRC	CRC	59	adult	male	DEU	no	IlluminaHiSeq	30936547	83656288	8588614425	45	114	Jacob_Wirbel;Paolo_Manghi	26.5	1
2021-03-31.WirbelJ_2018.relative_abundance.CCMD98702133ST-11-0	WirbelJ_2018	CCMD98702133ST-11-0	stool	control	healthy	37	adult	male	DEU	no	IlluminaHiSeq	30936547	49904768	6287669339	45	139	Jacob_Wirbel;Paolo_Manghi	24.5	0
2021-03-31.WirbelJ_2018.relative_abundance.CCMD99440714ST-11-0	WirbelJ_2018	CCMD99440714ST-11-0	stool	control	healthy	39	adult	male	DEU	no	IlluminaHiSeq	30936547	41699249	5165380333	45	139	Jacob_Wirbel;Paolo_Manghi	24.9	0
2021-03-31.WirbelJ_2018.relative_abundance.CCMD99929634ST-11-0	WirbelJ_2018	CCMD99929634ST-11-0	stool	control	healthy	70	senior	male	DEU	no	IlluminaHiSeq	30936547	36973483	4478703765	45	138	Jacob_Wirbel;Paolo_Manghi	26.7	0
2021-03-31.WirbelJ_2018.relative_abundance.MMPU29365221ST	WirbelJ_2018	MMPU29365221ST	stool	control	healthy	34	adult	male	DEU	no	IlluminaHiSeq	30936547	130049492	11373008927	45	91	Paolo_Manghi	23	0
2021-03-31.WirbelJ_2018.relative_abundance.MMPU68403337ST	WirbelJ_2018	MMPU68403337ST	stool	control	healthy	30	adult	male	DEU	no	IlluminaHiSeq	30936547	132071270	11459650610	45	92	Paolo_Manghi	31	0
2021-03-31.WirbelJ_2018.relative_abundance.MMPU72854103ST	WirbelJ_2018	MMPU72854103ST	stool	control	healthy	34	adult	male	DEU	no	IlluminaHiSeq	30936547	178722733	14971137624	45	91	Paolo_Manghi	21	0
2021-03-31.WirbelJ_2018.relative_abundance.MMPU84450604ST	WirbelJ_2018	MMPU84450604ST	stool	control	healthy	37	adult	male	DEU	no	IlluminaHiSeq	30936547	147843603	12182541625	2	88	Paolo_Manghi	25	0
2021-03-31.WirbelJ_2018.relative_abundance.MMPU99077057ST	WirbelJ_2018	MMPU99077057ST	stool	control	healthy	49	adult	male	DEU	no	IlluminaHiSeq	30936547	104954432	9173408933	45	91	Paolo_Manghi	26	0
2021-10-14.YachidaS_2019.relative_abundance.SAMD00114718	YachidaS_2019	sub_10219	stool	control	healthy	68	senior	male	JPN	no	IlluminaHiSeq	31171880	84641274	11889864466	50	150	Paolo_Manghi	21.383942	0
2021-10-14.YachidaS_2019.relative_abundance.SAMD00114719	YachidaS_2019	sub_10226	stool	control	healthy	60	adult	male	JPN	no	IlluminaHiSeq	31171880	47470646	6605044144	50	150	Paolo_Manghi	22.22906193	0
2021-10-14.YachidaS_2019.relative_abundance.SAMD00114720	YachidaS_2019	sub_10229	stool	control	healthy	66	senior	male	JPN	no	IlluminaHiSeq	31171880	35960640	5303768237	50	150	Paolo_Manghi	24.6097337	0
2021-10-14.YachidaS_2019.relative_abundance.SAMD00114721	YachidaS_2019	sub_10231	stool	control	healthy	72	senior	male	JPN	no	IlluminaHiSeq	31171880	63387808	9103761343	50	150	Paolo_Manghi	25.20920136	0
2021-10-14.YachidaS_2019.relative_abundance.SAMD00114722	YachidaS_2019	sub_10232	stool	CRC	CRC	64	adult	male	JPN	no	IlluminaHiSeq	31171880	57320762	8235608463	50	150	Paolo_Manghi	22.46003435	1
2021-10-14.YachidaS_2019.relative_abundance.SAMD00114723	YachidaS_2019	sub_10236	stool	CRC	CRC	47	adult	male	JPN	no	IlluminaHiSeq	31171880	52707860	7486930750	50	150	Paolo_Manghi	23.56663223	1
2021-10-14.YachidaS_2019.relative_abundance.SAMD00114724	YachidaS_2019	sub_10238	stool	CRC	CRC	66	senior	female	JPN	no	IlluminaHiSeq	31171880	45773031	6486706572	50	150	Paolo_Manghi	22.60026298	1
2021-10-14.YachidaS_2019.relative_abundance.SAMD00114726	YachidaS_2019	sub_10330	stool	CRC	CRC	66	senior	male	JPN	no	IlluminaHiSeq	31171880	48940244	6754809224	50	150	Paolo_Manghi	22.05805119	1
2021-10-14.YachidaS_2019.relative_abundance.SAMD00114727	YachidaS_2019	sub_10332	stool	CRC	CRC	61	adult	male	JPN	no	IlluminaHiSeq	31171880	63653548	8714631225	50	150	Paolo_Manghi	28.29334541	1
2021-10-14.YachidaS_2019.relative_abundance.SAMD00114728	YachidaS_2019	sub_10333	stool	CRC	CRC	45	adult	male	JPN	no	IlluminaHiSeq	31171880	35093466	5178272787	50	150	Paolo_Manghi	20.61925365	1
2021-10-14.YachidaS_2019.relative_abundance.SAMD00114729	YachidaS_2019	sub_10334	stool	CRC	CRC	63	adult	female	JPN	no	IlluminaHiSeq	31171880	54563590	7346552018	50	150	Paolo_Manghi	21.36752137	1
2021-10-14.YachidaS_2019.relative_abundance.SAMD00114730	YachidaS_2019	sub_10318	stool	control	healthy	75	senior	female	JPN	no	IlluminaHiSeq	31171880	69990810	9730440555	50	150	Paolo_Manghi	18.36547291	0
2021-10-14.YachidaS_2019.relative_abundance.SAMD00114731	YachidaS_2019	sub_10322	stool	CRC	CRC	70	senior	female	JPN	no	IlluminaHiSeq	31171880	65573845	9023711379	50	150	Paolo_Manghi	21.90758246	1
2021-10-14.YachidaS_2019.relative_abundance.SAMD00114732	YachidaS_2019	sub_10323	stool	CRC	CRC	68	senior	female	JPN	no	IlluminaHiSeq	31171880	55812132	7815282738	50	150	Paolo_Manghi	21.78649237	1
2021-10-14.YachidaS_2019.relative_abundance.SAMD00114733	YachidaS_2019	sub_10324	stool	CRC	CRC	66	senior	male	JPN	no	IlluminaHiSeq	31171880	30268220	4434834196	50	150	Paolo_Manghi	24.67550027	1
2021-10-14.YachidaS_2019.relative_abundance.SAMD00114734	YachidaS_2019	sub_10325	stool	control	healthy	72	senior	male	JPN	no	IlluminaHiSeq	31171880	83428881	11268958205	50	150	Paolo_Manghi	22.13673973	0
2021-10-14.YachidaS_2019.relative_abundance.SAMD00114736	YachidaS_2019	sub_10114	stool	control	healthy	55	adult	female	JPN	no	IlluminaHiSeq	31171880	43835402	6029699550	50	150	Paolo_Manghi	23.55555556	0
2021-10-14.YachidaS_2019.relative_abundance.SAMD00114737	YachidaS_2019	sub_10118	stool	CRC	CRC	62	adult	female	JPN	no	IlluminaHiSeq	31171880	16099789	2124339384	50	150	Paolo_Manghi	21.08281329	1
2021-10-14.YachidaS_2019.relative_abundance.SAMD00114738	YachidaS_2019	sub_10119	stool	CRC	CRC	76	senior	male	JPN	no	IlluminaHiSeq	31171880	38627188	5314572532	50	150	Paolo_Manghi	19.17	1
2021-10-14.YachidaS_2019.relative_abundance.SAMD00114739	YachidaS_2019	sub_10124	stool	CRC	CRC	73	senior	male	JPN	no	IlluminaHiSeq	31171880	24964300	3669728148	50	150	Paolo_Manghi	22.05805119	1
2021-10-14.YachidaS_2019.relative_abundance.SAMD00114740	YachidaS_2019	sub_10147	stool	CRC	CRC	51	adult	female	JPN	no	IlluminaHiSeq	31171880	59939112	8172648066	50	150	Paolo_Manghi	18.82711104	1
2021-10-14.YachidaS_2019.relative_abundance.SAMD00114741	YachidaS_2019	sub_10150	stool	control	healthy	78	senior	female	JPN	no	IlluminaHiSeq	31171880	75890344	10455593606	50	150	Paolo_Manghi	24.03440715	0
2021-10-14.YachidaS_2019.relative_abundance.SAMD00114742	YachidaS_2019	sub_10152	stool	CRC	CRC	67	senior	female	JPN	no	IlluminaHiSeq	31171880	57029830	7874507972	50	150	Paolo_Manghi	24.32322868	1
2021-10-14.YachidaS_2019.relative_abundance.SAMD00114743	YachidaS_2019	sub_10154	stool	CRC	CRC	69	senior	male	JPN	no	IlluminaHiSeq	31171880	47896438	5846038383	50	150	Paolo_Manghi	22.75830678	1
2021-10-14.YachidaS_2019.relative_abundance.SAMD00114744	YachidaS_2019	sub_10126	stool	CRC	CRC	52	adult	male	JPN	no	IlluminaHiSeq	31171880	71204520	9695106754	50	150	Paolo_Manghi	31.02040816	1
2021-10-14.YachidaS_2019.relative_abundance.SAMD00114745	YachidaS_2019	sub_10132	stool	control	healthy	50	adult	male	JPN	no	IlluminaHiSeq	31171880	28652686	4203490367	50	150	Paolo_Manghi	24.81632653	0
2021-10-14.YachidaS_2019.relative_abundance.SAMD00114746	YachidaS_2019	sub_10134	stool	CRC	CRC	63	adult	female	JPN	no	IlluminaHiSeq	31171880	65570566	8849587228	50	150	Paolo_Manghi	36.5230095	1
2021-10-14.YachidaS_2019.relative_abundance.SAMD00114747	YachidaS_2019	sub_10135	stool	control	healthy	65	adult	male	JPN	no	IlluminaHiSeq	31171880	57497470	7494594526	50	150	Paolo_Manghi	24.28097534	0
2021-10-14.YachidaS_2019.relative_abundance.SAMD00114748	YachidaS_2019	sub_10140	stool	CRC	CRC	64	adult	female	JPN	no	IlluminaHiSeq	31171880	30757134	4526379414	50	150	Paolo_Manghi	22.47658689	1
2021-10-14.YachidaS_2019.relative_abundance.SAMD00114749	YachidaS_2019	sub_10277	stool	CRC	CRC	73	senior	female	JPN	no	IlluminaHiSeq	31171880	73134742	10079586430	50	150	Paolo_Manghi	16.88019391	1
2021-10-14.YachidaS_2019.relative_abundance.SAMD00114750	YachidaS_2019	sub_10284	stool	CRC	CRC	73	senior	male	JPN	no	IlluminaHiSeq	31171880	79223844	10978231799	50	150	Paolo_Manghi	23.33546614	1
2021-10-14.YachidaS_2019.relative_abundance.SAMD00114753	YachidaS_2019	sub_10266	stool	CRC	CRC	65	adult	male	JPN	no	IlluminaHiSeq	31171880	35052326	5033451978	50	150	Paolo_Manghi	21.30394858	1
2021-10-14.YachidaS_2019.relative_abundance.SAMD00114754	YachidaS_2019	sub_10267	stool	CRC	CRC	60	adult	female	JPN	no	IlluminaHiSeq	31171880	25380504	3558263642	50	150	Paolo_Manghi	20.82999519	1
2021-10-14.YachidaS_2019.relative_abundance.SAMD00114755	YachidaS_2019	sub_10191	stool	CRC	CRC	59	adult	male	JPN	no	IlluminaHiSeq	31171880	44720362	6291025847	50	150	Paolo_Manghi	25.4580659	1
2021-10-14.YachidaS_2019.relative_abundance.SAMD00114757	YachidaS_2019	sub_10158	stool	control	healthy	61	adult	male	JPN	no	IlluminaHiSeq	31171880	64105400	8963537192	50	150	Paolo_Manghi	26.2335558	0
2021-10-14.YachidaS_2019.relative_abundance.SAMD00114759	YachidaS_2019	sub_10165	stool	CRC	CRC	71	senior	male	JPN	no	IlluminaHiSeq	31171880	54062368	7574117501	50	150	Paolo_Manghi	26.21882086	1
2021-10-14.YachidaS_2019.relative_abundance.SAMD00114760	YachidaS_2019	sub_10168	stool	CRC	CRC	78	senior	male	JPN	no	IlluminaHiSeq	31171880	14668832	2160696301	50	150	Paolo_Manghi	22.67995241	1
2021-10-14.YachidaS_2019.relative_abundance.SAMD00114761	YachidaS_2019	sub_10171	stool	CRC	CRC	30	adult	male	JPN	no	IlluminaHiSeq	31171880	76400153	10773756152	50	150	Paolo_Manghi	25.68956193	1
2021-10-14.YachidaS_2019.relative_abundance.SAMD00114762	YachidaS_2019	sub_10177	stool	CRC	CRC	67	senior	male	JPN	no	IlluminaHiSeq	31171880	53451224	7183780715	50	150	Paolo_Manghi	23.59700421	1
2021-10-14.YachidaS_2019.relative_abundance.SAMD00114763	YachidaS_2019	sub_10178	stool	CRC	CRC	69	senior	female	JPN	no	IlluminaHiSeq	31171880	59813996	8117330663	50	150	Paolo_Manghi	23.55555556	1
2021-10-14.YachidaS_2019.relative_abundance.SAMD00114764	YachidaS_2019	sub_10185	stool	CRC	CRC	65	adult	male	JPN	no	IlluminaHiSeq	31171880	34299064	4781365607	50	150	Paolo_Manghi	21.71806609	1
2021-10-14.YachidaS_2019.relative_abundance.SAMD00114765	YachidaS_2019	sub_10195	stool	CRC	CRC	57	adult	female	JPN	no	IlluminaHiSeq	31171880	60293448	8506158049	50	150	Paolo_Manghi	18.36900337	1
2021-10-14.YachidaS_2019.relative_abundance.SAMD00114766	YachidaS_2019	sub_10199	stool	CRC	CRC	64	adult	male	JPN	no	IlluminaHiSeq	31171880	38336024	5559830261	50	150	Paolo_Manghi	23.05175491	1
2021-10-14.YachidaS_2019.relative_abundance.SAMD00114767	YachidaS_2019	sub_10201	stool	CRC	CRC	38	adult	male	JPN	no	IlluminaHiSeq	31171880	51680790	7485815395	50	150	Paolo_Manghi	24.39105884	1
2021-10-14.YachidaS_2019.relative_abundance.SAMD00114768	YachidaS_2019	sub_10203	stool	CRC	CRC	60	adult	male	JPN	no	IlluminaHiSeq	31171880	64821434	9300966888	50	150	Paolo_Manghi	27.06405159	1
2021-10-14.YachidaS_2019.relative_abundance.SAMD00114769	YachidaS_2019	sub_10206	stool	control	healthy	71	senior	male	JPN	no	IlluminaHiSeq	31171880	54530440	7847902371	50	150	Paolo_Manghi	25.15589569	0
2021-10-14.YachidaS_2019.relative_abundance.SAMD00114770	YachidaS_2019	sub_10207	stool	control	healthy	73	senior	male	JPN	no	IlluminaHiSeq	31171880	78080141	11071213007	50	150	Paolo_Manghi	25.81663021	0
2021-10-14.YachidaS_2019.relative_abundance.SAMD00114771	YachidaS_2019	sub_10208	stool	control	healthy	77	senior	male	JPN	no	IlluminaHiSeq	31171880	34556990	5014169854	50	150	Paolo_Manghi	24.609375	0
2021-10-14.YachidaS_2019.relative_abundance.SAMD00114772	YachidaS_2019	sub_10213	stool	CRC	CRC	49	adult	male	JPN	no	IlluminaHiSeq	31171880	40077748	5742793757	50	150	Paolo_Manghi	26.12244898	1
2021-10-14.YachidaS_2019.relative_abundance.SAMD00114773	YachidaS_2019	sub_10215	stool	control	healthy	78	senior	female	JPN	no	IlluminaHiSeq	31171880	39030582	5383000147	50	150	Paolo_Manghi	20.42941836	0
2021-10-14.YachidaS_2019.relative_abundance.SAMD00114774	YachidaS_2019	sub_10306	stool	CRC	CRC	69	senior	male	JPN	no	IlluminaHiSeq	31171880	44934410	6133073557	50	150	Paolo_Manghi	19.43301326	1
2021-10-14.YachidaS_2019.relative_abundance.SAMD00114775	YachidaS_2019	sub_10307	stool	CRC	CRC	49	adult	female	JPN	no	IlluminaHiSeq	31171880	58057618	8045964065	50	150	Paolo_Manghi	22.64086462	1
2021-10-14.YachidaS_2019.relative_abundance.SAMD00114776	YachidaS_2019	sub_10308	stool	CRC	CRC	69	senior	female	JPN	no	IlluminaHiSeq	31171880	59898318	8192244032	50	150	Paolo_Manghi	20.613131	1
2021-10-14.YachidaS_2019.relative_abundance.SAMD00114777	YachidaS_2019	sub_10309	stool	CRC	CRC	70	senior	male	JPN	no	IlluminaHiSeq	31171880	52012076	7075727499	50	150	Paolo_Manghi	26.76977989	1
2021-10-14.YachidaS_2019.relative_abundance.SAMD00114778	YachidaS_2019	sub_10315	stool	control	healthy	59	adult	female	JPN	no	IlluminaHiSeq	31171880	33340404	4923550468	50	150	Paolo_Manghi	20.02884153	0
2021-10-14.YachidaS_2019.relative_abundance.SAMD00114779	YachidaS_2019	sub_10317	stool	control	healthy	68	senior	male	JPN	no	IlluminaHiSeq	31171880	53658766	7446800430	50	150	Paolo_Manghi	23.1206236	0
2021-10-14.YachidaS_2019.relative_abundance.SAMD00114780	YachidaS_2019	sub_10301	stool	control	healthy	77	senior	female	JPN	no	IlluminaHiSeq	31171880	27797116	4095687367	50	150	Paolo_Manghi	22.85714286	0
2021-10-14.YachidaS_2019.relative_abundance.SAMD00114781	YachidaS_2019	sub_10302	stool	control	healthy	64	adult	male	JPN	no	IlluminaHiSeq	31171880	28408932	3890370691	50	150	Paolo_Manghi	20.51913409	0
2021-10-14.YachidaS_2019.relative_abundance.SAMD00114782	YachidaS_2019	sub_10303	stool	CRC	CRC	44	adult	female	JPN	no	IlluminaHiSeq	31171880	49789119	6795738690	50	150	Paolo_Manghi	26.6727633	1
2021-10-14.YachidaS_2019.relative_abundance.SAMD00114783	YachidaS_2019	sub_10353	stool	control	healthy	50	adult	female	JPN	no	IlluminaHiSeq	31171880	41692181	5932336432	50	150	Paolo_Manghi	20.34279778	0
2021-10-14.YachidaS_2019.relative_abundance.SAMD00114784	YachidaS_2019	sub_10354	stool	control	healthy	60	adult	female	JPN	no	IlluminaHiSeq	31171880	31034600	4567654797	50	150	Paolo_Manghi	21.11090261	0
2021-10-14.YachidaS_2019.relative_abundance.SAMD00114785	YachidaS_2019	sub_10357	stool	control	healthy	71	senior	female	JPN	no	IlluminaHiSeq	31171880	43669098	6156205882	50	150	Paolo_Manghi	24.609375	0
2021-10-14.YachidaS_2019.relative_abundance.SAMD00114786	YachidaS_2019	sub_10358	stool	CRC	CRC	61	adult	female	JPN	no	IlluminaHiSeq	31171880	48269636	6839309774	50	150	Paolo_Manghi	24.609375	1
2021-10-14.YachidaS_2019.relative_abundance.SAMD00114788	YachidaS_2019	sub_10338	stool	CRC	CRC	57	adult	male	JPN	no	IlluminaHiSeq	31171880	64587232	8951773058	50	150	Paolo_Manghi	25.43268596	1
2021-10-14.YachidaS_2019.relative_abundance.SAMD00114789	YachidaS_2019	sub_10341	stool	control	healthy	58	adult	female	JPN	no	IlluminaHiSeq	31171880	71692730	9889236232	50	150	Paolo_Manghi	22.54657648	0
2021-10-14.YachidaS_2019.relative_abundance.SAMD00114790	YachidaS_2019	sub_10345	stool	CRC	CRC	73	senior	female	JPN	no	IlluminaHiSeq	31171880	57733338	8091056895	50	150	Paolo_Manghi	26.57312925	1
2021-10-14.YachidaS_2019.relative_abundance.SAMD00114791	YachidaS_2019	sub_10349	stool	control	healthy	62	adult	female	JPN	no	IlluminaHiSeq	31171880	58876212	8216936813	50	150	Paolo_Manghi	19.921875	0
2021-10-14.YachidaS_2019.relative_abundance.SAMD00114792	YachidaS_2019	sub_10350	stool	control	healthy	67	senior	female	JPN	no	IlluminaHiSeq	31171880	101364988	14102828544	50	150	Paolo_Manghi	26.04166667	0
2021-10-14.YachidaS_2019.relative_abundance.SAMD00114793	YachidaS_2019	sub_10248	stool	CRC	CRC	62	adult	male	JPN	no	IlluminaHiSeq	31171880	58485556	8102503190	50	150	Paolo_Manghi	23.95122659	1
2021-10-14.YachidaS_2019.relative_abundance.SAMD00114794	YachidaS_2019	sub_10249	stool	CRC	CRC	47	adult	male	JPN	no	IlluminaHiSeq	31171880	53795300	7328341125	50	150	Paolo_Manghi	21.4532872	1
2021-10-14.YachidaS_2019.relative_abundance.SAMD00114795	YachidaS_2019	sub_10250	stool	control	healthy	47	adult	male	JPN	no	IlluminaHiSeq	31171880	48706320	7112691790	50	150	Paolo_Manghi	20.67901235	0
2021-10-14.YachidaS_2019.relative_abundance.SAMD00114796	YachidaS_2019	sub_10258	stool	control	healthy	42	adult	male	JPN	no	IlluminaHiSeq	31171880	80340550	11117409830	50	150	Paolo_Manghi	33.14	0
2021-10-14.YachidaS_2019.relative_abundance.SAMD00114797	YachidaS_2019	sub_10260	stool	CRC	CRC	63	adult	female	JPN	no	IlluminaHiSeq	31171880	76264028	10659993759	50	150	Paolo_Manghi	20.13477975	1
2021-10-14.YachidaS_2019.relative_abundance.SAMD00114798	YachidaS_2019	sub_10262	stool	control	healthy	45	adult	male	JPN	no	IlluminaHiSeq	31171880	28071775	4020310152	50	150	Paolo_Manghi	22.22222222	0
2021-10-14.YachidaS_2019.relative_abundance.SAMD00114799	YachidaS_2019	sub_10265	stool	CRC	CRC	73	senior	male	JPN	no	IlluminaHiSeq	31171880	57029126	8084849742	50	150	Paolo_Manghi	24.6097337	1
2021-10-14.YachidaS_2019.relative_abundance.SAMD00114800	YachidaS_2019	sub_10244	stool	control	healthy	74	senior	male	JPN	no	IlluminaHiSeq	31171880	74972038	10264722639	50	150	Paolo_Manghi	25.05930703	0
2021-10-14.YachidaS_2019.relative_abundance.SAMD00114803	YachidaS_2019	sub_10527	stool	CRC	CRC	62	adult	male	JPN	no	IlluminaHiSeq	31171880	32179158	4710443973	50	150	Paolo_Manghi	24.61810377	1
2021-10-14.YachidaS_2019.relative_abundance.SAMD00114804	YachidaS_2019	sub_10459	stool	CRC	CRC	73	senior	female	JPN	no	IlluminaHiSeq	31171880	46366076	6738032150	50	150	Paolo_Manghi	19.56295525	1
2021-10-14.YachidaS_2019.relative_abundance.SAMD00114805	YachidaS_2019	sub_10461	stool	CRC	CRC	46	adult	male	JPN	no	IlluminaHiSeq	31171880	45226958	6603287365	50	150	Paolo_Manghi	19.15119182	1
2021-10-14.YachidaS_2019.relative_abundance.SAMD00114806	YachidaS_2019	sub_10462	stool	CRC	CRC	61	adult	female	JPN	no	IlluminaHiSeq	31171880	45425344	6662890617	50	150	Paolo_Manghi	21.64127424	1
2021-10-14.YachidaS_2019.relative_abundance.SAMD00114807	YachidaS_2019	sub_10463	stool	control	healthy	76	senior	female	JPN	no	IlluminaHiSeq	31171880	46442310	6795423444	50	150	Paolo_Manghi	19.11111111	0
2021-10-14.YachidaS_2019.relative_abundance.SAMD00114808	YachidaS_2019	sub_10464	stool	CRC	CRC	76	senior	male	JPN	no	IlluminaHiSeq	31171880	43415610	6365959310	50	150	Paolo_Manghi	24.65303141	1
2021-10-14.YachidaS_2019.relative_abundance.SAMD00114809	YachidaS_2019	sub_10465	stool	control	healthy	47	adult	female	JPN	no	IlluminaHiSeq	31171880	42939262	6273084501	50	150	Paolo_Manghi	22.37567995	0
2021-10-14.YachidaS_2019.relative_abundance.SAMD00114810	YachidaS_2019	sub_10468	stool	CRC	CRC	52	adult	male	JPN	no	IlluminaHiSeq	31171880	45695900	6654616237	50	150	Paolo_Manghi	23.25501864	1
2021-10-14.YachidaS_2019.relative_abundance.SAMD00114811	YachidaS_2019	sub_10469	stool	CRC	CRC	69	senior	male	JPN	no	IlluminaHiSeq	31171880	43106410	6301880523	50	150	Paolo_Manghi	16.14152893	1
2021-10-14.YachidaS_2019.relative_abundance.SAMD00114812	YachidaS_2019	sub_10473	stool	control	healthy	71	senior	male	JPN	no	IlluminaHiSeq	31171880	42177158	6118205123	50	150	Paolo_Manghi	22.64737696	0
2021-10-14.YachidaS_2019.relative_abundance.SAMD00114813	YachidaS_2019	sub_10476	stool	CRC	CRC	70	senior	female	JPN	no	IlluminaHiSeq	31171880	39561620	5731747535	50	150	Paolo_Manghi	17.34842951	1
2021-10-14.YachidaS_2019.relative_abundance.SAMD00114814	YachidaS_2019	sub_10480	stool	CRC	CRC	53	adult	male	JPN	no	IlluminaHiSeq	31171880	43363386	6340261545	50	150	Paolo_Manghi	20.76124567	1
2021-10-14.YachidaS_2019.relative_abundance.SAMD00114815	YachidaS_2019	sub_10183	stool	control	healthy	68	senior	male	JPN	no	IlluminaHiSeq	31171880	35589834	5234257605	50	150	Paolo_Manghi	23.7953599	0
2021-10-14.YachidaS_2019.relative_abundance.SAMD00114816	YachidaS_2019	sub_10389	stool	CRC	CRC	70	senior	male	JPN	no	IlluminaHiSeq	31171880	32108586	4692596582	50	150	Paolo_Manghi	21.04804761	1
2021-10-14.YachidaS_2019.relative_abundance.SAMD00114817	YachidaS_2019	sub_10514	stool	CRC	CRC	59	adult	male	JPN	no	IlluminaHiSeq	31171880	33905640	4961915216	50	150	Paolo_Manghi	24.84098009	1
2021-10-14.YachidaS_2019.relative_abundance.SAMD00114818	YachidaS_2019	sub_10519	stool	control	healthy	71	senior	male	JPN	no	IlluminaHiSeq	31171880	36478210	5358351533	50	150	Paolo_Manghi	22.94213045	0
2021-10-14.YachidaS_2019.relative_abundance.SAMD00114819	YachidaS_2019	sub_10456	stool	control	healthy	74	senior	male	JPN	no	IlluminaHiSeq	31171880	31669124	4648709131	50	150	Paolo_Manghi	20.61925365	0
2021-10-14.YachidaS_2019.relative_abundance.SAMD00114822	YachidaS_2019	sub_10492	stool	CRC	CRC	63	adult	male	JPN	no	IlluminaHiSeq	31171880	45558504	6663736476	50	150	Paolo_Manghi	24.85907356	1
2021-10-14.YachidaS_2019.relative_abundance.SAMD00114823	YachidaS_2019	sub_10503	stool	CRC	CRC	69	senior	male	JPN	no	IlluminaHiSeq	31171880	30479492	4446437965	50	150	Paolo_Manghi	25.72755521	1
2021-10-14.YachidaS_2019.relative_abundance.SAMD00114824	YachidaS_2019	sub_10510	stool	control	healthy	52	adult	male	JPN	no	IlluminaHiSeq	31171880	44008140	6417486853	50	150	Paolo_Manghi	21.30394858	0
2021-10-14.YachidaS_2019.relative_abundance.SAMD00114825	YachidaS_2019	sub_10513	stool	CRC	CRC	70	senior	male	JPN	no	IlluminaHiSeq	31171880	43062649	6262276088	50	150	Paolo_Manghi	20.57613169	1
2021-10-14.YachidaS_2019.relative_abundance.SAMD00114826	YachidaS_2019	sub_10483	stool	CRC	CRC	63	adult	female	JPN	no	IlluminaHiSeq	31171880	42938858	6252293877	50	150	Paolo_Manghi	17.4817898	1
2021-10-14.YachidaS_2019.relative_abundance.SAMD00114829	YachidaS_2019	sub_10486	stool	control	healthy	65	adult	female	JPN	no	IlluminaHiSeq	31171880	49772576	7199905782	50	150	Paolo_Manghi	19.81892708	0
2021-10-14.YachidaS_2019.relative_abundance.SAMD00114830	YachidaS_2019	sub_10487	stool	control	healthy	78	senior	male	JPN	no	IlluminaHiSeq	31171880	42579228	6188308071	50	150	Paolo_Manghi	21.09375	0
2021-10-14.YachidaS_2019.relative_abundance.SAMD00114832	YachidaS_2019	sub_10144	stool	control	healthy	77	senior	female	JPN	no	IlluminaHiSeq	31171880	40953668	5984367815	50	150	Paolo_Manghi	21.28742654	0
2021-10-14.YachidaS_2019.relative_abundance.SAMD00114833	YachidaS_2019	sub_10151	stool	control	healthy	59	adult	female	JPN	no	IlluminaHiSeq	31171880	38204316	5603688139	50	150	Paolo_Manghi	22.22222222	0
2021-10-14.YachidaS_2019.relative_abundance.SAMD00114834	YachidaS_2019	sub_10169	stool	control	healthy	76	senior	male	JPN	no	IlluminaHiSeq	31171880	40112171	5865243226	50	150	Paolo_Manghi	22.10028959	0
2021-10-14.YachidaS_2019.relative_abundance.SAMD00114835	YachidaS_2019	sub_10523	stool	CRC	CRC	50	adult	male	JPN	no	IlluminaHiSeq	31171880	18467078	2700183637	50	150	Paolo_Manghi	23.49	1
2021-10-14.YachidaS_2019.relative_abundance.SAMD00114836	YachidaS_2019	sub_10525	stool	CRC	CRC	68	senior	male	JPN	no	IlluminaHiSeq	31171880	42312294	6069302958	50	150	Paolo_Manghi	23.87511478	1
2021-10-14.YachidaS_2019.relative_abundance.SAMD00114837	YachidaS_2019	sub_10591	stool	control	healthy	51	adult	male	JPN	no	IlluminaHiSeq	31171880	35637906	5226007304	50	150	Paolo_Manghi	29.04370899	0
2021-10-14.YachidaS_2019.relative_abundance.SAMD00114838	YachidaS_2019	sub_10592	stool	control	healthy	54	adult	male	JPN	no	IlluminaHiSeq	31171880	33396206	4877999994	50	150	Paolo_Manghi	23.71184463	0
2021-10-14.YachidaS_2019.relative_abundance.SAMD00114839	YachidaS_2019	sub_10598	stool	CRC	CRC	65	adult	male	JPN	no	IlluminaHiSeq	31171880	30655796	4436783396	50	150	Paolo_Manghi	25.05930703	1
2021-10-14.YachidaS_2019.relative_abundance.SAMD00114840	YachidaS_2019	sub_10604	stool	CRC	CRC	69	senior	male	JPN	no	IlluminaHiSeq	31171880	36702095	5351408216	50	150	Paolo_Manghi	21.51385851	1
2021-10-14.YachidaS_2019.relative_abundance.SAMD00114841	YachidaS_2019	sub_10532	stool	CRC	CRC	60	adult	male	JPN	no	IlluminaHiSeq	31171880	34079756	4999562836	50	150	Paolo_Manghi	23.22543185	1
2021-10-14.YachidaS_2019.relative_abundance.SAMD00114842	YachidaS_2019	sub_10537	stool	control	healthy	76	senior	female	JPN	no	IlluminaHiSeq	31171880	37763014	5510583785	50	150	Paolo_Manghi	23.42209073	0
2021-10-14.YachidaS_2019.relative_abundance.SAMD00114843	YachidaS_2019	sub_10541	stool	control	healthy	53	adult	female	JPN	no	IlluminaHiSeq	31171880	33366300	4888766664	50	150	Paolo_Manghi	18.66201469	0
2021-10-14.YachidaS_2019.relative_abundance.SAMD00114844	YachidaS_2019	sub_10542	stool	CRC	CRC	71	senior	female	JPN	no	IlluminaHiSeq	31171880	33867234	4969116966	50	150	Paolo_Manghi	31.11111111	1
2021-10-14.YachidaS_2019.relative_abundance.SAMD00114845	YachidaS_2019	sub_10543	stool	control	healthy	55	adult	male	JPN	no	IlluminaHiSeq	31171880	38147148	5596488202	50	150	Paolo_Manghi	26.81221871	0
2021-10-14.YachidaS_2019.relative_abundance.SAMD00114846	YachidaS_2019	sub_10545	stool	CRC	CRC	66	senior	female	JPN	no	IlluminaHiSeq	31171880	35648332	5233581186	50	150	Paolo_Manghi	20.42941836	1
2021-10-14.YachidaS_2019.relative_abundance.SAMD00114848	YachidaS_2019	sub_10550	stool	CRC	CRC	74	senior	female	JPN	no	IlluminaHiSeq	31171880	33949564	4975217807	50	150	Paolo_Manghi	25.73	1
2021-10-14.YachidaS_2019.relative_abundance.SAMD00114849	YachidaS_2019	sub_10556	stool	CRC	CRC	45	adult	female	JPN	no	IlluminaHiSeq	31171880	30750797	4511745194	50	150	Paolo_Manghi	23.42236836	1
2021-10-14.YachidaS_2019.relative_abundance.SAMD00114850	YachidaS_2019	sub_10559	stool	control	healthy	41	adult	female	JPN	no	IlluminaHiSeq	31171880	35694450	5225348166	50	150	Paolo_Manghi	20.32443826	0
2021-10-14.YachidaS_2019.relative_abundance.SAMD00114852	YachidaS_2019	sub_10576	stool	CRC	CRC	72	senior	male	JPN	no	IlluminaHiSeq	31171880	43838962	6421720047	50	150	Paolo_Manghi	22.03856749	1
2021-10-14.YachidaS_2019.relative_abundance.SAMD00114854	YachidaS_2019	sub_10586	stool	control	healthy	78	senior	male	JPN	no	IlluminaHiSeq	31171880	44657574	6537775734	50	150	Paolo_Manghi	22.15102251	0
2021-10-14.YachidaS_2019.relative_abundance.SAMD00114856	YachidaS_2019	sub_10609	stool	CRC	CRC	51	adult	male	JPN	no	IlluminaHiSeq	31171880	41298376	6039422370	50	150	Paolo_Manghi	18.16620425	1
2021-10-14.YachidaS_2019.relative_abundance.SAMD00114857	YachidaS_2019	sub_10505	stool	CRC	CRC	65	adult	female	JPN	no	IlluminaHiSeq	31171880	37764650	5516818512	50	150	Paolo_Manghi	17.99307958	1
2021-10-14.YachidaS_2019.relative_abundance.SAMD00114858	YachidaS_2019	sub_10508	stool	control	healthy	67	senior	male	JPN	no	IlluminaHiSeq	31171880	40354362	5911816673	50	150	Paolo_Manghi	21.45357371	0
2021-10-14.YachidaS_2019.relative_abundance.SAMD00114859	YachidaS_2019	sub_10589	stool	control	healthy	75	senior	female	JPN	no	IlluminaHiSeq	31171880	40695554	5925622603	50	150	Paolo_Manghi	22.66666667	0
2021-10-14.YachidaS_2019.relative_abundance.SAMD00114860	YachidaS_2019	sub_10593	stool	control	healthy	61	adult	male	JPN	no	IlluminaHiSeq	31171880	41851148	6142637407	50	150	Paolo_Manghi	25.95155709	0
2021-10-14.YachidaS_2019.relative_abundance.SAMD00114862	YachidaS_2019	sub_10489	stool	control	healthy	78	senior	male	JPN	no	IlluminaHiSeq	31171880	45454146	6648229136	50	150	Paolo_Manghi	22.86236854	0
2021-10-14.YachidaS_2019.relative_abundance.SAMD00114863	YachidaS_2019	sub_10566	stool	CRC	CRC	59	adult	female	JPN	no	IlluminaHiSeq	31171880	33271872	4883791076	50	150	Paolo_Manghi	22.65625	1
2021-10-14.YachidaS_2019.relative_abundance.SAMD00114865	YachidaS_2019	sub_10570	stool	control	healthy	45	adult	male	JPN	no	IlluminaHiSeq	31171880	34808755	5120578302	50	150	Paolo_Manghi	23.95122659	0
2021-10-14.YachidaS_2019.relative_abundance.SAMD00114867	YachidaS_2019	sub_10577	stool	control	healthy	61	adult	female	JPN	no	IlluminaHiSeq	31171880	33452532	4904913915	50	150	Paolo_Manghi	27.00513097	0
2021-10-14.YachidaS_2019.relative_abundance.SAMD00114868	YachidaS_2019	sub_10584	stool	CRC	CRC	51	adult	male	JPN	no	IlluminaHiSeq	31171880	29674692	4364080450	50	150	Paolo_Manghi	22.72440348	1
2021-10-14.YachidaS_2019.relative_abundance.SAMD00114869	YachidaS_2019	sub_10585	stool	control	healthy	66	senior	female	JPN	no	IlluminaHiSeq	31171880	37224994	5466373230	50	150	Paolo_Manghi	31.62421994	0
2021-10-14.YachidaS_2019.relative_abundance.SAMD00114870	YachidaS_2019	sub_10615	stool	CRC	CRC	75	senior	female	JPN	no	IlluminaHiSeq	31171880	39336186	5768585201	50	150	Paolo_Manghi	18.97453196	1
2021-10-14.YachidaS_2019.relative_abundance.SAMD00114871	YachidaS_2019	sub_10616	stool	CRC	CRC	64	adult	male	JPN	no	IlluminaHiSeq	31171880	42716789	6257013250	50	150	Paolo_Manghi	23.10843458	1
2021-10-14.YachidaS_2019.relative_abundance.SAMD00114872	YachidaS_2019	sub_10622	stool	control	healthy	62	adult	female	JPN	no	IlluminaHiSeq	31171880	40432928	5936884616	50	150	Paolo_Manghi	18.19548277	0
2021-10-14.YachidaS_2019.relative_abundance.SAMD00114873	YachidaS_2019	sub_10627	stool	control	healthy	57	adult	male	JPN	no	IlluminaHiSeq	31171880	41668918	6115476265	50	150	Paolo_Manghi	23.24380165	0
2021-10-14.YachidaS_2019.relative_abundance.SAMD00114874	YachidaS_2019	sub_10647	stool	control	healthy	76	senior	male	JPN	no	IlluminaHiSeq	31171880	42066421	6174743097	50	150	Paolo_Manghi	21.79930796	0
2021-10-14.YachidaS_2019.relative_abundance.SAMD00114875	YachidaS_2019	sub_10648	stool	CRC	CRC	70	senior	female	JPN	no	IlluminaHiSeq	31171880	42286928	6222683867	50	150	Paolo_Manghi	23.14049587	1
2021-10-14.YachidaS_2019.relative_abundance.SAMD00114876	YachidaS_2019	sub_10663	stool	control	healthy	73	senior	male	JPN	no	IlluminaHiSeq	31171880	43778130	6425844501	50	150	Paolo_Manghi	24.30248706	0
2021-10-14.YachidaS_2019.relative_abundance.SAMD00114877	YachidaS_2019	sub_10671	stool	CRC	CRC	71	senior	male	JPN	no	IlluminaHiSeq	31171880	34780136	5104555268	50	150	Paolo_Manghi	22.48132907	1
2021-10-14.YachidaS_2019.relative_abundance.SAMD00114878	YachidaS_2019	sub_10674	stool	CRC	CRC	47	adult	male	JPN	no	IlluminaHiSeq	31171880	41480482	6088042409	50	150	Paolo_Manghi	35.20104514	1
2021-10-14.YachidaS_2019.relative_abundance.SAMD00114879	YachidaS_2019	sub_10775	stool	CRC	CRC	66	senior	male	JPN	no	IlluminaHiSeq	31171880	52129746	7571015295	50	150	Paolo_Manghi	18.71094925	1
2021-10-14.YachidaS_2019.relative_abundance.SAMD00114880	YachidaS_2019	sub_10776	stool	control	healthy	42	adult	female	JPN	no	IlluminaHiSeq	31171880	71087499	10389944355	50	150	Paolo_Manghi	25.59373706	0
2021-10-14.YachidaS_2019.relative_abundance.SAMD00114881	YachidaS_2019	sub_10801	stool	control	healthy	68	senior	female	JPN	no	IlluminaHiSeq	31171880	66782180	9731250867	50	150	Paolo_Manghi	19.50059453	0
2021-10-14.YachidaS_2019.relative_abundance.SAMD00114882	YachidaS_2019	sub_10804	stool	control	healthy	74	senior	female	JPN	no	IlluminaHiSeq	31171880	38361254	5603125855	50	150	Paolo_Manghi	24.34960912	0
2021-10-14.YachidaS_2019.relative_abundance.SAMD00114883	YachidaS_2019	sub_10812	stool	CRC	CRC	64	adult	male	JPN	no	IlluminaHiSeq	31171880	62116010	9057735005	50	150	Paolo_Manghi	23.83673469	1
2021-10-14.YachidaS_2019.relative_abundance.SAMD00114884	YachidaS_2019	sub_10813	stool	CRC	CRC	32	adult	female	JPN	no	IlluminaHiSeq	31171880	30032752	4392262187	50	150	Paolo_Manghi	22.34778209	1
2021-10-14.YachidaS_2019.relative_abundance.SAMD00114885	YachidaS_2019	sub_10835	stool	control	healthy	74	senior	male	JPN	no	IlluminaHiSeq	31171880	56337492	8230614316	50	150	Paolo_Manghi	20.703125	0
2021-10-14.YachidaS_2019.relative_abundance.SAMD00114886	YachidaS_2019	sub_10853	stool	CRC	CRC	65	adult	male	JPN	no	IlluminaHiSeq	31171880	38240294	5605676168	50	150	Paolo_Manghi	27.18089991	1
2021-10-14.YachidaS_2019.relative_abundance.SAMD00114888	YachidaS_2019	sub_10620	stool	control	healthy	63	adult	male	JPN	no	IlluminaHiSeq	31171880	40080926	5888370187	50	150	Paolo_Manghi	20.89795918	0
2021-10-14.YachidaS_2019.relative_abundance.SAMD00114889	YachidaS_2019	sub_10621	stool	control	healthy	60	adult	male	JPN	no	IlluminaHiSeq	31171880	40372512	5944083879	50	150	Paolo_Manghi	20.80856124	0
2021-10-14.YachidaS_2019.relative_abundance.SAMD00114891	YachidaS_2019	sub_10635	stool	CRC	CRC	77	senior	male	JPN	no	IlluminaHiSeq	31171880	38539850	5648848651	50	150	Paolo_Manghi	23.33768443	1
2021-10-14.YachidaS_2019.relative_abundance.SAMD00114892	YachidaS_2019	sub_10645	stool	CRC	CRC	49	adult	female	JPN	no	IlluminaHiSeq	31171880	41235983	5995084694	50	150	Paolo_Manghi	19.38214469	1
2021-10-14.YachidaS_2019.relative_abundance.SAMD00114893	YachidaS_2019	sub_10646	stool	CRC	CRC	67	senior	female	JPN	no	IlluminaHiSeq	31171880	36471246	5299259399	50	150	Paolo_Manghi	20.17455375	1
2021-10-14.YachidaS_2019.relative_abundance.SAMD00114894	YachidaS_2019	sub_10660	stool	CRC	CRC	67	senior	female	JPN	no	IlluminaHiSeq	31171880	38147874	5603472266	50	150	Paolo_Manghi	25.43748081	1
2021-10-14.YachidaS_2019.relative_abundance.SAMD00114895	YachidaS_2019	sub_10661	stool	control	healthy	49	adult	female	JPN	no	IlluminaHiSeq	31171880	40634557	5943253116	50	150	Paolo_Manghi	22.30814991	0
2021-10-14.YachidaS_2019.relative_abundance.SAMD00114896	YachidaS_2019	sub_10668	stool	CRC	CRC	74	senior	male	JPN	no	IlluminaHiSeq	31171880	39806780	5827263744	50	150	Paolo_Manghi	25.95155709	1
2021-10-14.YachidaS_2019.relative_abundance.SAMD00114897	YachidaS_2019	sub_10670	stool	CRC	CRC	69	senior	male	JPN	no	IlluminaHiSeq	31171880	37502732	5501946032	50	150	Paolo_Manghi	19.36247266	1
2021-10-14.YachidaS_2019.relative_abundance.SAMD00114898	YachidaS_2019	sub_10684	stool	control	healthy	61	adult	female	JPN	no	IlluminaHiSeq	31171880	46481570	6827186150	50	150	Paolo_Manghi	18.59103675	0
2021-10-14.YachidaS_2019.relative_abundance.SAMD00114899	YachidaS_2019	sub_10794	stool	control	healthy	54	adult	female	JPN	no	IlluminaHiSeq	31171880	33376030	4880570246	50	150	Paolo_Manghi	22.18934911	0
2021-10-14.YachidaS_2019.relative_abundance.SAMD00114900	YachidaS_2019	sub_10805	stool	control	healthy	54	adult	female	JPN	no	IlluminaHiSeq	31171880	44139434	6445674514	50	150	Paolo_Manghi	19.6282647	0
2021-10-14.YachidaS_2019.relative_abundance.SAMD00114901	YachidaS_2019	sub_10807	stool	control	healthy	74	senior	female	JPN	no	IlluminaHiSeq	31171880	45493632	6643920508	50	150	Paolo_Manghi	20.83	0
2021-10-14.YachidaS_2019.relative_abundance.SAMD00114902	YachidaS_2019	sub_10814	stool	CRC	CRC	78	senior	male	JPN	no	IlluminaHiSeq	31171880	76882758	11145347897	50	150	Paolo_Manghi	29.7210791	1
2021-10-14.YachidaS_2019.relative_abundance.SAMD00114903	YachidaS_2019	sub_10816	stool	CRC	CRC	70	senior	female	JPN	no	IlluminaHiSeq	31171880	51224952	7480427866	50	150	Paolo_Manghi	23.06805075	1
2021-10-14.YachidaS_2019.relative_abundance.SAMD00114905	YachidaS_2019	sub_10827	stool	CRC	CRC	73	senior	male	JPN	no	IlluminaHiSeq	31171880	56267618	8247920836	50	150	Paolo_Manghi	22.91303307	1
2021-10-14.YachidaS_2019.relative_abundance.SAMD00114906	YachidaS_2019	sub_10838	stool	control	healthy	75	senior	female	JPN	no	IlluminaHiSeq	31171880	34121968	4977321355	50	150	Paolo_Manghi	21.17021756	0
2021-10-14.YachidaS_2019.relative_abundance.SAMD00114907	YachidaS_2019	sub_10839	stool	CRC	CRC	58	adult	male	JPN	no	IlluminaHiSeq	31171880	58924808	8559478870	50	150	Paolo_Manghi	19.605192	1
2021-10-14.YachidaS_2019.relative_abundance.SAMD00114908	YachidaS_2019	sub_10698	stool	control	healthy	71	senior	male	JPN	no	IlluminaHiSeq	31171880	36221992	5298250414	50	150	Paolo_Manghi	23.38435374	0
2021-10-14.YachidaS_2019.relative_abundance.SAMD00114909	YachidaS_2019	sub_10709	stool	CRC	CRC	56	adult	female	JPN	no	IlluminaHiSeq	31171880	40027278	5856700659	50	150	Paolo_Manghi	23.01117686	1
2021-10-14.YachidaS_2019.relative_abundance.SAMD00114910	YachidaS_2019	sub_10717	stool	CRC	CRC	69	senior	male	JPN	no	IlluminaHiSeq	31171880	41919064	6138573642	50	150	Paolo_Manghi	22.83950617	1
2021-10-14.YachidaS_2019.relative_abundance.SAMD00114911	YachidaS_2019	sub_10718	stool	CRC	CRC	52	adult	male	JPN	no	IlluminaHiSeq	31171880	37900346	5561707380	50	150	Paolo_Manghi	23.66524436	1
2021-10-14.YachidaS_2019.relative_abundance.SAMD00114912	YachidaS_2019	sub_10725	stool	CRC	CRC	78	senior	male	JPN	no	IlluminaHiSeq	31171880	40775477	5981611447	50	150	Paolo_Manghi	25.90945695	1
2021-10-14.YachidaS_2019.relative_abundance.SAMD00114913	YachidaS_2019	sub_10726	stool	control	healthy	69	senior	male	JPN	no	IlluminaHiSeq	31171880	47404834	6953785125	50	150	Paolo_Manghi	22.14532872	0
2021-10-14.YachidaS_2019.relative_abundance.SAMD00114914	YachidaS_2019	sub_10749	stool	CRC	CRC	65	adult	female	JPN	no	IlluminaHiSeq	31171880	42034798	6152050163	50	150	Paolo_Manghi	24.91990032	1
2021-10-14.YachidaS_2019.relative_abundance.SAMD00114915	YachidaS_2019	sub_10761	stool	CRC	CRC	54	adult	female	JPN	no	IlluminaHiSeq	31171880	24956278	3658139787	50	150	Paolo_Manghi	20.56880661	1
2021-10-14.YachidaS_2019.relative_abundance.SAMD00114916	YachidaS_2019	sub_10762	stool	CRC	CRC	63	adult	female	JPN	no	IlluminaHiSeq	31171880	41212552	6034336102	50	150	Paolo_Manghi	19.81784449	1
2021-10-14.YachidaS_2019.relative_abundance.SAMD00114917	YachidaS_2019	sub_10765	stool	CRC	CRC	49	adult	male	JPN	no	IlluminaHiSeq	31171880	10528938	1543931695	50	150	Paolo_Manghi	37.55102041	1
2021-10-14.YachidaS_2019.relative_abundance.SAMD00114918	YachidaS_2019	sub_10701	stool	control	healthy	42	adult	male	JPN	no	IlluminaHiSeq	31171880	42451940	6198285404	50	150	Paolo_Manghi	26.17383255	0
2021-10-14.YachidaS_2019.relative_abundance.SAMD00114919	YachidaS_2019	sub_10713	stool	CRC	CRC	63	adult	male	JPN	no	IlluminaHiSeq	31171880	32801268	4783419261	50	150	Paolo_Manghi	19.75308642	1
2021-10-14.YachidaS_2019.relative_abundance.SAMD00114920	YachidaS_2019	sub_10714	stool	CRC	CRC	59	adult	female	JPN	no	IlluminaHiSeq	31171880	47219293	6875666831	50	150	Paolo_Manghi	20.9566075	1
2021-10-14.YachidaS_2019.relative_abundance.SAMD00114921	YachidaS_2019	sub_10720	stool	CRC	CRC	39	adult	male	JPN	no	IlluminaHiSeq	31171880	51186632	7489198805	50	150	Paolo_Manghi	19.37919743	1
2021-10-14.YachidaS_2019.relative_abundance.SAMD00114922	YachidaS_2019	sub_10722	stool	CRC	CRC	67	senior	female	JPN	no	IlluminaHiSeq	31171880	36330902	5313396288	50	150	Paolo_Manghi	21.45726808	1
2021-10-14.YachidaS_2019.relative_abundance.SAMD00114924	YachidaS_2019	sub_10745	stool	CRC	CRC	69	senior	female	JPN	no	IlluminaHiSeq	31171880	30424104	4448494240	50	150	Paolo_Manghi	19.77769867	1
2021-10-14.YachidaS_2019.relative_abundance.SAMD00114925	YachidaS_2019	sub_10756	stool	CRC	CRC	50	adult	male	JPN	no	IlluminaHiSeq	31171880	39491254	5766053421	50	150	Paolo_Manghi	22.05219018	1
2021-10-14.YachidaS_2019.relative_abundance.SAMD00114926	YachidaS_2019	sub_10618	stool	control	healthy	73	senior	female	JPN	no	IlluminaHiSeq	31171880	45600382	6684018140	50	150	Paolo_Manghi	20.69049454	0
2021-10-14.YachidaS_2019.relative_abundance.SAMD00114927	YachidaS_2019	sub_10628	stool	CRC	CRC	73	senior	female	JPN	no	IlluminaHiSeq	31171880	38692464	5669798822	50	150	Paolo_Manghi	18.31425598	1
2021-10-14.YachidaS_2019.relative_abundance.SAMD00114929	YachidaS_2019	sub_10639	stool	control	healthy	40	adult	male	JPN	no	IlluminaHiSeq	31171880	41226174	6041888886	50	150	Paolo_Manghi	22.98190175	0
2021-10-14.YachidaS_2019.relative_abundance.SAMD00114931	YachidaS_2019	sub_10656	stool	CRC	CRC	70	senior	male	JPN	no	IlluminaHiSeq	31171880	41111578	6025260440	50	150	Paolo_Manghi	24.24242424	1
2021-10-14.YachidaS_2019.relative_abundance.SAMD00114932	YachidaS_2019	sub_10657	stool	control	healthy	69	senior	male	JPN	no	IlluminaHiSeq	31171880	39757652	5836372583	50	150	Paolo_Manghi	24.28097534	0
2021-10-14.YachidaS_2019.relative_abundance.SAMD00114933	YachidaS_2019	sub_10665	stool	CRC	CRC	64	adult	male	JPN	no	IlluminaHiSeq	31171880	38365756	5613249354	50	150	Paolo_Manghi	20.44674202	1
2021-10-14.YachidaS_2019.relative_abundance.SAMD00114934	YachidaS_2019	sub_10675	stool	CRC	CRC	55	adult	male	JPN	no	IlluminaHiSeq	31171880	27460768	4036099049	50	150	Paolo_Manghi	26.17519452	1
2021-10-14.YachidaS_2019.relative_abundance.SAMD00114935	YachidaS_2019	sub_10694	stool	CRC	CRC	53	adult	male	JPN	no	IlluminaHiSeq	31171880	37986890	5568357369	50	150	Paolo_Manghi	26.36560303	1
2021-10-14.YachidaS_2019.relative_abundance.SAMD00114938	YachidaS_2019	sub_10632	stool	control	healthy	76	senior	male	JPN	no	IlluminaHiSeq	31171880	36826545	5405697464	50	150	Paolo_Manghi	25.96952909	0
2021-10-14.YachidaS_2019.relative_abundance.SAMD00114939	YachidaS_2019	sub_10644	stool	CRC	CRC	64	adult	male	JPN	no	IlluminaHiSeq	31171880	36625308	5344469906	50	150	Paolo_Manghi	22.67995241	1
2021-10-14.YachidaS_2019.relative_abundance.SAMD00114940	YachidaS_2019	sub_10659	stool	control	healthy	76	senior	male	JPN	no	IlluminaHiSeq	31171880	79753094	11697326702	50	150	Paolo_Manghi	20.79672989	0
2021-10-14.YachidaS_2019.relative_abundance.SAMD00114941	YachidaS_2019	sub_10667	stool	CRC	CRC	68	senior	male	JPN	no	IlluminaHiSeq	31171880	26539304	3889401175	50	150	Paolo_Manghi	24.76756592	1
2021-10-14.YachidaS_2019.relative_abundance.SAMD00114942	YachidaS_2019	sub_10678	stool	control	healthy	46	adult	female	JPN	no	IlluminaHiSeq	31171880	34714564	5003504210	50	150	Paolo_Manghi	19.95935549	0
2021-10-14.YachidaS_2019.relative_abundance.SAMD00114943	YachidaS_2019	sub_10697	stool	CRC	CRC	47	adult	female	JPN	no	IlluminaHiSeq	31171880	37686800	5528426732	50	150	Paolo_Manghi	18.06616734	1
2021-10-14.YachidaS_2019.relative_abundance.SAMD00114944	YachidaS_2019	sub_10700	stool	CRC	CRC	77	senior	male	JPN	no	IlluminaHiSeq	31171880	28547050	4192788198	50	150	Paolo_Manghi	24.6097337	1
2021-10-14.YachidaS_2019.relative_abundance.SAMD00114945	YachidaS_2019	sub_10741	stool	control	healthy	70	senior	male	JPN	no	IlluminaHiSeq	31171880	17332934	2507576468	50	150	Paolo_Manghi	24.22145329	0
2021-10-14.YachidaS_2019.relative_abundance.SAMD00114946	YachidaS_2019	sub_10754	stool	CRC	CRC	46	adult	female	JPN	no	IlluminaHiSeq	31171880	32161882	4707908266	50	150	Paolo_Manghi	17.44492677	1
2021-10-14.YachidaS_2019.relative_abundance.SAMD00114948	YachidaS_2019	sub_10767	stool	CRC	CRC	72	senior	male	JPN	no	IlluminaHiSeq	31171880	43166386	6312979409	50	150	Paolo_Manghi	24.69040546	1
2021-10-14.YachidaS_2019.relative_abundance.SAMD00114949	YachidaS_2019	sub_10715	stool	CRC	CRC	60	adult	male	JPN	no	IlluminaHiSeq	31171880	37017642	5415312698	50	150	Paolo_Manghi	23.42355741	1
2021-10-14.YachidaS_2019.relative_abundance.SAMD00114950	YachidaS_2019	sub_10716	stool	control	healthy	49	adult	female	JPN	no	IlluminaHiSeq	31171880	41784614	6123261856	50	150	Paolo_Manghi	21.23057202	0
2021-10-14.YachidaS_2019.relative_abundance.SAMD00114951	YachidaS_2019	sub_10723	stool	CRC	CRC	73	senior	male	JPN	no	IlluminaHiSeq	31171880	45085246	6611600573	50	150	Paolo_Manghi	23.30668005	1
2021-10-14.YachidaS_2019.relative_abundance.SAMD00114952	YachidaS_2019	sub_10731	stool	CRC	CRC	60	adult	male	JPN	no	IlluminaHiSeq	31171880	44525932	6510479400	50	150	Paolo_Manghi	21.29529475	1
2021-10-14.YachidaS_2019.relative_abundance.SAMD00114953	YachidaS_2019	sub_10733	stool	control	healthy	63	adult	male	JPN	no	IlluminaHiSeq	31171880	60639270	8872142135	50	150	Paolo_Manghi	22.05805119	0
2021-10-14.YachidaS_2019.relative_abundance.SAMD00114954	YachidaS_2019	sub_10747	stool	CRC	CRC	62	adult	male	JPN	no	IlluminaHiSeq	31171880	28288613	4141675679	50	150	Paolo_Manghi	25.59373706	1
2021-10-14.YachidaS_2019.relative_abundance.SAMD00114956	YachidaS_2019	sub_10760	stool	CRC	CRC	59	adult	female	JPN	no	IlluminaHiSeq	31171880	34212868	5000720529	50	150	Paolo_Manghi	20.504934	1
2021-10-14.YachidaS_2019.relative_abundance.SAMD00114957	YachidaS_2019	sub_10772	stool	CRC	CRC	59	adult	male	JPN	no	IlluminaHiSeq	31171880	75388704	11018288423	50	150	Paolo_Manghi	25.05930703	1
2021-10-14.YachidaS_2019.relative_abundance.SAMD00114958	YachidaS_2019	sub_10774	stool	CRC	CRC	61	adult	female	JPN	no	IlluminaHiSeq	31171880	36703168	5325955275	50	150	Paolo_Manghi	23.61275089	1
2021-10-14.YachidaS_2019.relative_abundance.SAMD00114959	YachidaS_2019	sub_10784	stool	control	healthy	49	adult	male	JPN	no	IlluminaHiSeq	31171880	46731498	6844558145	50	150	Paolo_Manghi	27.39817568	0
2021-10-14.YachidaS_2019.relative_abundance.SAMD00114960	YachidaS_2019	sub_10785	stool	CRC	CRC	62	adult	female	JPN	no	IlluminaHiSeq	31171880	60661170	8837314145	50	150	Paolo_Manghi	22.03172568	1
2021-10-14.YachidaS_2019.relative_abundance.SAMD00114963	YachidaS_2019	sub_10817	stool	control	healthy	65	adult	female	JPN	no	IlluminaHiSeq	31171880	50923086	7413942089	50	150	Paolo_Manghi	24.32322868	0
2021-10-14.YachidaS_2019.relative_abundance.SAMD00114964	YachidaS_2019	sub_10818	stool	CRC	CRC	75	senior	female	JPN	no	IlluminaHiSeq	31171880	37401630	5433741142	50	150	Paolo_Manghi	22.22222222	1
2021-10-14.YachidaS_2019.relative_abundance.SAMD00114965	YachidaS_2019	sub_10829	stool	CRC	CRC	52	adult	male	JPN	no	IlluminaHiSeq	31171880	33055568	4819361636	50	150	Paolo_Manghi	26.42356982	1
2021-10-14.YachidaS_2019.relative_abundance.SAMD00114966	YachidaS_2019	sub_10847	stool	CRC	CRC	73	senior	female	JPN	no	IlluminaHiSeq	31171880	48044830	6960096202	50	150	Paolo_Manghi	20.54569362	1
2021-10-14.YachidaS_2019.relative_abundance.SAMD00114967	YachidaS_2019	sub_10850	stool	control	healthy	51	adult	male	JPN	no	IlluminaHiSeq	31171880	43995136	6412035294	50	150	Paolo_Manghi	28.38480216	0
2021-10-14.YachidaS_2019.relative_abundance.SAMD00114968	YachidaS_2019	sub_10036	stool	control	healthy	64	adult	female	JPN	no	IlluminaHiSeq	31171880	58630590	8209733697	50	150	Paolo_Manghi	21.1552942	0
2021-10-14.YachidaS_2019.relative_abundance.SAMD00114969	YachidaS_2019	sub_10055	stool	CRC	CRC	56	adult	female	JPN	no	IlluminaHiSeq	31171880	49063286	6840483328	50	150	Paolo_Manghi	17.4817898	1
2021-10-14.YachidaS_2019.relative_abundance.SAMD00114970	YachidaS_2019	sub_10037	stool	control	healthy	66	senior	female	JPN	no	IlluminaHiSeq	31171880	56880756	8039395131	50	150	Paolo_Manghi	25.41089965	0
2021-10-14.YachidaS_2019.relative_abundance.SAMD00114971	YachidaS_2019	sub_10031	stool	control	healthy	77	senior	male	JPN	no	IlluminaHiSeq	31171880	41373138	5900413901	50	150	Paolo_Manghi	24.4646016	0
2021-10-14.YachidaS_2019.relative_abundance.SAMD00114972	YachidaS_2019	sub_10033	stool	CRC	CRC	54	adult	female	JPN	no	IlluminaHiSeq	31171880	40177670	5811223699	50	150	Paolo_Manghi	24.74745426	1
2021-10-14.YachidaS_2019.relative_abundance.SAMD00114973	YachidaS_2019	sub_10052	stool	control	healthy	65	adult	male	JPN	no	IlluminaHiSeq	31171880	67261062	9474354102	50	150	Paolo_Manghi	25.39343112	0
2021-10-14.YachidaS_2019.relative_abundance.SAMD00114974	YachidaS_2019	sub_10188	stool	control	healthy	71	senior	female	JPN	no	IlluminaHiSeq	31171880	54696311	6965158871	50	150	Paolo_Manghi	18.01720643	0
2021-10-14.YachidaS_2019.relative_abundance.SAMD00114975	YachidaS_2019	sub_10212	stool	control	healthy	70	senior	male	JPN	no	IlluminaHiSeq	31171880	53365044	7307050989	50	150	Paolo_Manghi	29.27099403	0
2021-10-14.YachidaS_2019.relative_abundance.SAMD00114976	YachidaS_2019	sub_10221	stool	control	healthy	70	senior	male	JPN	no	IlluminaHiSeq	31171880	50778298	7169906876	50	150	Paolo_Manghi	22.0603538	0
2021-10-14.YachidaS_2019.relative_abundance.SAMD00114977	YachidaS_2019	sub_10223	stool	control	healthy	66	senior	male	JPN	no	IlluminaHiSeq	31171880	64633338	9042731896	50	150	Paolo_Manghi	23.66524436	0
2021-10-14.YachidaS_2019.relative_abundance.SAMD00114978	YachidaS_2019	sub_10198	stool	CRC	CRC	76	senior	female	JPN	no	IlluminaHiSeq	31171880	50742080	7110887207	50	150	Paolo_Manghi	29.01307967	1
2021-10-14.YachidaS_2019.relative_abundance.SAMD00114979	YachidaS_2019	sub_10200	stool	control	healthy	49	adult	female	JPN	no	IlluminaHiSeq	31171880	57805020	8070257635	50	150	Paolo_Manghi	19.6311176	0
2021-10-14.YachidaS_2019.relative_abundance.SAMD00114982	YachidaS_2019	sub_10246	stool	control	healthy	64	adult	female	JPN	no	IlluminaHiSeq	31171880	41304672	5877007992	50	150	Paolo_Manghi	23.19109462	0
2021-10-14.YachidaS_2019.relative_abundance.SAMD00114984	YachidaS_2019	sub_10235	stool	control	healthy	62	adult	female	JPN	no	IlluminaHiSeq	31171880	43677986	6203963904	50	150	Paolo_Manghi	22.64086462	0
2021-10-14.YachidaS_2019.relative_abundance.SAMD00114986	YachidaS_2019	sub_10254	stool	control	healthy	67	senior	female	JPN	no	IlluminaHiSeq	31171880	54471736	7823100676	50	150	Paolo_Manghi	19.67516685	0
2021-10-14.YachidaS_2019.relative_abundance.SAMD00114987	YachidaS_2019	sub_10259	stool	control	healthy	69	senior	male	JPN	no	IlluminaHiSeq	31171880	52710810	7620126580	50	150	Paolo_Manghi	24.39105884	0
2021-10-14.YachidaS_2019.relative_abundance.SAMD00114989	YachidaS_2019	sub_10269	stool	control	healthy	76	senior	female	JPN	no	IlluminaHiSeq	31171880	66297122	9468119865	50	150	Paolo_Manghi	24.97398543	0
2021-10-14.YachidaS_2019.relative_abundance.SAMD00114990	YachidaS_2019	sub_10271	stool	control	healthy	68	senior	male	JPN	no	IlluminaHiSeq	31171880	46641772	6564350839	50	150	Paolo_Manghi	22.83737024	0
2021-10-14.YachidaS_2019.relative_abundance.SAMD00114991	YachidaS_2019	sub_10273	stool	control	healthy	69	senior	female	JPN	no	IlluminaHiSeq	31171880	52504830	7313204793	50	150	Paolo_Manghi	22.95908766	0
2021-10-14.YachidaS_2019.relative_abundance.SAMD00114992	YachidaS_2019	sub_10274	stool	control	healthy	62	adult	female	JPN	no	IlluminaHiSeq	31171880	34585294	4936761456	50	150	Paolo_Manghi	19.05197378	0
2021-10-14.YachidaS_2019.relative_abundance.SAMD00114994	YachidaS_2019	sub_10304	stool	control	healthy	44	adult	male	JPN	no	IlluminaHiSeq	31171880	36042754	5205593175	50	150	Paolo_Manghi	22.05219018	0
2021-10-14.YachidaS_2019.relative_abundance.SAMD00114995	YachidaS_2019	sub_10105	stool	control	healthy	66	senior	female	JPN	no	IlluminaHiSeq	31171880	50935818	7360510372	50	150	Paolo_Manghi	19.55555556	0
2021-10-14.YachidaS_2019.relative_abundance.SAMD00114996	YachidaS_2019	sub_10106	stool	control	healthy	72	senior	female	JPN	no	IlluminaHiSeq	31171880	51547602	7418247254	50	150	Paolo_Manghi	22.37034332	0
2021-10-14.YachidaS_2019.relative_abundance.SAMD00114997	YachidaS_2019	sub_10080	stool	control	healthy	74	senior	male	JPN	no	IlluminaHiSeq	31171880	55367955	7918737006	50	150	Paolo_Manghi	20.68515024	0
2021-10-14.YachidaS_2019.relative_abundance.SAMD00114998	YachidaS_2019	sub_10100	stool	control	healthy	70	senior	male	JPN	no	IlluminaHiSeq	31171880	49149970	7120548014	50	150	Paolo_Manghi	23.66143862	0
2021-10-14.YachidaS_2019.relative_abundance.SAMD00115000	YachidaS_2019	sub_10103	stool	CRC	CRC	55	adult	male	JPN	no	IlluminaHiSeq	31171880	47224591	6727471684	50	150	Paolo_Manghi	24.57786715	1
2021-10-14.YachidaS_2019.relative_abundance.SAMD00115001	YachidaS_2019	sub_10320	stool	control	healthy	70	senior	male	JPN	no	IlluminaHiSeq	31171880	44449006	6290180311	50	150	Paolo_Manghi	25.71166208	0
2021-10-14.YachidaS_2019.relative_abundance.SAMD00115002	YachidaS_2019	sub_10335	stool	control	healthy	75	senior	male	JPN	no	IlluminaHiSeq	31171880	50950006	7140034501	50	150	Paolo_Manghi	22.30814991	0
2021-10-14.YachidaS_2019.relative_abundance.SAMD00115003	YachidaS_2019	sub_10339	stool	control	healthy	76	senior	male	JPN	no	IlluminaHiSeq	31171880	39986902	5650534883	50	150	Paolo_Manghi	23.828125	0
2021-10-14.YachidaS_2019.relative_abundance.SAMD00115004	YachidaS_2019	sub_10340	stool	control	healthy	45	adult	female	JPN	no	IlluminaHiSeq	31171880	33296436	4727500399	50	150	Paolo_Manghi	19.22768787	0
2021-10-14.YachidaS_2019.relative_abundance.SAMD00115005	YachidaS_2019	sub_10364	stool	control	healthy	66	senior	male	JPN	no	IlluminaHiSeq	31171880	53510454	7522846100	50	150	Paolo_Manghi	23.4375	0
2021-10-14.YachidaS_2019.relative_abundance.SAMD00115006	YachidaS_2019	sub_10366	stool	CRC	CRC	72	senior	male	JPN	no	IlluminaHiSeq	31171880	49690498	6963881427	50	150	Paolo_Manghi	20.90419501	1
2021-10-14.YachidaS_2019.relative_abundance.SAMD00115007	YachidaS_2019	sub_10371	stool	CRC	CRC	57	adult	female	JPN	no	IlluminaHiSeq	31171880	49833164	6934421383	50	150	Paolo_Manghi	24.45606342	1
2021-10-14.YachidaS_2019.relative_abundance.SAMD00115008	YachidaS_2019	sub_10356	stool	control	healthy	76	senior	male	JPN	no	IlluminaHiSeq	31171880	52986931	7457652606	50	150	Paolo_Manghi	23.7953599	0
2021-10-14.YachidaS_2019.relative_abundance.SAMD00115009	YachidaS_2019	sub_10362	stool	control	healthy	76	senior	male	JPN	no	IlluminaHiSeq	31171880	48805992	6863461637	50	150	Paolo_Manghi	25.88057064	0
2021-10-14.YachidaS_2019.relative_abundance.SAMD00115010	YachidaS_2019	sub_10385	stool	CRC	CRC	71	senior	male	JPN	no	IlluminaHiSeq	31171880	49031106	6866905426	50	150	Paolo_Manghi	27.34375	1
2021-10-14.YachidaS_2019.relative_abundance.SAMD00115011	YachidaS_2019	sub_10377	stool	CRC	CRC	73	senior	female	JPN	no	IlluminaHiSeq	31171880	47827578	6663535760	50	150	Paolo_Manghi	22.15102251	1
2021-10-14.YachidaS_2019.relative_abundance.SAMD00115012	YachidaS_2019	sub_10378	stool	control	healthy	74	senior	male	JPN	no	IlluminaHiSeq	31171880	45194380	6355908285	50	150	Paolo_Manghi	19.33372992	0
2021-10-14.YachidaS_2019.relative_abundance.SAMD00115013	YachidaS_2019	sub_10380	stool	CRC	CRC	28	adult	male	JPN	no	IlluminaHiSeq	31171880	46293684	6653889064	50	150	Paolo_Manghi	26.29757785	1
2021-10-14.YachidaS_2019.relative_abundance.SAMD00115014	YachidaS_2019	sub_10021	stool	CRC	CRC	57	adult	male	JPN	no	IlluminaHiSeq	31171880	51568728	7363146531	50	150	Paolo_Manghi	26.8809517	1
2021-10-14.YachidaS_2019.relative_abundance.SAMD00115015	YachidaS_2019	sub_10023	stool	control	healthy	65	adult	male	JPN	no	IlluminaHiSeq	31171880	53354508	7526567159	50	150	Paolo_Manghi	26.5625	0
2021-10-14.YachidaS_2019.relative_abundance.SAMD00115016	YachidaS_2019	sub_10038	stool	control	healthy	66	senior	female	JPN	no	IlluminaHiSeq	31171880	53721284	7706954871	50	150	Paolo_Manghi	19.06771066	0
2021-10-14.YachidaS_2019.relative_abundance.SAMD00115017	YachidaS_2019	sub_10040	stool	control	healthy	66	senior	female	JPN	no	IlluminaHiSeq	31171880	14386194	2043106940	50	150	Paolo_Manghi	21.64127424	0
2021-10-14.YachidaS_2019.relative_abundance.SAMD00115018	YachidaS_2019	sub_10058	stool	control	healthy	59	adult	male	JPN	no	IlluminaHiSeq	31171880	65036026	9035285445	50	150	Paolo_Manghi	28.84153181	0
2021-10-14.YachidaS_2019.relative_abundance.SAMD00115019	YachidaS_2019	sub_10046	stool	control	healthy	65	adult	male	JPN	no	IlluminaHiSeq	31171880	59909810	8365750994	50	150	Paolo_Manghi	23.66524436	0
2021-10-14.YachidaS_2019.relative_abundance.SAMD00115020	YachidaS_2019	sub_10059	stool	CRC	CRC	69	senior	female	JPN	no	IlluminaHiSeq	31171880	39198440	5515213950	50	150	Paolo_Manghi	25.63691716	1
2021-10-14.YachidaS_2019.relative_abundance.SAMD00115021	YachidaS_2019	sub_10047	stool	CRC	CRC	73	senior	male	JPN	no	IlluminaHiSeq	31171880	62600398	8737398160	50	150	Paolo_Manghi	22.32142857	1
2021-10-14.YachidaS_2019.relative_abundance.SAMD00115022	YachidaS_2019	sub_10060	stool	control	healthy	73	senior	female	JPN	no	IlluminaHiSeq	31171880	56154694	7510078593	50	150	Paolo_Manghi	20.703125	0
2021-10-14.YachidaS_2019.relative_abundance.SAMD00115023	YachidaS_2019	sub_10048	stool	control	healthy	77	senior	female	JPN	no	IlluminaHiSeq	31171880	53530490	7559306882	50	150	Paolo_Manghi	23.63403301	0
2021-10-14.YachidaS_2019.relative_abundance.SAMD00115025	YachidaS_2019	sub_10025	stool	control	healthy	40	adult	male	JPN	no	IlluminaHiSeq	31171880	44355082	6499155721	50	150	Paolo_Manghi	25	0
2021-10-14.YachidaS_2019.relative_abundance.SAMD00115026	YachidaS_2019	sub_10073	stool	CRC	CRC	71	senior	female	JPN	no	IlluminaHiSeq	31171880	41821950	5986547508	50	150	Paolo_Manghi	29.96432818	1
2021-10-14.YachidaS_2019.relative_abundance.SAMD00115027	YachidaS_2019	sub_10029	stool	control	healthy	67	senior	female	JPN	no	IlluminaHiSeq	31171880	51664530	7528357389	50	150	Paolo_Manghi	20.17325264	0
2021-10-14.YachidaS_2019.relative_abundance.SAMD00115028	YachidaS_2019	sub_10074	stool	CRC	CRC	61	adult	male	JPN	no	IlluminaHiSeq	31171880	54103842	7578903059	50	150	Paolo_Manghi	22.22906193	1
2021-10-14.YachidaS_2019.relative_abundance.SAMD00115029	YachidaS_2019	sub_10067	stool	CRC	CRC	64	adult	female	JPN	no	IlluminaHiSeq	31171880	52544048	7526068386	50	150	Paolo_Manghi	24.21875	1
2021-10-14.YachidaS_2019.relative_abundance.SAMD00115030	YachidaS_2019	sub_10081	stool	CRC	CRC	65	adult	male	JPN	no	IlluminaHiSeq	31171880	32464792	4645864831	50	150	Paolo_Manghi	21.8299522	1
2021-10-14.YachidaS_2019.relative_abundance.SAMD00115031	YachidaS_2019	sub_10091	stool	CRC	CRC	70	senior	female	JPN	no	IlluminaHiSeq	31171880	41737794	6061600156	50	150	Paolo_Manghi	24.73246136	1
2021-10-14.YachidaS_2019.relative_abundance.SAMD00115032	YachidaS_2019	sub_10092	stool	control	healthy	79	senior	female	JPN	no	IlluminaHiSeq	31171880	57373182	8184155786	50	150	Paolo_Manghi	24.44444444	0
2021-10-14.YachidaS_2019.relative_abundance.SAMD00115033	YachidaS_2019	sub_10107	stool	control	healthy	70	senior	male	JPN	no	IlluminaHiSeq	31171880	46308278	6604286581	50	150	Paolo_Manghi	29.76083761	0
2021-10-14.YachidaS_2019.relative_abundance.SAMD00115034	YachidaS_2019	sub_10097	stool	CRC	CRC	62	adult	female	JPN	no	IlluminaHiSeq	31171880	47567426	6978336655	50	150	Paolo_Manghi	21.875	1
2021-10-14.YachidaS_2019.relative_abundance.SAMD00115035	YachidaS_2019	sub_10099	stool	CRC	CRC	51	adult	male	JPN	no	IlluminaHiSeq	31171880	47574725	6926623274	50	150	Paolo_Manghi	20.76124567	1
2021-10-14.YachidaS_2019.relative_abundance.SAMD00136648	YachidaS_2019	sub_10562	stool	control	healthy	56	adult	male	JPN	no	IlluminaHiSeq	31171880	32799626	4814940357	50	150	Paolo_Manghi	26.8544055741	0
2021-10-14.YachidaS_2019.relative_abundance.SAMD00136653	YachidaS_2019	sub_10197	stool	control	healthy	68	senior	female	JPN	no	IlluminaHiSeq	31171880	31018632	4089615540	50	150	Paolo_Manghi	18.8588219815	0
2021-10-14.YachidaS_2019.relative_abundance.SAMD00154991	YachidaS_2019	sub_10497	stool	control	healthy	65	adult	male	JPN	no	IlluminaHiSeq	31171880	41645440	6001676288	50	150	Paolo_Manghi	21.5645449137	0
2021-10-14.YachidaS_2019.relative_abundance.SAMD00154992	YachidaS_2019	sub_10515	stool	control	healthy	66	senior	female	JPN	no	IlluminaHiSeq	31171880	31930957	4701732700	50	150	Paolo_Manghi	22.347782088	0
2021-10-14.YachidaS_2019.relative_abundance.SAMD00154993	YachidaS_2019	sub_10544	stool	CRC	CRC	48	adult	male	JPN	no	IlluminaHiSeq	31171880	34115970	4990905572	50	150	Paolo_Manghi	23.0300453515	1
2021-10-14.YachidaS_2019.relative_abundance.SAMD00154994	YachidaS_2019	sub_10578	stool	CRC	CRC	65	adult	male	JPN	no	IlluminaHiSeq	31171880	57941751	8462198734	50	150	Paolo_Manghi	21.3839419961	1
2021-10-14.YachidaS_2019.relative_abundance.SAMD00154995	YachidaS_2019	sub_10582	stool	CRC	CRC	70	senior	male	JPN	no	IlluminaHiSeq	31171880	24917710	3640483934	50	150	Paolo_Manghi	18.9619274242	1
2021-10-14.YachidaS_2019.relative_abundance.SAMD00164694	YachidaS_2019	sub_1	stool	CRC	CRC	69	senior	female	JPN	no	IlluminaHiSeq	31171880	32588292	4757249321	50	150	Paolo_Manghi	22.5069252078	1
2021-10-14.YachidaS_2019.relative_abundance.SAMD00164695	YachidaS_2019	sub_10030	stool	CRC	CRC	58	adult	male	JPN	no	IlluminaHiSeq	31171880	52572814	7615406163	50	150	Paolo_Manghi	24.0238086701	1
2021-10-14.YachidaS_2019.relative_abundance.SAMD00164721	YachidaS_2019	sub_10237	stool	CRC	CRC	64	adult	female	JPN	no	IlluminaHiSeq	31171880	69036442	9819474757	50	150	Paolo_Manghi	18.0259573786	1
2021-10-14.YachidaS_2019.relative_abundance.SAMD00164727	YachidaS_2019	sub_10272	stool	control	healthy	44	adult	male	JPN	no	IlluminaHiSeq	31171880	69760652	9831920234	50	150	Paolo_Manghi	24.1632653061	0
2021-10-14.YachidaS_2019.relative_abundance.SAMD00164729	YachidaS_2019	sub_10298	stool	control	healthy	76	senior	male	JPN	no	IlluminaHiSeq	31171880	47548456	6737891509	50	150	Paolo_Manghi	22.8625344753	0
2021-10-14.YachidaS_2019.relative_abundance.SAMD00164745	YachidaS_2019	sub_10367	stool	CRC	CRC	58	adult	male	JPN	no	IlluminaHiSeq	31171880	40308864	5926537808	50	151	Paolo_Manghi	28.0557057869	1
2021-10-14.YachidaS_2019.relative_abundance.SAMD00164748	YachidaS_2019	sub_10390	stool	control	healthy	68	senior	female	JPN	no	IlluminaHiSeq	31171880	34283474	5051708192	50	150	Paolo_Manghi	24.3232286834	0
2021-10-14.YachidaS_2019.relative_abundance.SAMD00164756	YachidaS_2019	sub_10504	stool	control	healthy	67	senior	female	JPN	no	IlluminaHiSeq	31171880	40553472	5946490457	50	150	Paolo_Manghi	21.9075824577	0
2021-10-14.YachidaS_2019.relative_abundance.SAMD00164758	YachidaS_2019	sub_10512	stool	control	healthy	78	senior	female	JPN	no	IlluminaHiSeq	31171880	31008610	4497007447	50	150	Paolo_Manghi	20.6904945434	0
2021-10-14.YachidaS_2019.relative_abundance.SAMD00164767	YachidaS_2019	sub_10565	stool	CRC	CRC	61	adult	male	JPN	no	IlluminaHiSeq	31171880	34745536	5087071975	50	150	Paolo_Manghi	22.3954134193	1
2021-10-14.YachidaS_2019.relative_abundance.SAMD00164769	YachidaS_2019	sub_10568	stool	CRC	CRC	58	adult	male	JPN	no	IlluminaHiSeq	31171880	46161112	6758831497	50	150	Paolo_Manghi	22.5306122449	1
2021-10-14.YachidaS_2019.relative_abundance.SAMD00164771	YachidaS_2019	sub_10579	stool	CRC	CRC	69	senior	male	JPN	no	IlluminaHiSeq	31171880	43519800	6346245436	50	150	Paolo_Manghi	24.6097337006	1
2021-10-14.YachidaS_2019.relative_abundance.SAMD00164773	YachidaS_2019	sub_10583	stool	control	healthy	67	senior	male	JPN	no	IlluminaHiSeq	31171880	33899610	4975366072	50	150	Paolo_Manghi	25.0995015956	0
2021-10-14.YachidaS_2019.relative_abundance.SAMD00164774	YachidaS_2019	sub_10587	stool	control	healthy	62	adult	female	JPN	no	IlluminaHiSeq	31171880	42140932	6107514932	50	150	Paolo_Manghi	25.1531502292	0
2021-10-14.YachidaS_2019.relative_abundance.SAMD00164776	YachidaS_2019	sub_10595	stool	CRC	CRC	66	senior	male	JPN	no	IlluminaHiSeq	31171880	35904212	5263421448	50	150	Paolo_Manghi	20.5456936226	1
2021-10-14.YachidaS_2019.relative_abundance.SAMD00164778	YachidaS_2019	sub_10596	stool	CRC	CRC	74	senior	female	JPN	no	IlluminaHiSeq	31171880	37834260	5551234143	50	150	Paolo_Manghi	19.436345967	1
2021-10-14.YachidaS_2019.relative_abundance.SAMD00164779	YachidaS_2019	sub_10601	stool	CRC	CRC	65	adult	male	JPN	no	IlluminaHiSeq	31171880	28696590	4198231344	50	150	Paolo_Manghi	20.2448979592	1
2021-10-14.YachidaS_2019.relative_abundance.SAMD00164780	YachidaS_2019	sub_10603	stool	CRC	CRC	48	adult	female	JPN	no	IlluminaHiSeq	31171880	40659384	5924573294	50	150	Paolo_Manghi	22.8928199792	1
2021-10-14.YachidaS_2019.relative_abundance.SAMD00164803	YachidaS_2019	sub_10788	stool	control	healthy	74	senior	male	JPN	no	IlluminaHiSeq	31171880	51088888	7333843383	50	150	Paolo_Manghi	22.5895514361	0
2021-10-14.YachidaS_2019.relative_abundance.SAMD00164805	YachidaS_2019	sub_10797	stool	control	healthy	70	senior	female	JPN	no	IlluminaHiSeq	31171880	54534428	7895944324	50	150	Paolo_Manghi	25.3333333333	0
2021-10-14.YachidaS_2019.relative_abundance.SAMD00164806	YachidaS_2019	sub_10802	stool	control	healthy	77	senior	male	JPN	no	IlluminaHiSeq	31171880	55325062	7997882748	50	150	Paolo_Manghi	20.438165585	0
2021-10-14.YachidaS_2019.relative_abundance.SAMD00164809	YachidaS_2019	sub_10808	stool	control	healthy	60	adult	male	JPN	no	IlluminaHiSeq	31171880	55675906	7966311013	50	150	Paolo_Manghi	19.4869614512	0
2021-10-14.YachidaS_2019.relative_abundance.SAMD00164812	YachidaS_2019	sub_10819	stool	CRC	CRC	62	adult	female	JPN	no	IlluminaHiSeq	31171880	57092884	8297610262	50	150	Paolo_Manghi	29.296875	1
2021-10-14.YachidaS_2019.relative_abundance.SAMD00164814	YachidaS_2019	sub_10832	stool	control	healthy	55	adult	male	JPN	no	IlluminaHiSeq	31171880	43680132	6493767039	50	150	Paolo_Manghi	24.0929705215	0
2021-10-14.YachidaS_2019.relative_abundance.SAMD00164817	YachidaS_2019	sub_10860	stool	CRC	CRC	59	adult	male	JPN	no	IlluminaHiSeq	31171880	32801682	4824919000	50	150	Paolo_Manghi	24.5089457652	1
2021-10-14.YachidaS_2019.relative_abundance.SAMD00164818	YachidaS_2019	sub_10866	stool	CRC	CRC	48	adult	male	JPN	no	IlluminaHiSeq	31171880	38338344	5632769976	50	150	Paolo_Manghi	28.3059950646	1
2021-10-14.YachidaS_2019.relative_abundance.SAMD00164819	YachidaS_2019	sub_10869	stool	control	healthy	69	senior	male	JPN	no	IlluminaHiSeq	31171880	46295462	6462628170	50	150	Paolo_Manghi	22.4081789853	0
2021-10-14.YachidaS_2019.relative_abundance.SAMD00164820	YachidaS_2019	sub_10880	stool	CRC	CRC	67	senior	male	JPN	no	IlluminaHiSeq	31171880	46060256	6740816521	50	150	Paolo_Manghi	30.4772192431	1
2021-10-14.YachidaS_2019.relative_abundance.SAMD00164821	YachidaS_2019	sub_10887	stool	CRC	CRC	46	adult	male	JPN	no	IlluminaHiSeq	31171880	26128610	3840705170	50	151	Paolo_Manghi	22.8571428571	1
2021-10-14.YachidaS_2019.relative_abundance.SAMD00164822	YachidaS_2019	sub_10888	stool	CRC	CRC	73	senior	male	JPN	no	IlluminaHiSeq	31171880	42214084	6168452141	50	150	Paolo_Manghi	23.7252861602	1
2021-10-14.YachidaS_2019.relative_abundance.SAMD00164823	YachidaS_2019	sub_10889	stool	control	healthy	54	adult	female	JPN	no	IlluminaHiSeq	31171880	29636990	4361912097	50	150	Paolo_Manghi	20.7756232687	0
2021-10-14.YachidaS_2019.relative_abundance.SAMD00164824	YachidaS_2019	sub_10890	stool	control	healthy	68	senior	female	JPN	no	IlluminaHiSeq	31171880	32430304	4780029490	50	151	Paolo_Manghi	18.6620146862	0
2021-10-14.YachidaS_2019.relative_abundance.SAMD00164825	YachidaS_2019	sub_10907	stool	control	healthy	37	adult	male	JPN	no	IlluminaHiSeq	31171880	40432232	5773824010	50	151	Paolo_Manghi	25.0135208221	0
2021-10-14.YachidaS_2019.relative_abundance.SAMD00164826	YachidaS_2019	sub_10911	stool	CRC	CRC	61	adult	male	JPN	no	IlluminaHiSeq	31171880	20329432	2992551236	50	151	Paolo_Manghi	27.475629493	1
2021-10-14.YachidaS_2019.relative_abundance.SAMD00164827	YachidaS_2019	sub_10913	stool	control	healthy	46	adult	male	JPN	no	IlluminaHiSeq	31171880	23067312	3416061606	50	151	Paolo_Manghi	22.4712087638	0
2021-10-14.YachidaS_2019.relative_abundance.SAMD00164828	YachidaS_2019	sub_10924	stool	control	healthy	46	adult	female	JPN	no	IlluminaHiSeq	31171880	17789122	2617297615	50	151	Paolo_Manghi	23.046875	0
2021-10-14.YachidaS_2019.relative_abundance.SAMD00164829	YachidaS_2019	sub_10931	stool	CRC	CRC	67	senior	male	JPN	no	IlluminaHiSeq	31171880	38491890	5672646135	50	150	Paolo_Manghi	24.6755002704	1
2021-10-14.YachidaS_2019.relative_abundance.SAMD00164830	YachidaS_2019	sub_10934	stool	CRC	CRC	66	senior	male	JPN	no	IlluminaHiSeq	31171880	38254258	5654213393	50	150	Paolo_Manghi	22.13673973	1
2021-10-14.YachidaS_2019.relative_abundance.SAMD00164831	YachidaS_2019	sub_10935	stool	CRC	CRC	74	senior	male	JPN	no	IlluminaHiSeq	31171880	22697468	3355005835	50	151	Paolo_Manghi	22.5465764804	1
2021-10-14.YachidaS_2019.relative_abundance.SAMD00164832	YachidaS_2019	sub_10938	stool	CRC	CRC	55	adult	male	JPN	no	IlluminaHiSeq	31171880	36724882	5412962633	50	151	Paolo_Manghi	25.3515413737	1
2021-10-14.YachidaS_2019.relative_abundance.SAMD00164833	YachidaS_2019	sub_10947	stool	control	healthy	58	adult	male	JPN	no	IlluminaHiSeq	31171880	27278070	4009825806	50	151	Paolo_Manghi	20.3036975607	0
2021-10-14.YachidaS_2019.relative_abundance.SAMD00164834	YachidaS_2019	sub_10967	stool	CRC	CRC	66	senior	male	JPN	no	IlluminaHiSeq	31171880	27471292	4048675202	50	150	Paolo_Manghi	22.1453287197	1
2021-10-14.YachidaS_2019.relative_abundance.SAMD00164835	YachidaS_2019	sub_10968	stool	control	healthy	43	adult	female	JPN	no	IlluminaHiSeq	31171880	28480828	4177796491	50	151	Paolo_Manghi	16.796875	0
2021-10-14.YachidaS_2019.relative_abundance.SAMD00164836	YachidaS_2019	sub_10975	stool	CRC	CRC	60	adult	female	JPN	no	IlluminaHiSeq	31171880	41142320	6092635001	50	150	Paolo_Manghi	20.0288415318	1
2021-10-14.YachidaS_2019.relative_abundance.SAMD00164837	YachidaS_2019	sub_10976	stool	control	healthy	52	adult	male	JPN	no	IlluminaHiSeq	31171880	37818348	5443806534	50	151	Paolo_Manghi	25.0135208221	0
2021-10-14.YachidaS_2019.relative_abundance.SAMD00164838	YachidaS_2019	sub_10980	stool	CRC	CRC	65	adult	female	JPN	no	IlluminaHiSeq	31171880	43057610	6378128912	50	150	Paolo_Manghi	18.261504748	1
2021-10-14.YachidaS_2019.relative_abundance.SAMD00164839	YachidaS_2019	sub_10989	stool	CRC	CRC	65	adult	male	JPN	no	IlluminaHiSeq	31171880	49232336	7224881269	50	150	Paolo_Manghi	20.0154958678	1
2021-10-14.YachidaS_2019.relative_abundance.SAMD00164840	YachidaS_2019	sub_10990	stool	control	healthy	58	adult	female	JPN	no	IlluminaHiSeq	31171880	25014176	3672787235	50	151	Paolo_Manghi	18.5528756957	0
2021-10-14.YachidaS_2019.relative_abundance.SAMD00164841	YachidaS_2019	sub_10992	stool	CRC	CRC	58	adult	male	JPN	no	IlluminaHiSeq	31171880	36128116	5360555639	50	150	Paolo_Manghi	23.1206235962	1
2021-10-14.YachidaS_2019.relative_abundance.SAMD00164842	YachidaS_2019	sub_11006	stool	CRC	CRC	75	senior	male	JPN	no	IlluminaHiSeq	31171880	34821242	5198616346	50	150	Paolo_Manghi	19.7055324212	1
2021-10-14.YachidaS_2019.relative_abundance.SAMD00164843	YachidaS_2019	sub_11008	stool	CRC	CRC	61	adult	female	JPN	no	IlluminaHiSeq	31171880	10052794	1478440749	50	150	Paolo_Manghi	22.4765868887	1
2021-10-14.YachidaS_2019.relative_abundance.SAMD00164844	YachidaS_2019	sub_11010	stool	CRC	CRC	75	senior	male	JPN	no	IlluminaHiSeq	31171880	45328872	6677201183	50	150	Paolo_Manghi	22.8625344753	1
2021-10-14.YachidaS_2019.relative_abundance.SAMD00164845	YachidaS_2019	sub_11011	stool	CRC	CRC	72	senior	male	JPN	no	IlluminaHiSeq	31171880	23377006	3438109054	50	150	Paolo_Manghi	23.6652443616	1
2021-10-14.YachidaS_2019.relative_abundance.SAMD00164846	YachidaS_2019	sub_11029	stool	CRC	CRC	66	senior	male	JPN	no	IlluminaHiSeq	31171880	46285716	6815594831	50	150	Paolo_Manghi	23.8751147842	1
2021-10-14.YachidaS_2019.relative_abundance.SAMD00164847	YachidaS_2019	sub_11030	stool	CRC	CRC	58	adult	female	JPN	no	IlluminaHiSeq	31171880	50783216	7454157713	50	150	Paolo_Manghi	17.1875	1
2021-10-14.YachidaS_2019.relative_abundance.SAMD00164848	YachidaS_2019	sub_11031	stool	control	healthy	66	senior	male	JPN	no	IlluminaHiSeq	31171880	48145150	6975230906	50	151	Paolo_Manghi	24.8015873016	0
2021-10-14.YachidaS_2019.relative_abundance.SAMD00164849	YachidaS_2019	sub_11035	stool	control	healthy	73	senior	female	JPN	no	IlluminaHiSeq	31171880	28698068	4208658813	50	151	Paolo_Manghi	21.6041047799	0
2021-10-14.YachidaS_2019.relative_abundance.SAMD00164850	YachidaS_2019	sub_11036	stool	CRC	CRC	48	adult	male	JPN	no	IlluminaHiSeq	31171880	47047106	6895732873	50	150	Paolo_Manghi	25.6489176157	1
2021-10-14.YachidaS_2019.relative_abundance.SAMD00164851	YachidaS_2019	sub_11045	stool	CRC	CRC	73	senior	male	JPN	no	IlluminaHiSeq	31171880	30211518	4435989005	50	150	Paolo_Manghi	23.8751147842	1
2021-10-14.YachidaS_2019.relative_abundance.SAMD00164852	YachidaS_2019	sub_11048	stool	CRC	CRC	65	adult	female	JPN	no	IlluminaHiSeq	31171880	54964986	7827932582	50	150	Paolo_Manghi	20.3125	1
2021-10-14.YachidaS_2019.relative_abundance.SAMD00164853	YachidaS_2019	sub_11049	stool	control	healthy	61	adult	female	JPN	no	IlluminaHiSeq	31171880	23341590	3458296192	50	151	Paolo_Manghi	21.0771952275	0
2021-10-14.YachidaS_2019.relative_abundance.SAMD00164854	YachidaS_2019	sub_11054	stool	CRC	CRC	75	senior	male	JPN	no	IlluminaHiSeq	31171880	40411366	5926740808	50	150	Paolo_Manghi	20.9566074951	1
2021-10-14.YachidaS_2019.relative_abundance.SAMD00164855	YachidaS_2019	sub_11057	stool	control	healthy	71	senior	female	JPN	no	IlluminaHiSeq	31171880	22968010	3387662193	50	151	Paolo_Manghi	17.3484295106	0
2021-10-14.YachidaS_2019.relative_abundance.SAMD00164856	YachidaS_2019	sub_11062	stool	control	healthy	48	adult	male	JPN	no	IlluminaHiSeq	31171880	54123466	7792055142	50	151	Paolo_Manghi	21.6721101309	0
2021-10-14.YachidaS_2019.relative_abundance.SAMD00164858	YachidaS_2019	sub_11081	stool	CRC	CRC	72	senior	male	JPN	no	IlluminaHiSeq	31171880	41072966	6088794315	50	150	Paolo_Manghi	19.9432125473	1
2021-10-14.YachidaS_2019.relative_abundance.SAMD00164859	YachidaS_2019	sub_11085	stool	CRC	CRC	63	adult	male	JPN	no	IlluminaHiSeq	31171880	45674342	6744676833	50	150	Paolo_Manghi	23.507805326	1
2021-10-14.YachidaS_2019.relative_abundance.SAMD00164860	YachidaS_2019	sub_11097	stool	CRC	CRC	79	senior	female	JPN	no	IlluminaHiSeq	31171880	43866080	6480155816	50	150	Paolo_Manghi	17.6692965155	1
2021-10-14.YachidaS_2019.relative_abundance.SAMD00164861	YachidaS_2019	sub_11103	stool	CRC	CRC	44	adult	male	JPN	no	IlluminaHiSeq	31171880	39876508	5894297256	50	150	Paolo_Manghi	28.9978938372	1
2021-10-14.YachidaS_2019.relative_abundance.SAMD00164862	YachidaS_2019	sub_11106	stool	control	healthy	44	adult	male	JPN	no	IlluminaHiSeq	31171880	39925728	5930972588	50	151	Paolo_Manghi	23.8367346939	0
2021-10-14.YachidaS_2019.relative_abundance.SAMD00164863	YachidaS_2019	sub_11110	stool	CRC	CRC	61	adult	male	JPN	no	IlluminaHiSeq	31171880	43075346	6398380648	50	150	Paolo_Manghi	22.5895514361	1
2021-10-14.YachidaS_2019.relative_abundance.SAMD00164864	YachidaS_2019	sub_11121	stool	CRC	CRC	46	adult	male	JPN	no	IlluminaHiSeq	31171880	47033476	6920834259	50	150	Paolo_Manghi	25.4028160836	1
2021-10-14.YachidaS_2019.relative_abundance.SAMD00164865	YachidaS_2019	sub_11124	stool	control	healthy	77	senior	male	JPN	no	IlluminaHiSeq	31171880	37183222	5472933806	50	151	Paolo_Manghi	20.5714285714	0
2021-10-14.YachidaS_2019.relative_abundance.SAMD00164866	YachidaS_2019	sub_11128	stool	CRC	CRC	67	senior	male	JPN	no	IlluminaHiSeq	31171880	45088110	6623081192	50	150	Paolo_Manghi	21.3333333333	1
2021-10-14.YachidaS_2019.relative_abundance.SAMD00164867	YachidaS_2019	sub_11132	stool	CRC	CRC	62	adult	male	JPN	no	IlluminaHiSeq	31171880	43840648	6482206552	50	150	Paolo_Manghi	19.8347107438	1
2021-10-14.YachidaS_2019.relative_abundance.SAMD00164868	YachidaS_2019	sub_11141	stool	CRC	CRC	66	senior	female	JPN	no	IlluminaHiSeq	31171880	35762850	5282325758	50	150	Paolo_Manghi	21.2305720237	1
2021-10-14.YachidaS_2019.relative_abundance.SAMD00164869	YachidaS_2019	sub_11151	stool	CRC	CRC	76	senior	male	JPN	no	IlluminaHiSeq	31171880	41890328	6156482645	50	150	Paolo_Manghi	19.003908351	1
2021-10-14.YachidaS_2019.relative_abundance.SAMD00164870	YachidaS_2019	sub_11159	stool	control	healthy	63	adult	female	JPN	no	IlluminaHiSeq	31171880	16160366	2388122065	50	151	Paolo_Manghi	27.5482093664	0
2021-10-14.YachidaS_2019.relative_abundance.SAMD00164871	YachidaS_2019	sub_11162	stool	CRC	CRC	62	adult	male	JPN	no	IlluminaHiSeq	31171880	7691926	1130245382	50	150	Paolo_Manghi	21.09375	1
2021-10-14.YachidaS_2019.relative_abundance.SAMD00164872	YachidaS_2019	sub_11168	stool	control	few_polyps	55	adult	male	JPN	no	IlluminaHiSeq	31171880	13116374	1933196053	50	151	Paolo_Manghi	23.3886865582	0
2021-10-14.YachidaS_2019.relative_abundance.SAMD00164873	YachidaS_2019	sub_11170	stool	control	healthy	32	adult	male	JPN	no	IlluminaHiSeq	31171880	34402280	5140289847	50	151	Paolo_Manghi	18.7327823691	0
2021-10-14.YachidaS_2019.relative_abundance.SAMD00164874	YachidaS_2019	sub_11171	stool	control	few_polyps	77	senior	male	JPN	no	IlluminaHiSeq	31171880	27252216	4027948627	50	151	Paolo_Manghi	20.438165585	0
2021-10-14.YachidaS_2019.relative_abundance.SAMD00164875	YachidaS_2019	sub_11203	stool	control	few_polyps	34	adult	male	JPN	no	IlluminaHiSeq	31171880	23951264	3580733679	50	151	Paolo_Manghi	21.8572778828	0
2021-10-14.YachidaS_2019.relative_abundance.SAMD00164876	YachidaS_2019	sub_11209	stool	control	few_polyps	37	adult	male	JPN	no	IlluminaHiSeq	31171880	37898072	5627310977	50	151	Paolo_Manghi	25.3443526171	0
2021-10-14.YachidaS_2019.relative_abundance.SAMD00164877	YachidaS_2019	sub_11210	stool	control	healthy	68	senior	female	JPN	no	IlluminaHiSeq	31171880	40990398	6058068214	50	150	Paolo_Manghi	19.2233756248	0
2021-10-14.YachidaS_2019.relative_abundance.SAMD00164878	YachidaS_2019	sub_11213	stool	control	healthy	51	adult	male	JPN	no	IlluminaHiSeq	31171880	25826842	3859187862	50	151	Paolo_Manghi	19.1570881226	0
2021-10-14.YachidaS_2019.relative_abundance.SAMD00164879	YachidaS_2019	sub_11223	stool	control	healthy	63	adult	male	JPN	no	IlluminaHiSeq	31171880	32860122	4905507031	50	151	Paolo_Manghi	21.107266436	0
2021-10-14.YachidaS_2019.relative_abundance.SAMD00164880	YachidaS_2019	sub_11224	stool	CRC	CRC	78	senior	female	JPN	no	IlluminaHiSeq	31171880	36143642	5342455150	50	150	Paolo_Manghi	21.2191358025	1
2021-10-14.YachidaS_2019.relative_abundance.SAMD00164881	YachidaS_2019	sub_11226	stool	control	healthy	51	adult	female	JPN	no	IlluminaHiSeq	31171880	33052928	4932565570	50	151	Paolo_Manghi	19.4330132602	0
2021-10-14.YachidaS_2019.relative_abundance.SAMD00164882	YachidaS_2019	sub_11227	stool	control	healthy	72	senior	male	JPN	no	IlluminaHiSeq	31171880	44765956	6565773749	50	150	Paolo_Manghi	23.0545624645	0
2021-10-14.YachidaS_2019.relative_abundance.SAMD00164883	YachidaS_2019	sub_11237	stool	CRC	CRC	66	senior	female	JPN	no	IlluminaHiSeq	31171880	46016560	6652188767	50	150	Paolo_Manghi	22.0603537981	1
2021-10-14.YachidaS_2019.relative_abundance.SAMD00164884	YachidaS_2019	sub_11238	stool	CRC	CRC	73	senior	male	JPN	no	IlluminaHiSeq	31171880	37794984	5590310617	50	150	Paolo_Manghi	21.203105229	1
2021-10-14.YachidaS_2019.relative_abundance.SAMD00164885	YachidaS_2019	sub_11241	stool	CRC	CRC	54	adult	male	JPN	no	IlluminaHiSeq	31171880	47411380	7063538775	50	151	Paolo_Manghi	25.4693877551	1
2021-10-14.YachidaS_2019.relative_abundance.SAMD00164886	YachidaS_2019	sub_11243	stool	control	healthy	40	adult	male	JPN	no	IlluminaHiSeq	31171880	722270	105852383	50	150	Paolo_Manghi	27.3796646836	0
2021-10-14.YachidaS_2019.relative_abundance.SAMD00164888	YachidaS_2019	sub_11255	stool	control	healthy	47	adult	male	JPN	no	IlluminaHiSeq	31171880	42211024	6165722470	50	150	Paolo_Manghi	26.1751945211	0
2021-10-14.YachidaS_2019.relative_abundance.SAMD00164889	YachidaS_2019	sub_11281	stool	CRC	CRC	64	adult	male	JPN	no	IlluminaHiSeq	31171880	36510530	5360328332	50	150	Paolo_Manghi	22.4058769513	1
2021-10-14.YachidaS_2019.relative_abundance.SAMD00164890	YachidaS_2019	sub_11294	stool	control	healthy	57	adult	male	JPN	no	IlluminaHiSeq	31171880	46740078	6912024226	50	151	Paolo_Manghi	26.2595847484	0
2021-10-14.YachidaS_2019.relative_abundance.SAMD00164891	YachidaS_2019	sub_11299	stool	control	healthy	54	adult	male	JPN	no	IlluminaHiSeq	31171880	60700846	8697406989	50	150	Paolo_Manghi	23.5294117647	0
2021-10-14.YachidaS_2019.relative_abundance.SAMD00164892	YachidaS_2019	sub_11311	stool	control	few_polyps	63	adult	male	JPN	no	IlluminaHiSeq	31171880	44164636	6592518231	50	151	Paolo_Manghi	24.4418020875	0
2021-10-14.YachidaS_2019.relative_abundance.SAMD00164895	YachidaS_2019	sub_11343	stool	control	healthy	44	adult	female	JPN	no	IlluminaHiSeq	31171880	38961720	5791164497	50	151	Paolo_Manghi	21.6311488544	0
2021-10-14.YachidaS_2019.relative_abundance.SAMD00164896	YachidaS_2019	sub_11354	stool	control	healthy	55	adult	male	JPN	no	IlluminaHiSeq	31171880	34855884	5196096511	50	151	Paolo_Manghi	24.5089457652	0
2021-10-14.YachidaS_2019.relative_abundance.SAMD00164897	YachidaS_2019	sub_11369	stool	control	healthy	55	adult	male	JPN	no	IlluminaHiSeq	31171880	37051138	5492063744	50	151	Paolo_Manghi	21.2585034014	0
2021-10-14.YachidaS_2019.relative_abundance.SAMD00164898	YachidaS_2019	sub_11379	stool	control	healthy	79	senior	female	JPN	no	IlluminaHiSeq	31171880	54324716	7867766244	50	150	Paolo_Manghi	24.609375	0
2021-10-14.YachidaS_2019.relative_abundance.SAMD00164899	YachidaS_2019	sub_11389	stool	control	healthy	38	adult	male	JPN	no	IlluminaHiSeq	31171880	18901912	2829462410	50	151	Paolo_Manghi	22.4996371026	0
2021-10-14.YachidaS_2019.relative_abundance.SAMD00164901	YachidaS_2019	sub_11409	stool	control	healthy	54	adult	female	JPN	no	IlluminaHiSeq	31171880	42641502	6340823576	50	150	Paolo_Manghi	20.239500759	0
2021-10-14.YachidaS_2019.relative_abundance.SAMD00164902	YachidaS_2019	sub_11413	stool	control	healthy	61	adult	male	JPN	no	IlluminaHiSeq	31171880	40023378	5939753591	50	150	Paolo_Manghi	26.4235698243	0
2021-10-14.YachidaS_2019.relative_abundance.SAMD00164903	YachidaS_2019	sub_11417	stool	CRC	CRC	50	adult	male	JPN	no	IlluminaHiSeq	31171880	49287148	7301963689	50	150	Paolo_Manghi	23.6614386155	1
2021-10-14.YachidaS_2019.relative_abundance.SAMD00164904	YachidaS_2019	sub_11419	stool	control	healthy	55	adult	male	JPN	no	IlluminaHiSeq	31171880	50656606	7481656850	50	150	Paolo_Manghi	22.91303307	0
2021-10-14.YachidaS_2019.relative_abundance.SAMD00164905	YachidaS_2019	sub_11423	stool	CRC	CRC	66	senior	male	JPN	no	IlluminaHiSeq	31171880	49439624	7318852009	50	150	Paolo_Manghi	28.9340689017	1
2021-10-14.YachidaS_2019.relative_abundance.SAMD00164907	YachidaS_2019	sub_11428	stool	CRC	CRC	51	adult	male	JPN	no	IlluminaHiSeq	31171880	49797554	7348284525	50	150	Paolo_Manghi	26.6435986159	1
2021-10-14.YachidaS_2019.relative_abundance.SAMD00164908	YachidaS_2019	sub_11431	stool	control	healthy	58	adult	female	JPN	no	IlluminaHiSeq	31171880	43125980	6412019735	50	150	Paolo_Manghi	17.9088553574	0
2021-10-14.YachidaS_2019.relative_abundance.SAMD00164909	YachidaS_2019	sub_11432	stool	control	healthy	74	senior	male	JPN	no	IlluminaHiSeq	31171880	39572586	5842731514	50	150	Paolo_Manghi	24.609375	0
2021-10-14.YachidaS_2019.relative_abundance.SAMD00164910	YachidaS_2019	sub_11433	stool	CRC	CRC	59	adult	female	JPN	no	IlluminaHiSeq	31171880	49066624	7143972226	50	150	Paolo_Manghi	19.1467221644	1
2021-10-14.YachidaS_2019.relative_abundance.SAMD00164911	YachidaS_2019	sub_11434	stool	control	healthy	64	adult	female	JPN	no	IlluminaHiSeq	31171880	48780998	7233809163	50	150	Paolo_Manghi	16.4236500561	0
2021-10-14.YachidaS_2019.relative_abundance.SAMD00164912	YachidaS_2019	sub_11438	stool	CRC	CRC	61	adult	female	JPN	no	IlluminaHiSeq	31171880	55931420	8256862159	50	150	Paolo_Manghi	17.8465199286	1
2021-10-14.YachidaS_2019.relative_abundance.SAMD00164913	YachidaS_2019	sub_11445	stool	CRC	CRC	68	senior	male	JPN	no	IlluminaHiSeq	31171880	48327172	7077911183	50	150	Paolo_Manghi	22.9590876585	1
2021-10-14.YachidaS_2019.relative_abundance.SAMD00164914	YachidaS_2019	sub_11448	stool	control	healthy	40	adult	female	JPN	no	IlluminaHiSeq	31171880	42337514	6293406369	50	150	Paolo_Manghi	17.6308539945	0
2021-10-14.YachidaS_2019.relative_abundance.SAMD00164915	YachidaS_2019	sub_11449	stool	control	healthy	46	adult	female	JPN	no	IlluminaHiSeq	31171880	39109052	5812436126	50	150	Paolo_Manghi	20.3125	0
2021-10-14.YachidaS_2019.relative_abundance.SAMD00164916	YachidaS_2019	sub_11450	stool	control	healthy	72	senior	male	JPN	no	IlluminaHiSeq	31171880	48469426	7203399001	50	150	Paolo_Manghi	22.9481157446	0
2021-10-14.YachidaS_2019.relative_abundance.SAMD00164917	YachidaS_2019	sub_11451	stool	control	healthy	62	adult	female	JPN	no	IlluminaHiSeq	31171880	45706980	6804776122	50	150	Paolo_Manghi	21.9261258222	0
2021-10-14.YachidaS_2019.relative_abundance.SAMD00164918	YachidaS_2019	sub_11452	stool	control	healthy	47	adult	male	JPN	no	IlluminaHiSeq	31171880	46389196	6884508906	50	150	Paolo_Manghi	21.4532871972	0
2021-10-14.YachidaS_2019.relative_abundance.SAMD00164919	YachidaS_2019	sub_11453	stool	CRC	CRC	71	senior	female	JPN	no	IlluminaHiSeq	31171880	44431014	6581177014	50	150	Paolo_Manghi	18.4911242604	1
2021-10-14.YachidaS_2019.relative_abundance.SAMD00164920	YachidaS_2019	sub_11454	stool	control	healthy	47	adult	female	JPN	no	IlluminaHiSeq	31171880	52037598	7709902237	50	150	Paolo_Manghi	18.4425458241	0
2021-10-14.YachidaS_2019.relative_abundance.SAMD00164923	YachidaS_2019	sub_11459	stool	control	healthy	67	senior	female	JPN	no	IlluminaHiSeq	31171880	50041374	7408092052	50	150	Paolo_Manghi	23.9360623149	0
2021-10-14.YachidaS_2019.relative_abundance.SAMD00164926	YachidaS_2019	sub_11464	stool	control	healthy	56	adult	male	JPN	no	IlluminaHiSeq	31171880	52239866	7649613871	50	150	Paolo_Manghi	23.8367346939	0
2021-10-14.YachidaS_2019.relative_abundance.SAMD00164927	YachidaS_2019	sub_11467	stool	control	healthy	72	senior	male	JPN	no	IlluminaHiSeq	31171880	59486678	8689757534	50	150	Paolo_Manghi	21.7192501143	0
2021-10-14.YachidaS_2019.relative_abundance.SAMD00164928	YachidaS_2019	sub_11472	stool	CRC	CRC	73	senior	female	JPN	no	IlluminaHiSeq	31171880	47704676	7044143631	50	150	Paolo_Manghi	21.0517082584	1
2021-10-14.YachidaS_2019.relative_abundance.SAMD00164929	YachidaS_2019	sub_11473	stool	control	healthy	54	adult	male	JPN	no	IlluminaHiSeq	31171880	52073186	7721439190	50	150	Paolo_Manghi	27.3356401384	0
2021-10-14.YachidaS_2019.relative_abundance.SAMD00164930	YachidaS_2019	sub_11475	stool	control	healthy	63	adult	female	JPN	no	IlluminaHiSeq	31171880	49423890	7360447019	50	150	Paolo_Manghi	19.1467221644	0
2021-10-14.YachidaS_2019.relative_abundance.SAMD00164931	YachidaS_2019	sub_11477	stool	control	healthy	75	senior	male	JPN	no	IlluminaHiSeq	31171880	44047114	6495272620	50	150	Paolo_Manghi	20.1347797502	0
2021-10-14.YachidaS_2019.relative_abundance.SAMD00164932	YachidaS_2019	sub_11478	stool	CRC	CRC	68	senior	female	JPN	no	IlluminaHiSeq	31171880	47806900	6982010021	50	150	Paolo_Manghi	25.6837098692	1
2021-10-14.YachidaS_2019.relative_abundance.SAMD00164933	YachidaS_2019	sub_11480	stool	control	healthy	66	senior	female	JPN	no	IlluminaHiSeq	31171880	48993944	7180305623	50	150	Paolo_Manghi	23.0300453515	0
2021-10-14.YachidaS_2019.relative_abundance.SAMD00164934	YachidaS_2019	sub_11486	stool	control	healthy	62	adult	female	JPN	no	IlluminaHiSeq	31171880	50717498	7366592040	50	150	Paolo_Manghi	20.239500759	0
2021-10-14.YachidaS_2019.relative_abundance.SAMD00164935	YachidaS_2019	sub_11487	stool	control	healthy	66	senior	female	JPN	no	IlluminaHiSeq	31171880	51313610	7468469815	50	150	Paolo_Manghi	23.7252861602	0
2021-10-14.YachidaS_2019.relative_abundance.SAMD00164936	YachidaS_2019	sub_11489	stool	control	healthy	55	adult	male	JPN	no	IlluminaHiSeq	31171880	25639388	3776575229	50	150	Paolo_Manghi	23.5666322314	0
2021-10-14.YachidaS_2019.relative_abundance.SAMD00164937	YachidaS_2019	sub_11490	stool	CRC	CRC	64	adult	male	JPN	no	IlluminaHiSeq	31171880	41370872	6041684877	50	150	Paolo_Manghi	24.4897959184	1
2021-10-14.YachidaS_2019.relative_abundance.SAMD00164938	YachidaS_2019	sub_11492	stool	control	healthy	69	senior	female	JPN	no	IlluminaHiSeq	31171880	67870752	9917394781	50	150	Paolo_Manghi	23.5303663435	0
2021-10-14.YachidaS_2019.relative_abundance.SAMD00164939	YachidaS_2019	sub_11495	stool	control	healthy	71	senior	female	JPN	no	IlluminaHiSeq	31171880	78193526	11330468979	50	150	Paolo_Manghi	26.6349583829	0
2021-10-14.YachidaS_2019.relative_abundance.SAMD00164940	YachidaS_2019	sub_11498	stool	CRC	CRC	58	adult	male	JPN	no	IlluminaHiSeq	31171880	52914592	7714966012	50	150	Paolo_Manghi	20.515086479	1
2021-10-14.YachidaS_2019.relative_abundance.SAMD00164941	YachidaS_2019	sub_11501	stool	control	healthy	68	senior	female	JPN	no	IlluminaHiSeq	31171880	49595522	7259191721	50	150	Paolo_Manghi	21.1927424152	0
2021-10-14.YachidaS_2019.relative_abundance.SAMD00164944	YachidaS_2019	sub_11510	stool	CRC	CRC	64	adult	male	JPN	no	IlluminaHiSeq	31171880	50836298	7448171971	50	150	Paolo_Manghi	22.5895514361	1
2021-10-14.YachidaS_2019.relative_abundance.SAMD00164946	YachidaS_2019	sub_11512	stool	CRC	CRC	69	senior	female	JPN	no	IlluminaHiSeq	31171880	42570370	6253272199	50	150	Paolo_Manghi	18.1786703601	1
2021-10-14.YachidaS_2019.relative_abundance.SAMD00164947	YachidaS_2019	sub_11513	stool	control	healthy	37	adult	male	JPN	no	IlluminaHiSeq	31171880	55998566	8110813912	50	150	Paolo_Manghi	19.267171444	0
2021-10-14.YachidaS_2019.relative_abundance.SAMD00164949	YachidaS_2019	sub_11521	stool	control	healthy	49	adult	female	JPN	no	IlluminaHiSeq	31171880	56350014	8203792424	50	150	Paolo_Manghi	19.7238658777	0
2021-10-14.YachidaS_2019.relative_abundance.SAMD00164950	YachidaS_2019	sub_11524	stool	control	healthy	31	adult	male	JPN	no	IlluminaHiSeq	31171880	74918406	10763425707	50	150	Paolo_Manghi	39.328340344	0
2021-10-14.YachidaS_2019.relative_abundance.SAMD00164951	YachidaS_2019	sub_11526	stool	control	healthy	52	adult	female	JPN	no	IlluminaHiSeq	31171880	47594398	6836939014	50	150	Paolo_Manghi	22.5827091723	0
2021-10-14.YachidaS_2019.relative_abundance.SAMD00164952	YachidaS_2019	sub_11527	stool	control	healthy	35	adult	female	JPN	no	IlluminaHiSeq	31171880	52911584	7854023324	50	150	Paolo_Manghi	22.1893491124	0
2021-10-14.YachidaS_2019.relative_abundance.SAMD00164953	YachidaS_2019	sub_11528	stool	control	healthy	57	adult	male	JPN	no	IlluminaHiSeq	31171880	44716982	6356365674	50	150	Paolo_Manghi	30.1162131519	0
2021-10-14.YachidaS_2019.relative_abundance.SAMD00164954	YachidaS_2019	sub_11580	stool	control	healthy	21	adult	female	JPN	no	IlluminaHiSeq	31171880	46164420	6765843114	50	150	Paolo_Manghi	17.8980228928	0
2021-10-14.YachidaS_2019.relative_abundance.SAMD00164955	YachidaS_2019	sub_11607	stool	control	healthy	70	senior	female	JPN	no	IlluminaHiSeq	31171880	59253414	8598200721	50	150	Paolo_Manghi	29.9643281807	0
2021-10-14.YachidaS_2019.relative_abundance.SAMD00164956	YachidaS_2019	sub_11626	stool	control	healthy	50	adult	male	JPN	no	IlluminaHiSeq	31171880	45641454	6745159795	50	150	Paolo_Manghi	21.4619366242	0
2021-10-14.YachidaS_2019.relative_abundance.SAMD00164957	YachidaS_2019	sub_11638	stool	control	healthy	57	adult	female	JPN	no	IlluminaHiSeq	31171880	20988418	2976190991	50	150	Paolo_Manghi	21.484375	0
2021-10-14.YachidaS_2019.relative_abundance.SAMD00164958	YachidaS_2019	sub_11641	stool	control	healthy	52	adult	male	JPN	no	IlluminaHiSeq	31171880	45965076	6689487136	50	150	Paolo_Manghi	27.6360544218	0
2021-10-14.YachidaS_2019.relative_abundance.SAMD00164960	YachidaS_2019	sub_11675	stool	control	healthy	51	adult	female	JPN	no	IlluminaHiSeq	31171880	33812552	4923969583	50	150	Paolo_Manghi	21.9075824577	0
2021-10-14.YachidaS_2019.relative_abundance.SAMD00164961	YachidaS_2019	sub_11682	stool	control	healthy	61	adult	female	JPN	no	IlluminaHiSeq	31171880	46445590	6752739514	50	150	Paolo_Manghi	17.0874449998	0
2021-10-14.YachidaS_2019.relative_abundance.SAMD00164962	YachidaS_2019	sub_11694	stool	control	healthy	63	adult	female	JPN	no	IlluminaHiSeq	31171880	45413584	6629651130	50	150	Paolo_Manghi	17.8980228928	0
2021-10-14.YachidaS_2019.relative_abundance.SAMD00164963	YachidaS_2019	sub_11710	stool	control	healthy	40	adult	male	JPN	no	IlluminaHiSeq	31171880	58161644	8476800174	50	150	Paolo_Manghi	22.7731864096	0
2021-10-14.YachidaS_2019.relative_abundance.SAMD00164964	YachidaS_2019	sub_11720	stool	control	healthy	70	senior	male	JPN	no	IlluminaHiSeq	31171880	36540386	5354570945	50	150	Paolo_Manghi	17.96875	0
2021-10-14.YachidaS_2019.relative_abundance.SAMD00164965	YachidaS_2019	sub_11754	stool	control	healthy	27	adult	male	JPN	no	IlluminaHiSeq	31171880	46121064	6743127355	50	150	Paolo_Manghi	24.9680097375	0
2021-10-14.YachidaS_2019.relative_abundance.SAMD00164966	YachidaS_2019	sub_11788	stool	control	healthy	34	adult	male	JPN	no	IlluminaHiSeq	31171880	38456492	5635145216	50	150	Paolo_Manghi	21.9281071345	0
2021-10-14.YachidaS_2019.relative_abundance.SAMD00164967	YachidaS_2019	sub_11796	stool	control	healthy	75	senior	female	JPN	no	IlluminaHiSeq	31171880	44223860	6465349470	50	150	Paolo_Manghi	30.2112188366	0
2021-10-14.YachidaS_2019.relative_abundance.SAMD00164968	YachidaS_2019	sub_11817	stool	CRC	CRC	75	senior	male	JPN	no	IlluminaHiSeq	31171880	64746810	9403593515	50	150	Paolo_Manghi	21.3039485767	1
2021-10-14.YachidaS_2019.relative_abundance.SAMD00164969	YachidaS_2019	sub_11818	stool	control	healthy	37	adult	male	JPN	no	IlluminaHiSeq	31171880	51651238	7669566845	50	150	Paolo_Manghi	22.1297397278	0
2021-10-14.YachidaS_2019.relative_abundance.SAMD00164970	YachidaS_2019	sub_11819	stool	CRC	CRC	72	senior	male	JPN	no	IlluminaHiSeq	31171880	33492788	4857701809	50	150	Paolo_Manghi	24.9134948097	1
2021-10-14.YachidaS_2019.relative_abundance.SAMD00164971	YachidaS_2019	sub_11820	stool	CRC	CRC	49	adult	female	JPN	no	IlluminaHiSeq	31171880	49699484	7208637954	50	150	Paolo_Manghi	19.2893792678	1
2021-10-14.YachidaS_2019.relative_abundance.SAMD00164972	YachidaS_2019	sub_11821	stool	control	healthy	52	adult	female	JPN	no	IlluminaHiSeq	31171880	40523104	5944744667	50	150	Paolo_Manghi	17.9088553574	0
2021-10-14.YachidaS_2019.relative_abundance.SAMD00164973	YachidaS_2019	sub_11822	stool	control	healthy	55	adult	female	JPN	no	IlluminaHiSeq	31171880	47359830	7034868515	50	150	Paolo_Manghi	21.0828132906	0
2021-10-14.YachidaS_2019.relative_abundance.SAMD00164974	YachidaS_2019	sub_11823	stool	CRC	CRC	71	senior	female	JPN	no	IlluminaHiSeq	31171880	61572180	9021889224	50	150	Paolo_Manghi	21.9288627692	1
2021-10-14.YachidaS_2019.relative_abundance.SAMD00164975	YachidaS_2019	sub_11826	stool	CRC	CRC	48	adult	female	JPN	no	IlluminaHiSeq	31171880	43374020	6441124375	50	150	Paolo_Manghi	29.5159386068	1
2021-10-14.YachidaS_2019.relative_abundance.SAMD00164976	YachidaS_2019	sub_11829	stool	CRC	CRC	43	adult	male	JPN	no	IlluminaHiSeq	31171880	39130436	5764490844	50	150	Paolo_Manghi	21.6333153056	1
2021-10-14.YachidaS_2019.relative_abundance.SAMD00164977	YachidaS_2019	sub_11831	stool	CRC	CRC	60	adult	male	JPN	no	IlluminaHiSeq	31171880	44974962	6599653711	50	150	Paolo_Manghi	19.1953027965	1
2021-10-14.YachidaS_2019.relative_abundance.SAMD00164978	YachidaS_2019	sub_11835	stool	CRC	CRC	51	adult	male	JPN	no	IlluminaHiSeq	31171880	56390494	8215663774	50	150	Paolo_Manghi	22.2290619336	1
2021-10-14.YachidaS_2019.relative_abundance.SAMD00164979	YachidaS_2019	sub_11836	stool	CRC	CRC	69	senior	male	JPN	no	IlluminaHiSeq	31171880	46201556	6763403124	50	150	Paolo_Manghi	22.758306782	1
2021-10-14.YachidaS_2019.relative_abundance.SAMD00164980	YachidaS_2019	sub_11838	stool	CRC	CRC	69	senior	male	JPN	no	IlluminaHiSeq	31171880	52333282	7775120125	50	150	Paolo_Manghi	25.6800740542	1
2021-10-14.YachidaS_2019.relative_abundance.SAMD00164981	YachidaS_2019	sub_11851	stool	CRC	CRC	76	senior	male	JPN	no	IlluminaHiSeq	31171880	54988048	8126731240	50	150	Paolo_Manghi	21.9261258222	1
2021-10-14.YachidaS_2019.relative_abundance.SAMD00164982	YachidaS_2019	sub_11859	stool	CRC	CRC	64	adult	female	JPN	no	IlluminaHiSeq	31171880	44128026	6523012340	50	150	Paolo_Manghi	25.3330498866	1
2021-10-14.YachidaS_2019.relative_abundance.SAMD00164983	YachidaS_2019	sub_11873	stool	control	healthy	78	senior	male	JPN	no	IlluminaHiSeq	31171880	51442050	7654799217	50	150	Paolo_Manghi	23.3090530697	0
2021-10-14.YachidaS_2019.relative_abundance.SAMD00164984	YachidaS_2019	sub_11879	stool	CRC	CRC	64	adult	female	JPN	no	IlluminaHiSeq	31171880	45807840	6824806038	50	150	Paolo_Manghi	29.676575625	1
2021-10-14.YachidaS_2019.relative_abundance.SAMD00164985	YachidaS_2019	sub_11881	stool	CRC	CRC	63	adult	female	JPN	no	IlluminaHiSeq	31171880	41734988	6203231339	50	150	Paolo_Manghi	23.5555555556	1
2021-10-14.YachidaS_2019.relative_abundance.SAMD00164986	YachidaS_2019	sub_11885	stool	control	healthy	73	senior	male	JPN	no	IlluminaHiSeq	31171880	47886780	7128903858	50	150	Paolo_Manghi	22.8928199792	0
2021-10-14.YachidaS_2019.relative_abundance.SAMD00164987	YachidaS_2019	sub_11888	stool	CRC	CRC	71	senior	male	JPN	no	IlluminaHiSeq	31171880	38627824	5717380250	50	150	Paolo_Manghi	21.0498179024	1
2021-10-14.YachidaS_2019.relative_abundance.SAMD00164988	YachidaS_2019	sub_11891	stool	CRC	CRC	72	senior	female	JPN	no	IlluminaHiSeq	31171880	49741276	7406576491	50	150	Paolo_Manghi	20.3244382551	1
2021-10-14.YachidaS_2019.relative_abundance.SAMD00164989	YachidaS_2019	sub_11893	stool	CRC	CRC	53	adult	male	JPN	no	IlluminaHiSeq	31171880	40522492	6011808710	50	150	Paolo_Manghi	31.2314098751	1
2021-10-14.YachidaS_2019.relative_abundance.SAMD00164990	YachidaS_2019	sub_11899	stool	CRC	CRC	64	adult	male	JPN	no	IlluminaHiSeq	31171880	23151436	3432230214	50	150	Paolo_Manghi	26.2595847484	1
2021-10-14.YachidaS_2019.relative_abundance.SAMD00164991	YachidaS_2019	sub_11900	stool	CRC	CRC	59	adult	male	JPN	no	IlluminaHiSeq	31171880	49466216	7292884532	50	150	Paolo_Manghi	28.0664238698	1
2021-10-14.YachidaS_2019.relative_abundance.SAMD00164992	YachidaS_2019	sub_11918	stool	CRC	CRC	68	senior	female	JPN	no	IlluminaHiSeq	31171880	42909740	6364250540	50	150	Paolo_Manghi	25.2993759487	1
2021-10-14.YachidaS_2019.relative_abundance.SAMD00164993	YachidaS_2019	sub_11920	stool	CRC	CRC	68	senior	male	JPN	no	IlluminaHiSeq	31171880	40307206	6003455688	50	150	Paolo_Manghi	23.4375	1
2021-10-14.YachidaS_2019.relative_abundance.SAMD00164994	YachidaS_2019	sub_11921	stool	CRC	CRC	40	adult	male	JPN	no	IlluminaHiSeq	31171880	33292152	4939097354	50	150	Paolo_Manghi	22.5981404959	1
2021-10-14.YachidaS_2019.relative_abundance.SAMD00164995	YachidaS_2019	sub_11922	stool	CRC	CRC	58	adult	female	JPN	no	IlluminaHiSeq	31171880	41853144	6231642760	50	150	Paolo_Manghi	22.5069252078	1
2021-10-14.YachidaS_2019.relative_abundance.SAMD00164996	YachidaS_2019	sub_11927	stool	control	healthy	58	adult	male	JPN	no	IlluminaHiSeq	31171880	49851690	7395601384	50	150	Paolo_Manghi	22.2290619336	0
2021-10-14.YachidaS_2019.relative_abundance.SAMD00164997	YachidaS_2019	sub_11929	stool	CRC	CRC	57	adult	male	JPN	no	IlluminaHiSeq	31171880	39093096	5722979512	50	150	Paolo_Manghi	27.0168598885	1
2021-10-14.YachidaS_2019.relative_abundance.SAMD00164998	YachidaS_2019	sub_11940	stool	CRC	CRC	61	adult	male	JPN	no	IlluminaHiSeq	31171880	34002564	5044581269	50	150	Paolo_Manghi	27.1020408163	1
2021-10-14.YachidaS_2019.relative_abundance.SAMD00164999	YachidaS_2019	sub_11942	stool	control	healthy	76	senior	female	JPN	no	IlluminaHiSeq	31171880	30781246	4427379304	50	150	Paolo_Manghi	21.5018864863	0
2021-10-14.YachidaS_2019.relative_abundance.SAMD00165000	YachidaS_2019	sub_11951	stool	CRC	CRC	77	senior	female	JPN	no	IlluminaHiSeq	31171880	36258812	5377654725	50	150	Paolo_Manghi	20.2693572362	1
2021-10-14.YachidaS_2019.relative_abundance.SAMD00165001	YachidaS_2019	sub_11955	stool	control	healthy	70	senior	male	JPN	no	IlluminaHiSeq	31171880	51117058	7597878919	50	150	Paolo_Manghi	22.6799524093	0
2021-10-14.YachidaS_2019.relative_abundance.SAMD00165002	YachidaS_2019	sub_11956	stool	CRC	CRC	45	adult	male	JPN	no	IlluminaHiSeq	31171880	46313864	6867316151	50	150	Paolo_Manghi	22.2753099174	1
2021-10-14.YachidaS_2019.relative_abundance.SAMD00165003	YachidaS_2019	sub_11957	stool	CRC	CRC	59	adult	male	JPN	no	IlluminaHiSeq	31171880	40213758	5969866740	50	150	Paolo_Manghi	20.1994697639	1
2021-10-14.YachidaS_2019.relative_abundance.SAMD00165004	YachidaS_2019	sub_11965	stool	control	healthy	41	adult	female	JPN	no	IlluminaHiSeq	31171880	51755168	7700470059	50	150	Paolo_Manghi	26.0789715335	0
2021-10-14.YachidaS_2019.relative_abundance.SAMD00165005	YachidaS_2019	sub_11973	stool	CRC	CRC	67	senior	male	JPN	no	IlluminaHiSeq	31171880	42911692	6380799568	50	150	Paolo_Manghi	23.6244474928	1
2021-10-14.YachidaS_2019.relative_abundance.SAMD00165006	YachidaS_2019	sub_11974	stool	CRC	CRC	69	senior	male	JPN	no	IlluminaHiSeq	31171880	36208204	5369384399	50	150	Paolo_Manghi	23.8751147842	1
2021-10-14.YachidaS_2019.relative_abundance.SAMD00165007	YachidaS_2019	sub_11982	stool	CRC	CRC	68	senior	female	JPN	no	IlluminaHiSeq	31171880	54965252	8176914383	50	150	Paolo_Manghi	22.4323025156	1
2021-10-14.YachidaS_2019.relative_abundance.SAMD00165008	YachidaS_2019	sub_11984	stool	control	healthy	62	adult	male	JPN	no	IlluminaHiSeq	31171880	51450668	7635940638	50	150	Paolo_Manghi	21.707923392	0
2021-10-14.YachidaS_2019.relative_abundance.SAMD00165009	YachidaS_2019	sub_11993	stool	CRC	CRC	73	senior	female	JPN	no	IlluminaHiSeq	31171880	58181592	8540489535	50	150	Paolo_Manghi	21.4902855138	1
2021-10-14.YachidaS_2019.relative_abundance.SAMD00165010	YachidaS_2019	sub_11996	stool	control	healthy	51	adult	female	JPN	no	IlluminaHiSeq	31171880	38012092	5561362304	50	150	Paolo_Manghi	21.2305720237	0
2021-10-14.YachidaS_2019.relative_abundance.SAMD00165011	YachidaS_2019	sub_12002	stool	CRC	CRC	55	adult	male	JPN	no	IlluminaHiSeq	31171880	50909738	7553352328	50	150	Paolo_Manghi	22.5981404959	1
2021-10-14.YachidaS_2019.relative_abundance.SAMD00165012	YachidaS_2019	sub_12005	stool	CRC	CRC	48	adult	female	JPN	no	IlluminaHiSeq	31171880	71435418	10558713242	50	150	Paolo_Manghi	23.1910946197	1
2021-10-14.YachidaS_2019.relative_abundance.SAMD00165014	YachidaS_2019	sub_12014	stool	CRC	CRC	59	adult	male	JPN	no	IlluminaHiSeq	31171880	49878836	7318969658	50	150	Paolo_Manghi	25.9515570934	1
2021-10-14.YachidaS_2019.relative_abundance.SAMD00165015	YachidaS_2019	sub_12016	stool	control	healthy	60	adult	female	JPN	no	IlluminaHiSeq	31171880	31861120	4645833994	50	150	Paolo_Manghi	18.5901249256	0
2021-10-14.YachidaS_2019.relative_abundance.SAMD00165016	YachidaS_2019	sub_12020	stool	CRC	CRC	67	senior	female	JPN	no	IlluminaHiSeq	31171880	29935190	4296112339	50	150	Paolo_Manghi	24.4444444444	1
2021-10-14.YachidaS_2019.relative_abundance.SAMD00165017	YachidaS_2019	sub_12022	stool	CRC	CRC	74	senior	female	JPN	no	IlluminaHiSeq	31171880	44085468	6521104149	50	150	Paolo_Manghi	23.5555555556	1
2021-10-14.YachidaS_2019.relative_abundance.SAMD00165018	YachidaS_2019	sub_12024	stool	CRC	CRC	73	senior	male	JPN	no	IlluminaHiSeq	31171880	35677058	5242788369	50	150	Paolo_Manghi	19.8412698413	1
2021-10-14.YachidaS_2019.relative_abundance.SAMD00165019	YachidaS_2019	sub_12025	stool	CRC	CRC	46	adult	female	JPN	no	IlluminaHiSeq	31171880	39293028	5818857825	50	150	Paolo_Manghi	20.5456936226	1
2021-10-14.YachidaS_2019.relative_abundance.SAMD00165020	YachidaS_2019	sub_12070	stool	control	healthy	49	adult	female	JPN	no	IlluminaHiSeq	31171880	47833958	6966743509	50	150	Paolo_Manghi	20.8299951931	0
2021-10-14.YachidaS_2019.relative_abundance.SAMD00165021	YachidaS_2019	sub_12082	stool	control	healthy	30	adult	male	JPN	no	IlluminaHiSeq	31171880	41955864	6065332495	50	150	Paolo_Manghi	NA	0
2021-10-14.YachidaS_2019.relative_abundance.SAMD00165022	YachidaS_2019	sub_12101	stool	control	healthy	56	adult	male	JPN	no	IlluminaHiSeq	31171880	46244470	6713829457	50	150	Paolo_Manghi	24.0929705215	0
2021-10-14.YachidaS_2019.relative_abundance.SAMD00165023	YachidaS_2019	sub_12106	stool	control	healthy	77	senior	female	JPN	no	IlluminaHiSeq	31171880	45339082	6570859432	50	150	Paolo_Manghi	21.9261258222	0
2021-10-14.YachidaS_2019.relative_abundance.SAMD00165024	YachidaS_2019	sub_12165	stool	control	healthy	64	adult	female	JPN	no	IlluminaHiSeq	31171880	49731716	7106369357	50	150	Paolo_Manghi	21.09375	0
2021-10-14.YachidaS_2019.relative_abundance.SAMD00165025	YachidaS_2019	sub_12197	stool	control	healthy	43	adult	male	JPN	no	IlluminaHiSeq	31171880	51289600	7282027461	50	150	Paolo_Manghi	24.7409372871	0
2021-10-14.YachidaS_2019.relative_abundance.SAMD00165026	YachidaS_2019	sub_12204	stool	control	healthy	55	adult	female	JPN	no	IlluminaHiSeq	31171880	45785256	6671866623	50	150	Paolo_Manghi	19.777698667	0
2021-10-14.YachidaS_2019.relative_abundance.SAMD00165027	YachidaS_2019	sub_12242	stool	control	healthy	33	adult	female	JPN	no	IlluminaHiSeq	31171880	35580114	5116387649	50	150	Paolo_Manghi	22.2063306861	0
2021-10-14.YachidaS_2019.relative_abundance.SAMD00165028	YachidaS_2019	sub_12243	stool	control	healthy	74	senior	female	JPN	no	IlluminaHiSeq	31171880	15858212	2238042340	50	150	Paolo_Manghi	19.9099722992	0
2021-10-14.YachidaS_2019.relative_abundance.SAMD00165029	YachidaS_2019	sub_12276	stool	control	healthy	46	adult	male	JPN	no	IlluminaHiSeq	31171880	54492670	7921074890	50	150	Paolo_Manghi	21.799445105	0
2021-10-14.YachidaS_2019.relative_abundance.SAMD00165030	YachidaS_2019	sub_12340	stool	control	healthy	59	adult	male	JPN	no	IlluminaHiSeq	31171880	43740482	6391661569	50	150	Paolo_Manghi	26.5337588296	0
2021-10-14.YachidaS_2019.relative_abundance.SAMD00165031	YachidaS_2019	sub_12370	stool	control	healthy	65	adult	female	JPN	no	IlluminaHiSeq	31171880	4509980	664422438	50	150	Paolo_Manghi	18.2563187148	0
2021-10-14.YachidaS_2019.relative_abundance.SAMD00165032	YachidaS_2019	sub_12389	stool	control	healthy	35	adult	male	JPN	no	IlluminaHiSeq	31171880	39322318	5773424384	50	150	Paolo_Manghi	24.2214532872	0
2021-10-14.YachidaS_2019.relative_abundance.SAMD00165033	YachidaS_2019	sub_12396	stool	control	healthy	38	adult	female	JPN	no	IlluminaHiSeq	31171880	34575120	5076142163	50	150	Paolo_Manghi	17.8506227433	0
2021-03-31.YuJ_2015.relative_abundance.SZAXPI003409-8	YuJ_2015	SZAXPI003409-8	stool	CRC	CRC;T2D	64	adult	male	CHN	no	IlluminaHiSeq	26408641	60749206	5782402056	30	100	Paolo_Manghi	23.1	1
2021-03-31.YuJ_2015.relative_abundance.SZAXPI003410-3	YuJ_2015	SZAXPI003410-3	stool	CRC	CRC	73	senior	male	CHN	no	IlluminaHiSeq	26408641	52854792	4958196559	30	100	Paolo_Manghi	23.8	1
2021-03-31.YuJ_2015.relative_abundance.SZAXPI003411-6	YuJ_2015	SZAXPI003411-6	stool	CRC	CRC	67	senior	female	CHN	no	IlluminaHiSeq	26408641	59873382	5674034861	30	100	Paolo_Manghi	24.7	1
2021-03-31.YuJ_2015.relative_abundance.SZAXPI003412-1	YuJ_2015	SZAXPI003412-1	stool	CRC	CRC	56	adult	male	CHN	no	IlluminaHiSeq	26408641	55761702	5343486861	30	100	Paolo_Manghi	25.6	1
2021-03-31.YuJ_2015.relative_abundance.SZAXPI003413-4	YuJ_2015	SZAXPI003413-4	stool	CRC	CRC	59	adult	female	CHN	no	IlluminaHiSeq	26408641	64434830	6090719237	30	100	Paolo_Manghi	20.7	1
2021-03-31.YuJ_2015.relative_abundance.SZAXPI003414-3	YuJ_2015	SZAXPI003414-3	stool	CRC	CRC	61	adult	male	CHN	no	IlluminaHiSeq	26408641	52102228	4952005733	30	100	Paolo_Manghi	25.2	1
2021-03-31.YuJ_2015.relative_abundance.SZAXPI003415-12	YuJ_2015	SZAXPI003415-12	stool	CRC	CRC	60	adult	male	CHN	no	IlluminaHiSeq	26408641	62456910	5958738352	30	100	Paolo_Manghi	23.2	1
2021-03-31.YuJ_2015.relative_abundance.SZAXPI003416-4	YuJ_2015	SZAXPI003416-4	stool	CRC	CRC	73	senior	female	CHN	no	IlluminaHiSeq	26408641	60073374	5634395962	30	100	Paolo_Manghi	17.7	1
2021-03-31.YuJ_2015.relative_abundance.SZAXPI003417-4	YuJ_2015	SZAXPI003417-4	stool	control	healthy	62	adult	male	CHN	no	IlluminaHiSeq	26408641	61229038	5802081901	30	100	Paolo_Manghi	21.7	0
2021-03-31.YuJ_2015.relative_abundance.SZAXPI003418-8	YuJ_2015	SZAXPI003418-8	stool	CRC	CRC;T2D	72	senior	female	CHN	no	IlluminaHiSeq	26408641	61472286	5848388244	30	100	Paolo_Manghi	26.3	1
2021-03-31.YuJ_2015.relative_abundance.SZAXPI003419-6	YuJ_2015	SZAXPI003419-6	stool	control	healthy	65	adult	male	CHN	no	IlluminaHiSeq	26408641	64164216	6128118370	30	100	Paolo_Manghi	20.7	0
2021-03-31.YuJ_2015.relative_abundance.SZAXPI003420-4	YuJ_2015	SZAXPI003420-4	stool	CRC	CRC;T2D	65	adult	male	CHN	no	IlluminaHiSeq	26408641	66150638	6312390149	30	100	Paolo_Manghi	24.8	1
2021-03-31.YuJ_2015.relative_abundance.SZAXPI003421-5	YuJ_2015	SZAXPI003421-5	stool	CRC	CRC	71	senior	male	CHN	no	IlluminaHiSeq	26408641	60074902	5750793357	30	100	Paolo_Manghi	25.8	1
2021-03-31.YuJ_2015.relative_abundance.SZAXPI003422-11	YuJ_2015	SZAXPI003422-11	stool	CRC	CRC;T2D	50	adult	male	CHN	no	IlluminaHiSeq	26408641	57351612	5366059753	30	100	Paolo_Manghi	25.2	1
2021-03-31.YuJ_2015.relative_abundance.SZAXPI003423-8	YuJ_2015	SZAXPI003423-8	stool	CRC	CRC	55	adult	male	CHN	no	IlluminaHiSeq	26408641	29589862	2820598675	30	100	Paolo_Manghi	22.2	1
2021-03-31.YuJ_2015.relative_abundance.SZAXPI003424-12	YuJ_2015	SZAXPI003424-12	stool	CRC	CRC	77	senior	male	CHN	no	IlluminaHiSeq	26408641	58546892	5593003062	30	100	Paolo_Manghi	21.7	1
2021-03-31.YuJ_2015.relative_abundance.SZAXPI003425-1	YuJ_2015	SZAXPI003425-1	stool	CRC	CRC;T2D	45	adult	female	CHN	no	IlluminaHiSeq	26408641	56584998	5352993848	30	100	Paolo_Manghi	23	1
2021-03-31.YuJ_2015.relative_abundance.SZAXPI003426-11	YuJ_2015	SZAXPI003426-11	stool	CRC	CRC;T2D	89	senior	female	CHN	no	IlluminaHiSeq	26408641	51292156	4898058708	30	100	Paolo_Manghi	23.7	1
2021-03-31.YuJ_2015.relative_abundance.SZAXPI003427-1	YuJ_2015	SZAXPI003427-1	stool	control	healthy	58	adult	female	CHN	no	IlluminaHiSeq	26408641	54116632	5167203436	30	100	Paolo_Manghi	21.6	0
2021-03-31.YuJ_2015.relative_abundance.SZAXPI003428-6	YuJ_2015	SZAXPI003428-6	stool	CRC	CRC	58	adult	female	CHN	no	IlluminaHiSeq	26408641	56648482	5260734071	30	100	Paolo_Manghi	23.9	1
2021-03-31.YuJ_2015.relative_abundance.SZAXPI003429-3	YuJ_2015	SZAXPI003429-3	stool	control	healthy	68	senior	male	CHN	no	IlluminaHiSeq	26408641	57035188	5434611996	30	100	Paolo_Manghi	21.7	0
2021-03-31.YuJ_2015.relative_abundance.SZAXPI003430-5	YuJ_2015	SZAXPI003430-5	stool	CRC	CRC	64	adult	female	CHN	no	IlluminaHiSeq	26408641	62258080	5963691551	30	100	Paolo_Manghi	29.1	1
2021-03-31.YuJ_2015.relative_abundance.SZAXPI003431-1	YuJ_2015	SZAXPI003431-1	stool	CRC	CRC;T2D	75	senior	female	CHN	no	IlluminaHiSeq	26408641	45637278	4319033464	30	100	Paolo_Manghi	28.7	1
2021-03-31.YuJ_2015.relative_abundance.SZAXPI003432-12	YuJ_2015	SZAXPI003432-12	stool	CRC	CRC	73	senior	male	CHN	no	IlluminaHiSeq	26408641	58822118	5458804627	30	100	Paolo_Manghi	22.7	1
2021-03-31.YuJ_2015.relative_abundance.SZAXPI003433-7	YuJ_2015	SZAXPI003433-7	stool	control	healthy	62	adult	female	CHN	no	IlluminaHiSeq	26408641	56134340	5409995654	30	100	Paolo_Manghi	21.4	0
2021-03-31.YuJ_2015.relative_abundance.SZAXPI003434-7	YuJ_2015	SZAXPI003434-7	stool	CRC	CRC	80	senior	male	CHN	no	IlluminaHiSeq	26408641	60820472	5746098424	30	100	Paolo_Manghi	24	1
2021-03-31.YuJ_2015.relative_abundance.SZAXPI003435-11	YuJ_2015	SZAXPI003435-11	stool	CRC	CRC	67	senior	male	CHN	no	IlluminaHiSeq	26408641	61937738	5870370380	30	100	Paolo_Manghi	23.1	1
2021-03-31.YuJ_2015.relative_abundance.SZAXPI003436-7	YuJ_2015	SZAXPI003436-7	stool	CRC	CRC	61	adult	female	CHN	no	IlluminaHiSeq	26408641	59665954	5620259779	30	100	Paolo_Manghi	22	1
2021-03-31.YuJ_2015.relative_abundance.SZAXPI003437-3	YuJ_2015	SZAXPI003437-3	stool	CRC	CRC	63	adult	male	CHN	no	IlluminaHiSeq	26408641	57476278	5477743161	30	100	Paolo_Manghi	24.4	1
2021-03-31.YuJ_2015.relative_abundance.SZAXPI015209-133	YuJ_2015	SZAXPI015209-133	stool	CRC	CRC;T2D	51	adult	female	CHN	no	IlluminaHiSeq	26408641	62349482	5867266433	30	100	Paolo_Manghi	19.6	1
2021-03-31.YuJ_2015.relative_abundance.SZAXPI015210-17	YuJ_2015	SZAXPI015210-17	stool	CRC	CRC	64	adult	male	CHN	no	IlluminaHiSeq	26408641	71617186	6779395176	30	100	Paolo_Manghi	NA	1
2021-03-31.YuJ_2015.relative_abundance.SZAXPI015211-166	YuJ_2015	SZAXPI015211-166	stool	CRC	CRC;T2D	74	senior	female	CHN	no	IlluminaHiSeq	26408641	47029284	4324269958	30	100	Paolo_Manghi	28.7	1
2021-03-31.YuJ_2015.relative_abundance.SZAXPI015212-113	YuJ_2015	SZAXPI015212-113	stool	control	healthy	68	senior	male	CHN	no	IlluminaHiSeq	26408641	63330138	5953975242	30	100	Paolo_Manghi	20.4	0
2021-03-31.YuJ_2015.relative_abundance.SZAXPI015213-15	YuJ_2015	SZAXPI015213-15	stool	CRC	CRC	83	senior	female	CHN	no	IlluminaHiSeq	26408641	62319068	6116520802	30	100	Paolo_Manghi	30.4	1
2021-03-31.YuJ_2015.relative_abundance.SZAXPI015214-19	YuJ_2015	SZAXPI015214-19	stool	CRC	CRC;T2D	70	senior	male	CHN	no	IlluminaHiSeq	26408641	72370444	7071081405	30	100	Paolo_Manghi	24.6	1
2021-03-31.YuJ_2015.relative_abundance.SZAXPI015215-20	YuJ_2015	SZAXPI015215-20	stool	CRC	CRC;T2D	56	adult	male	CHN	no	IlluminaHiSeq	26408641	68159682	6648869146	30	100	Paolo_Manghi	25.9	1
2021-03-31.YuJ_2015.relative_abundance.SZAXPI015216-169	YuJ_2015	SZAXPI015216-169	stool	CRC	CRC;T2D	54	adult	male	CHN	no	IlluminaHiSeq	26408641	61187040	5583533631	30	100	Paolo_Manghi	17.9	1
2021-03-31.YuJ_2015.relative_abundance.SZAXPI015217-140	YuJ_2015	SZAXPI015217-140	stool	CRC	CRC;T2D	74	senior	male	CHN	no	IlluminaHiSeq	26408641	57034986	5490157283	30	100	Paolo_Manghi	26.8	1
2021-03-31.YuJ_2015.relative_abundance.SZAXPI015218-16	YuJ_2015	SZAXPI015218-16	stool	CRC	CRC;T2D	57	adult	male	CHN	no	IlluminaHiSeq	26408641	61334626	6005812224	30	100	Paolo_Manghi	23.2	1
2021-03-31.YuJ_2015.relative_abundance.SZAXPI015219-129	YuJ_2015	SZAXPI015219-129	stool	CRC	CRC	54	adult	female	CHN	no	IlluminaHiSeq	26408641	50308904	4798011366	30	100	Paolo_Manghi	29.7	1
2021-03-31.YuJ_2015.relative_abundance.SZAXPI015220-136	YuJ_2015	SZAXPI015220-136	stool	CRC	CRC;T2D	62	adult	male	CHN	no	IlluminaHiSeq	26408641	43205192	4215741721	30	100	Paolo_Manghi	22.7	1
2021-03-31.YuJ_2015.relative_abundance.SZAXPI015221-142	YuJ_2015	SZAXPI015221-142	stool	CRC	CRC	54	adult	female	CHN	no	IlluminaHiSeq	26408641	68438974	6659496745	30	100	Paolo_Manghi	25.6	1
2021-03-31.YuJ_2015.relative_abundance.SZAXPI015222-123	YuJ_2015	SZAXPI015222-123	stool	CRC	CRC	69	senior	male	CHN	no	IlluminaHiSeq	26408641	72260226	7063847425	30	100	Paolo_Manghi	29	1
2021-03-31.YuJ_2015.relative_abundance.SZAXPI015223-158	YuJ_2015	SZAXPI015223-158	stool	CRC	CRC;T2D	64	adult	male	CHN	no	IlluminaHiSeq	26408641	62569760	6074413096	30	100	Paolo_Manghi	24.8	1
2021-03-31.YuJ_2015.relative_abundance.SZAXPI015224-13	YuJ_2015	SZAXPI015224-13	stool	CRC	CRC	44	adult	male	CHN	no	IlluminaHiSeq	26408641	58539128	5388058294	30	100	Paolo_Manghi	22.5	1
2021-03-31.YuJ_2015.relative_abundance.SZAXPI015225-18	YuJ_2015	SZAXPI015225-18	stool	CRC	CRC;T2D	60	adult	male	CHN	no	IlluminaHiSeq	26408641	59984388	5805169579	30	100	Paolo_Manghi	17.3	1
2021-03-31.YuJ_2015.relative_abundance.SZAXPI015226-14	YuJ_2015	SZAXPI015226-14	stool	CRC	CRC	73	senior	male	CHN	no	IlluminaHiSeq	26408641	53627618	5270117008	30	100	Paolo_Manghi	24.5	1
2021-03-31.YuJ_2015.relative_abundance.SZAXPI015227-13	YuJ_2015	SZAXPI015227-13	stool	control	healthy	62	adult	female	CHN	no	IlluminaHiSeq	26408641	66064102	6435852633	30	100	Paolo_Manghi	32.5	0
2021-03-31.YuJ_2015.relative_abundance.SZAXPI015228-14	YuJ_2015	SZAXPI015228-14	stool	control	T2D	58	adult	male	CHN	no	IlluminaHiSeq	26408641	70428992	6895320232	30	100	Paolo_Manghi	22.3	0
2021-03-31.YuJ_2015.relative_abundance.SZAXPI015229-15	YuJ_2015	SZAXPI015229-15	stool	control	healthy	64	adult	male	CHN	no	IlluminaHiSeq	26408641	61617318	5938321460	30	100	Paolo_Manghi	24.8	0
2021-03-31.YuJ_2015.relative_abundance.SZAXPI015230-16	YuJ_2015	SZAXPI015230-16	stool	control	healthy	65	adult	female	CHN	no	IlluminaHiSeq	26408641	68472136	6673610903	30	100	Paolo_Manghi	35.1	0
2021-03-31.YuJ_2015.relative_abundance.SZAXPI015231-17	YuJ_2015	SZAXPI015231-17	stool	control	healthy	62	adult	male	CHN	no	IlluminaHiSeq	26408641	69534266	6814348601	30	100	Paolo_Manghi	23.5	0
2021-03-31.YuJ_2015.relative_abundance.SZAXPI015232-18	YuJ_2015	SZAXPI015232-18	stool	control	healthy	69	senior	female	CHN	no	IlluminaHiSeq	26408641	68004090	6660180016	30	100	Paolo_Manghi	24.9	0
2021-03-31.YuJ_2015.relative_abundance.SZAXPI015233-19	YuJ_2015	SZAXPI015233-19	stool	control	T2D	55	adult	male	CHN	no	IlluminaHiSeq	26408641	72077438	7024760687	30	100	Paolo_Manghi	26.4	0
2021-03-31.YuJ_2015.relative_abundance.SZAXPI015234-20	YuJ_2015	SZAXPI015234-20	stool	control	healthy	64	adult	female	CHN	no	IlluminaHiSeq	26408641	59159772	5749744210	30	100	Paolo_Manghi	26.4	0
2021-03-31.YuJ_2015.relative_abundance.SZAXPI015235-21	YuJ_2015	SZAXPI015235-21	stool	control	healthy	59	adult	male	CHN	no	IlluminaHiSeq	26408641	67478554	6628831167	30	100	Paolo_Manghi	25.6	0
2021-03-31.YuJ_2015.relative_abundance.SZAXPI015237-23	YuJ_2015	SZAXPI015237-23	stool	CRC	CRC;T2D	70	senior	male	CHN	no	IlluminaHiSeq	26408641	67318902	6575946140	30	100	Paolo_Manghi	21	1
2021-03-31.YuJ_2015.relative_abundance.SZAXPI015238-24	YuJ_2015	SZAXPI015238-24	stool	control	healthy	71	senior	female	CHN	no	IlluminaHiSeq	26408641	63843786	5974605135	30	100	Paolo_Manghi	26.7	0
2021-03-31.YuJ_2015.relative_abundance.SZAXPI015239-25	YuJ_2015	SZAXPI015239-25	stool	control	T2D	51	adult	male	CHN	no	IlluminaHiSeq	26408641	63808150	6256894354	30	100	Paolo_Manghi	21.9	0
2021-03-31.YuJ_2015.relative_abundance.SZAXPI015240-26	YuJ_2015	SZAXPI015240-26	stool	control	T2D	50	adult	male	CHN	no	IlluminaHiSeq	26408641	60520634	5934000840	30	100	Paolo_Manghi	20.5	0
2021-03-31.YuJ_2015.relative_abundance.SZAXPI015241-27	YuJ_2015	SZAXPI015241-27	stool	control	healthy	64	adult	male	CHN	no	IlluminaHiSeq	26408641	52698148	4931948740	30	100	Paolo_Manghi	24.7	0
2021-03-31.YuJ_2015.relative_abundance.SZAXPI015242-30	YuJ_2015	SZAXPI015242-30	stool	control	T2D	50	adult	male	CHN	no	IlluminaHiSeq	26408641	52788942	5154274247	30	100	Paolo_Manghi	23.3	0
2021-03-31.YuJ_2015.relative_abundance.SZAXPI015243-31	YuJ_2015	SZAXPI015243-31	stool	control	T2D	66	senior	female	CHN	no	IlluminaHiSeq	26408641	57114396	5567635662	30	100	Paolo_Manghi	22.4	0
2021-03-31.YuJ_2015.relative_abundance.SZAXPI015244-32	YuJ_2015	SZAXPI015244-32	stool	control	T2D	52	adult	male	CHN	no	IlluminaHiSeq	26408641	58591508	5725708568	30	100	Paolo_Manghi	28.4	0
2021-03-31.YuJ_2015.relative_abundance.SZAXPI015245-33	YuJ_2015	SZAXPI015245-33	stool	control	healthy	64	adult	male	CHN	no	IlluminaHiSeq	26408641	49693868	4743989231	30	100	Paolo_Manghi	25.6	0
2021-03-31.YuJ_2015.relative_abundance.SZAXPI015246-34	YuJ_2015	SZAXPI015246-34	stool	control	healthy	58	adult	male	CHN	no	IlluminaHiSeq	26408641	47524484	4605248434	30	100	Paolo_Manghi	23.1	0
2021-03-31.YuJ_2015.relative_abundance.SZAXPI015247-35	YuJ_2015	SZAXPI015247-35	stool	control	healthy	64	adult	female	CHN	no	IlluminaHiSeq	26408641	55499678	5228553296	30	100	Paolo_Manghi	17.1	0
2021-03-31.YuJ_2015.relative_abundance.SZAXPI015248-36	YuJ_2015	SZAXPI015248-36	stool	control	healthy	65	adult	male	CHN	no	IlluminaHiSeq	26408641	46313860	4284823360	30	100	Paolo_Manghi	22.4	0
2021-03-31.YuJ_2015.relative_abundance.SZAXPI015249-37	YuJ_2015	SZAXPI015249-37	stool	control	T2D	53	adult	male	CHN	no	IlluminaHiSeq	26408641	48490500	4421327366	30	100	Paolo_Manghi	19.7	0
2021-03-31.YuJ_2015.relative_abundance.SZAXPI015250-39	YuJ_2015	SZAXPI015250-39	stool	control	healthy	64	adult	female	CHN	no	IlluminaHiSeq	26408641	56707948	5532795294	30	100	Paolo_Manghi	21.1	0
2021-03-31.YuJ_2015.relative_abundance.SZAXPI015251-41	YuJ_2015	SZAXPI015251-41	stool	control	healthy	68	senior	female	CHN	no	IlluminaHiSeq	26408641	44019090	4087572754	30	100	Paolo_Manghi	24.9	0
2021-03-31.YuJ_2015.relative_abundance.SZAXPI015252-43	YuJ_2015	SZAXPI015252-43	stool	control	T2D	53	adult	male	CHN	no	IlluminaHiSeq	26408641	44904362	4378527165	30	100	Paolo_Manghi	23.4	0
2021-03-31.YuJ_2015.relative_abundance.SZAXPI015253-44	YuJ_2015	SZAXPI015253-44	stool	control	healthy	64	adult	female	CHN	no	IlluminaHiSeq	26408641	61595372	6031404940	30	100	Paolo_Manghi	22.7	0
2021-03-31.YuJ_2015.relative_abundance.SZAXPI015254-45	YuJ_2015	SZAXPI015254-45	stool	control	healthy	61	adult	male	CHN	no	IlluminaHiSeq	26408641	57962360	5452370978	30	100	Paolo_Manghi	21.5	0
2021-03-31.YuJ_2015.relative_abundance.SZAXPI015255-46	YuJ_2015	SZAXPI015255-46	stool	control	healthy	62	adult	female	CHN	no	IlluminaHiSeq	26408641	56561906	5286392158	30	100	Paolo_Manghi	21.1	0
2021-03-31.YuJ_2015.relative_abundance.SZAXPI015256-47	YuJ_2015	SZAXPI015256-47	stool	control	healthy	64	adult	male	CHN	no	IlluminaHiSeq	26408641	61955812	5913649423	30	100	Paolo_Manghi	24.1	0
2021-03-31.YuJ_2015.relative_abundance.SZAXPI015257-56	YuJ_2015	SZAXPI015257-56	stool	control	T2D	55	adult	male	CHN	no	IlluminaHiSeq	26408641	54321366	5122974616	30	100	Paolo_Manghi	22.3	0
2021-03-31.YuJ_2015.relative_abundance.SZAXPI015258-57	YuJ_2015	SZAXPI015258-57	stool	control	healthy	64	adult	female	CHN	no	IlluminaHiSeq	26408641	77263508	7565053111	30	100	Paolo_Manghi	22.6	0
2021-03-31.YuJ_2015.relative_abundance.SZAXPI015259-62	YuJ_2015	SZAXPI015259-62	stool	control	healthy	71	senior	female	CHN	no	IlluminaHiSeq	26408641	55579348	5461060156	30	100	Paolo_Manghi	23	0
2021-03-31.YuJ_2015.relative_abundance.SZAXPI015260-74	YuJ_2015	SZAXPI015260-74	stool	control	T2D	64	adult	female	CHN	no	IlluminaHiSeq	26408641	59038886	5409790102	30	100	Paolo_Manghi	22.2	0
2021-03-31.YuJ_2015.relative_abundance.SZAXPI015261-75	YuJ_2015	SZAXPI015261-75	stool	control	healthy	65	adult	male	CHN	no	IlluminaHiSeq	26408641	62784088	6142339703	30	100	Paolo_Manghi	22.5	0
2021-03-31.YuJ_2015.relative_abundance.SZAXPI015262-79	YuJ_2015	SZAXPI015262-79	stool	control	T2D	73	senior	female	CHN	no	IlluminaHiSeq	26408641	61975626	6072275849	30	100	Paolo_Manghi	24.1	0
2021-03-31.YuJ_2015.relative_abundance.SZAXPI015263-84	YuJ_2015	SZAXPI015263-84	stool	control	T2D	54	adult	male	CHN	no	IlluminaHiSeq	26408641	51471774	4783479071	30	100	Paolo_Manghi	27.7	0
2021-03-31.YuJ_2015.relative_abundance.SZAXPI015264-87	YuJ_2015	SZAXPI015264-87	stool	control	healthy	65	adult	female	CHN	no	IlluminaHiSeq	26408641	58364678	5705212005	30	100	Paolo_Manghi	21.2	0
2021-03-31.YuJ_2015.relative_abundance.SZAXPI015265-88	YuJ_2015	SZAXPI015265-88	stool	control	healthy	60	adult	male	CHN	no	IlluminaHiSeq	26408641	60676490	5953705467	30	100	Paolo_Manghi	22.5	0
2021-03-31.YuJ_2015.relative_abundance.SZAXPI015266-89	YuJ_2015	SZAXPI015266-89	stool	control	T2D	58	adult	male	CHN	no	IlluminaHiSeq	26408641	63341086	6214859452	30	100	Paolo_Manghi	26.3	0
2021-03-31.YuJ_2015.relative_abundance.SZAXPI015267-102	YuJ_2015	SZAXPI015267-102	stool	control	healthy	64	adult	female	CHN	no	IlluminaHiSeq	26408641	55190022	5067016252	30	100	Paolo_Manghi	21.3	0
2021-03-31.YuJ_2015.relative_abundance.SZAXPI015268-109	YuJ_2015	SZAXPI015268-109	stool	control	T2D	69	senior	male	CHN	no	IlluminaHiSeq	26408641	60252226	5847463811	30	100	Paolo_Manghi	23.8	0
2021-03-31.YuJ_2015.relative_abundance.SZAXPI015269-94	YuJ_2015	SZAXPI015269-94	stool	control	T2D	65	adult	female	CHN	no	IlluminaHiSeq	26408641	62929376	5841330956	30	100	Paolo_Manghi	20	0
2021-03-31.YuJ_2015.relative_abundance.SZAXPI015270-90	YuJ_2015	SZAXPI015270-90	stool	control	healthy	59	adult	male	CHN	no	IlluminaHiSeq	26408641	63280364	5963817711	30	100	Paolo_Manghi	23.7	0
2021-03-31.YuJ_2015.relative_abundance.SZAXPI015271-93	YuJ_2015	SZAXPI015271-93	stool	control	healthy	70	senior	female	CHN	no	IlluminaHiSeq	26408641	43217884	4208577504	30	100	Paolo_Manghi	22.2	0
2021-03-31.YuJ_2015.relative_abundance.SZAXPI015272-108	YuJ_2015	SZAXPI015272-108	stool	control	healthy	61	adult	male	CHN	no	IlluminaHiSeq	26408641	44188276	4325874871	30	100	Paolo_Manghi	23.7	0
2021-03-31.YuJ_2015.relative_abundance.SZAXPI015273-95	YuJ_2015	SZAXPI015273-95	stool	control	healthy	52	adult	male	CHN	no	IlluminaHiSeq	26408641	60671012	5963396124	30	100	Paolo_Manghi	24.6	0
2021-03-31.YuJ_2015.relative_abundance.SZAXPI015274-111	YuJ_2015	SZAXPI015274-111	stool	control	healthy	58	adult	male	CHN	no	IlluminaHiSeq	26408641	63322690	5988073670	30	100	Paolo_Manghi	24.5	0
2021-03-31.YuJ_2015.relative_abundance.SZAXPI017451-16	YuJ_2015	SZAXPI017451-16	stool	CRC	CRC	60	adult	male	CHN	no	IlluminaHiSeq	26408641	63781394	6159612826	30	100	Paolo_Manghi	20	1
2021-03-31.YuJ_2015.relative_abundance.SZAXPI017452-17	YuJ_2015	SZAXPI017452-17	stool	CRC	CRC	77	senior	male	CHN	no	IlluminaHiSeq	26408641	65133586	6291809354	30	100	Paolo_Manghi	24.5	1
2021-03-31.YuJ_2015.relative_abundance.SZAXPI017453-19	YuJ_2015	SZAXPI017453-19	stool	CRC	CRC;T2D	59	adult	female	CHN	no	IlluminaHiSeq	26408641	52187750	4805566759	30	100	Paolo_Manghi	27	1
2021-03-31.YuJ_2015.relative_abundance.SZAXPI017454-20	YuJ_2015	SZAXPI017454-20	stool	CRC	CRC	71	senior	female	CHN	no	IlluminaHiSeq	26408641	56903946	5300707451	30	100	Paolo_Manghi	21.2	1
2021-03-31.YuJ_2015.relative_abundance.SZAXPI017455-21	YuJ_2015	SZAXPI017455-21	stool	CRC	CRC;T2D	56	adult	male	CHN	no	IlluminaHiSeq	26408641	51245744	4788302397	30	100	Paolo_Manghi	31.3	1
2021-03-31.YuJ_2015.relative_abundance.SZAXPI017456-23	YuJ_2015	SZAXPI017456-23	stool	CRC	CRC	77	senior	male	CHN	no	IlluminaHiSeq	26408641	51812238	4853435538	30	100	Paolo_Manghi	22	1
2021-03-31.YuJ_2015.relative_abundance.SZAXPI017457-24	YuJ_2015	SZAXPI017457-24	stool	CRC	CRC	77	senior	male	CHN	no	IlluminaHiSeq	26408641	62149784	5802726469	30	100	Paolo_Manghi	23.5	1
2021-03-31.YuJ_2015.relative_abundance.SZAXPI017458-25	YuJ_2015	SZAXPI017458-25	stool	CRC	CRC	83	senior	female	CHN	no	IlluminaHiSeq	26408641	55720964	5228621466	30	100	Paolo_Manghi	22.8	1
2021-03-31.YuJ_2015.relative_abundance.SZAXPI017459-26	YuJ_2015	SZAXPI017459-26	stool	CRC	CRC;T2D	79	senior	female	CHN	no	IlluminaHiSeq	26408641	36891208	3565318892	30	100	Paolo_Manghi	25.8	1
2021-03-31.YuJ_2015.relative_abundance.SZAXPI017460-27	YuJ_2015	SZAXPI017460-27	stool	CRC	CRC	69	senior	female	CHN	no	IlluminaHiSeq	26408641	38931972	3719245972	30	100	Paolo_Manghi	28.3	1
2021-03-31.YuJ_2015.relative_abundance.SZAXPI017461-32	YuJ_2015	SZAXPI017461-32	stool	CRC	CRC	62	adult	male	CHN	no	IlluminaHiSeq	26408641	35025672	3387430279	30	100	Paolo_Manghi	23.5	1
2021-03-31.YuJ_2015.relative_abundance.SZAXPI017462-33	YuJ_2015	SZAXPI017462-33	stool	CRC	CRC	78	senior	male	CHN	no	IlluminaHiSeq	26408641	38286210	3694689270	30	100	Paolo_Manghi	27	1
2021-03-31.YuJ_2015.relative_abundance.SZAXPI017463-36	YuJ_2015	SZAXPI017463-36	stool	CRC	CRC;T2D	49	adult	female	CHN	no	IlluminaHiSeq	26408641	38421068	3696564849	30	100	Paolo_Manghi	22.6	1
2021-03-31.YuJ_2015.relative_abundance.SZAXPI017464-37	YuJ_2015	SZAXPI017464-37	stool	CRC	CRC	81	senior	male	CHN	no	IlluminaHiSeq	26408641	36345768	3525605588	30	100	Paolo_Manghi	18.2	1
2021-03-31.YuJ_2015.relative_abundance.SZAXPI017465-43	YuJ_2015	SZAXPI017465-43	stool	CRC	CRC	63	adult	female	CHN	no	IlluminaHiSeq	26408641	37024436	3514766749	30	100	Paolo_Manghi	28	1
2021-03-31.YuJ_2015.relative_abundance.SZAXPI017466-84	YuJ_2015	SZAXPI017466-84	stool	CRC	CRC;T2D	59	adult	male	CHN	no	IlluminaHiSeq	26408641	40407172	3836371213	30	100	Paolo_Manghi	24.5	1
2021-03-31.YuJ_2015.relative_abundance.SZAXPI017467-87	YuJ_2015	SZAXPI017467-87	stool	CRC	CRC;T2D	73	senior	male	CHN	no	IlluminaHiSeq	26408641	42423706	4080498548	30	100	Paolo_Manghi	22.1	1
2021-03-31.YuJ_2015.relative_abundance.SZAXPI017468-88	YuJ_2015	SZAXPI017468-88	stool	CRC	CRC	76	senior	male	CHN	no	IlluminaHiSeq	26408641	10961564	1077534564	30	100	Paolo_Manghi	21.9	1
2021-03-31.YuJ_2015.relative_abundance.SZAXPI017580-90	YuJ_2015	SZAXPI017580-90	stool	CRC	CRC;T2D	74	senior	female	CHN	no	IlluminaHiSeq	26408641	48287820	4645971246	30	100	Paolo_Manghi	17.9	1
2021-03-31.YuJ_2015.relative_abundance.SZAXPI017581-93	YuJ_2015	SZAXPI017581-93	stool	CRC	CRC;T2D	51	adult	male	CHN	no	IlluminaHiSeq	26408641	37627614	3592068766	30	100	Paolo_Manghi	26.9	1
2021-03-31.YuJ_2015.relative_abundance.SZAXPI017582-94	YuJ_2015	SZAXPI017582-94	stool	CRC	CRC	74	senior	male	CHN	no	IlluminaHiSeq	26408641	50539146	4977096921	30	100	Paolo_Manghi	24.2	1
2021-03-31.YuJ_2015.relative_abundance.SZAXPI017583-102	YuJ_2015	SZAXPI017583-102	stool	CRC	CRC	77	senior	male	CHN	no	IlluminaHiSeq	26408641	40240288	3861481843	30	100	Paolo_Manghi	20.2	1
2021-03-31.YuJ_2015.relative_abundance.SZAXPI017584-108	YuJ_2015	SZAXPI017584-108	stool	CRC	CRC;T2D	34	adult	male	CHN	no	IlluminaHiSeq	26408641	44341480	4339363261	30	100	Paolo_Manghi	19.4	1
2021-03-31.YuJ_2015.relative_abundance.SZAXPI017585-109	YuJ_2015	SZAXPI017585-109	stool	CRC	CRC	70	senior	female	CHN	no	IlluminaHiSeq	26408641	65450728	6454082758	30	100	Paolo_Manghi	26.7	1
2021-03-31.YuJ_2015.relative_abundance.SZAXPI017586-111	YuJ_2015	SZAXPI017586-111	stool	CRC	CRC	83	senior	female	CHN	no	IlluminaHiSeq	26408641	57315876	5593184628	30	100	Paolo_Manghi	18.9	1
2021-03-31.YuJ_2015.relative_abundance.SZAXPI017587-113	YuJ_2015	SZAXPI017587-113	stool	CRC	CRC	68	senior	male	CHN	no	IlluminaHiSeq	26408641	59042440	5796676630	30	100	Paolo_Manghi	21.5	1
2021-03-31.YuJ_2015.relative_abundance.SZAXPI017588-123	YuJ_2015	SZAXPI017588-123	stool	CRC	CRC	79	senior	male	CHN	no	IlluminaHiSeq	26408641	58518194	5738342166	30	100	Paolo_Manghi	26.8	1
2021-03-31.YuJ_2015.relative_abundance.SZAXPI017589-133	YuJ_2015	SZAXPI017589-133	stool	CRC	CRC	64	adult	female	CHN	no	IlluminaHiSeq	26408641	49356502	4855210014	30	100	Paolo_Manghi	28.3	1
2021-03-31.YuJ_2015.relative_abundance.SZAXPI017590-136	YuJ_2015	SZAXPI017590-136	stool	CRC	CRC	67	senior	male	CHN	no	IlluminaHiSeq	26408641	51070446	4993945911	30	100	Paolo_Manghi	24.9	1
2021-03-31.YuJ_2015.relative_abundance.SZAXPI017591-140	YuJ_2015	SZAXPI017591-140	stool	control	healthy	61	adult	male	CHN	no	IlluminaHiSeq	26408641	58080274	5690446732	30	100	Paolo_Manghi	23.8	0
2021-03-31.YuJ_2015.relative_abundance.SZAXPI017592-142	YuJ_2015	SZAXPI017592-142	stool	control	healthy	62	adult	male	CHN	no	IlluminaHiSeq	26408641	57219434	5584524714	30	100	Paolo_Manghi	21.5	0
2021-03-31.YuJ_2015.relative_abundance.SZAXPI017593-158	YuJ_2015	SZAXPI017593-158	stool	CRC	CRC	68	senior	male	CHN	no	IlluminaHiSeq	26408641	66186116	6469426091	30	100	Paolo_Manghi	23.7	1
2021-03-31.YuJ_2015.relative_abundance.SZAXPI017594-166	YuJ_2015	SZAXPI017594-166	stool	CRC	CRC;T2D	55	adult	male	CHN	no	IlluminaHiSeq	26408641	58789886	5787105961	30	100	Paolo_Manghi	25.8	1
2021-03-31.YuJ_2015.relative_abundance.SZAXPI017595-169	YuJ_2015	SZAXPI017595-169	stool	CRC	CRC;T2D	63	adult	male	CHN	no	IlluminaHiSeq	26408641	63339956	6222135039	30	100	Paolo_Manghi	22.5	1
2021-03-31.ZellerG_2014.relative_abundance.CCIS00146684ST-4-0	ZellerG_2014	FR-726	stool	control	healthy	72	senior	female	FRA	no	IlluminaHiSeq	25432777	76003628	6512170482	45	91	Paolo_Manghi	25	0
2021-03-31.ZellerG_2014.relative_abundance.CCIS00281083ST-3-0	ZellerG_2014	FR-060	stool	control	healthy	53	adult	male	FRA	no	IlluminaHiSeq	25432777	47190574	3298640533	45	69	Paolo_Manghi	32	0
2021-03-31.ZellerG_2014.relative_abundance.CCIS02124300ST-4-0	ZellerG_2014	FR-568	stool	control	healthy	35	adult	male	FRA	no	IlluminaHiSeq	25432777	87631061	7846466205	45	94	Paolo_Manghi	23	0
2021-03-31.ZellerG_2014.relative_abundance.CCIS02379307ST-4-0	ZellerG_2014	FR-828	stool	CRC	CRC	67	senior	male	FRA	no	IlluminaHiSeq	25432777	10574044	907920835	1	90	Paolo_Manghi	28	1
2021-03-31.ZellerG_2014.relative_abundance.CCIS02856720ST-4-0	ZellerG_2014	FR-027	stool	control	healthy	74	senior	male	FRA	no	IlluminaHiSeq	25432777	73567419	6190369807	1	89	Paolo_Manghi	27	0
2021-03-31.ZellerG_2014.relative_abundance.CCIS03473770ST-4-0	ZellerG_2014	FR-192	stool	control	healthy	29	adult	male	FRA	no	IlluminaHiSeq	25432777	46217866	3733212784	45	91	Paolo_Manghi	24	0
2021-03-31.ZellerG_2014.relative_abundance.CCIS03857607ST-4-0	ZellerG_2014	FR-349	stool	control	healthy	61	adult	male	FRA	no	IlluminaHiSeq	25432777	63911163	5403961311	1	89	Paolo_Manghi	23	0
2021-03-31.ZellerG_2014.relative_abundance.CCIS05314658ST-4-0	ZellerG_2014	FR-169	stool	control	healthy	65	adult	female	FRA	no	IlluminaHiSeq	25432777	61688036	5175146179	1	89	Paolo_Manghi	24	0
2021-03-31.ZellerG_2014.relative_abundance.CCIS06260551ST-3-0	ZellerG_2014	FR-200	stool	CRC	CRC	58	adult	male	FRA	no	IlluminaHiSeq	25432777	36441111	2826425982	45	85	Paolo_Manghi	24	1
2021-03-31.ZellerG_2014.relative_abundance.CCIS07277498ST-4-0	ZellerG_2014	FR-276	stool	control	healthy	63	adult	male	FRA	no	IlluminaHiSeq	25432777	66936604	5667757614	1	89	Paolo_Manghi	NA	0
2021-03-31.ZellerG_2014.relative_abundance.CCIS07539127ST-4-0	ZellerG_2014	FR-460	stool	control	healthy	77	senior	female	FRA	no	IlluminaHiSeq	25432777	68406226	5817465348	45	90	Paolo_Manghi	22	0
2021-03-31.ZellerG_2014.relative_abundance.CCIS07648107ST-4-0	ZellerG_2014	FR-053	stool	control	healthy	62	adult	female	FRA	no	IlluminaHiSeq	25432777	66245949	5739043252	45	91	Paolo_Manghi	21	0
2021-03-31.ZellerG_2014.relative_abundance.CCIS09568613ST-4-0	ZellerG_2014	FR-400	stool	control	healthy	67	senior	male	FRA	no	IlluminaHiSeq	25432777	75876874	6488989235	45	91	Paolo_Manghi	21	0
2021-03-31.ZellerG_2014.relative_abundance.CCIS10706551ST-3-0	ZellerG_2014	FR-193	stool	control	healthy	25	adult	male	FRA	no	IlluminaHiSeq	25432777	65983849	5152050233	1	89	Paolo_Manghi	24	0
2021-03-31.ZellerG_2014.relative_abundance.CCIS11015875ST-4-0	ZellerG_2014	FR-788	stool	CRC	CRC	62	adult	male	FRA	no	IlluminaHiSeq	25432777	57428555	5021042144	45	92	Paolo_Manghi	26	1
2021-03-31.ZellerG_2014.relative_abundance.CCIS11354283ST-4-0	ZellerG_2014	FR-212	stool	control	healthy	67	senior	male	FRA	no	IlluminaHiSeq	25432777	62234037	5296232853	45	91	Paolo_Manghi	27	0
2021-03-31.ZellerG_2014.relative_abundance.CCIS11362406ST-4-0	ZellerG_2014	FR-398	stool	control	healthy	44	adult	female	FRA	no	IlluminaHiSeq	25432777	103363989	8334068161	1	89	Paolo_Manghi	26	0
2021-03-31.ZellerG_2014.relative_abundance.CCIS11558985ST-4-0	ZellerG_2014	FR-902	stool	control	healthy	56	adult	female	FRA	no	IlluminaHiSeq	25432777	37988049	3229069072	45	92	Paolo_Manghi	NA	0
2021-03-31.ZellerG_2014.relative_abundance.CCIS12370844ST-4-0	ZellerG_2014	FR-823	stool	CRC	CRC	81	senior	female	FRA	no	IlluminaHiSeq	25432777	5783578	497672074	45	94	Paolo_Manghi	39	1
2021-03-31.ZellerG_2014.relative_abundance.CCIS12656533ST-4-0	ZellerG_2014	FR-654	stool	CRC	CRC	51	adult	male	FRA	no	IlluminaHiSeq	25432777	45546920	3848992468	45	92	Paolo_Manghi	30	1
2021-03-31.ZellerG_2014.relative_abundance.CCIS13047523ST-4-0	ZellerG_2014	FR-003	stool	control	healthy	70	senior	male	FRA	no	IlluminaHiSeq	25432777	62891719	5363998665	45	90	Paolo_Manghi	22	0
2021-03-31.ZellerG_2014.relative_abundance.CCIS14449628ST-4-0	ZellerG_2014	FR-404	stool	CRC	CRC	59	adult	female	FRA	no	IlluminaHiSeq	25432777	51748595	4256129777	45	92	Paolo_Manghi	20	1
2021-03-31.ZellerG_2014.relative_abundance.CCIS15704761ST-4-0	ZellerG_2014	FR-901	stool	CRC	CRC	56	adult	female	FRA	no	IlluminaHiSeq	25432777	42764985	3631882002	45	93	Paolo_Manghi	NA	1
2021-03-31.ZellerG_2014.relative_abundance.CCIS15794887ST-4-0	ZellerG_2014	FR-024	stool	control	healthy	37	adult	female	FRA	no	IlluminaHiSeq	25432777	45764894	3698892069	45	92	Paolo_Manghi	18	0
2021-03-31.ZellerG_2014.relative_abundance.CCIS16326685ST-4-0	ZellerG_2014	FR-542	stool	control	healthy	46	adult	female	FRA	no	IlluminaHiSeq	25432777	53344597	4547422592	45	96	Paolo_Manghi	29	0
2021-03-31.ZellerG_2014.relative_abundance.CCIS16383318ST-4-0	ZellerG_2014	FR-139	stool	control	healthy	61	adult	female	FRA	no	IlluminaHiSeq	25432777	78085760	6621569027	45	90	Paolo_Manghi	24	0
2021-03-31.ZellerG_2014.relative_abundance.CCIS16561622ST-4-0	ZellerG_2014	FR-030	stool	control	healthy	54	adult	male	FRA	no	IlluminaHiSeq	25432777	87807063	7453752248	45	90	Paolo_Manghi	26	0
2021-03-31.ZellerG_2014.relative_abundance.CCIS17669415ST-4-0	ZellerG_2014	FR-125	stool	CRC	CRC	72	senior	female	FRA	no	IlluminaHiSeq	25432777	69983469	5754783062	45	90	Paolo_Manghi	37	1
2021-03-31.ZellerG_2014.relative_abundance.CCIS20795251ST-4-0	ZellerG_2014	FR-221	stool	control	healthy	71	senior	female	FRA	no	IlluminaHiSeq	25432777	55286215	4611051584	1	89	Paolo_Manghi	23	0
2021-03-31.ZellerG_2014.relative_abundance.CCIS21126322ST-4-0	ZellerG_2014	FR-121	stool	control	healthy	59	adult	male	FRA	no	IlluminaHiSeq	25432777	82207625	6704190994	45	91	Paolo_Manghi	25	0
2021-03-31.ZellerG_2014.relative_abundance.CCIS21278152ST-4-0	ZellerG_2014	FR-414	stool	CRC	CRC	63	adult	male	FRA	no	IlluminaHiSeq	25432777	53183717	4306955793	45	91	Paolo_Manghi	25	1
2021-03-31.ZellerG_2014.relative_abundance.CCIS22416007ST-4-0	ZellerG_2014	FR-815	stool	CRC	CRC	82	senior	male	FRA	no	IlluminaHiSeq	25432777	90417909	7567990129	1	89	Paolo_Manghi	24	1
2021-03-31.ZellerG_2014.relative_abundance.CCIS22958137ST-20-0	ZellerG_2014	FR-506	stool	CRC	CRC	60	adult	male	FRA	no	IlluminaHiSeq	25432777	98059549	8757847513	45	95	Paolo_Manghi	26	1
2021-03-31.ZellerG_2014.relative_abundance.CCIS23164343ST-4-0	ZellerG_2014	FR-316	stool	control	healthy	62	adult	male	FRA	no	IlluminaHiSeq	25432777	68712649	5871764899	45	90	Paolo_Manghi	23	0
2021-03-31.ZellerG_2014.relative_abundance.CCIS24254057ST-4-0	ZellerG_2014	FR-767	stool	CRC	CRC	69	senior	female	FRA	no	IlluminaHiSeq	25432777	133597487	11694061283	45	96	Paolo_Manghi	24	1
2021-03-31.ZellerG_2014.relative_abundance.CCIS27304052ST-3-0	ZellerG_2014	FR-001	stool	control	healthy	52	adult	female	FRA	no	IlluminaHiSeq	25432777	48552680	3405411697	45	69	Paolo_Manghi	20	0
2021-03-31.ZellerG_2014.relative_abundance.CCIS27927933ST-4-0	ZellerG_2014	FR-115	stool	control	healthy	72	senior	male	FRA	no	IlluminaHiSeq	25432777	97043260	7788532840	5	85	Paolo_Manghi	24	0
2021-03-31.ZellerG_2014.relative_abundance.CCIS29210128ST-4-0	ZellerG_2014	FR-166	stool	control	healthy	64	adult	male	FRA	no	IlluminaHiSeq	25432777	48275455	3986872657	45	92	Paolo_Manghi	27	0
2021-03-31.ZellerG_2014.relative_abundance.CCIS29688262ST-20-0	ZellerG_2014	FR-305	stool	control	healthy	50	adult	male	FRA	no	IlluminaHiSeq	25432777	81666867	7382792447	45	96	Paolo_Manghi	25	0
2021-03-31.ZellerG_2014.relative_abundance.CCIS32452666ST-4-0	ZellerG_2014	FR-105	stool	control	healthy	68	senior	male	FRA	no	IlluminaHiSeq	25432777	53858804	4440407460	45	91	Paolo_Manghi	26	0
2021-03-31.ZellerG_2014.relative_abundance.CCIS33816588ST-4-0	ZellerG_2014	FR-652	stool	CRC	CRC	64	adult	male	FRA	no	IlluminaHiSeq	25432777	64242756	5678829952	45	96	Paolo_Manghi	21	1
2021-03-31.ZellerG_2014.relative_abundance.CCIS34055159ST-4-0	ZellerG_2014	FR-430	stool	CRC	CRC	80	senior	male	FRA	no	IlluminaHiSeq	25432777	46734542	3943928884	45	92	Paolo_Manghi	29	1
2021-03-31.ZellerG_2014.relative_abundance.CCIS34604008ST-4-0	ZellerG_2014	FR-129	stool	control	healthy	63	adult	female	FRA	no	IlluminaHiSeq	25432777	71147118	6044922649	1	89	Paolo_Manghi	27	0
2021-03-31.ZellerG_2014.relative_abundance.CCIS35100175ST-4-0	ZellerG_2014	FR-812	stool	CRC	CRC	73	senior	male	FRA	no	IlluminaHiSeq	25432777	54177103	4449210952	45	91	Paolo_Manghi	40	1
2021-03-31.ZellerG_2014.relative_abundance.CCIS36699628ST-4-0	ZellerG_2014	FR-142	stool	control	healthy	68	senior	female	FRA	no	IlluminaHiSeq	25432777	66456701	5731938297	45	91	Paolo_Manghi	25	0
2021-03-31.ZellerG_2014.relative_abundance.CCIS36797902ST-4-0	ZellerG_2014	FR-198	stool	control	healthy	63	adult	male	FRA	no	IlluminaHiSeq	25432777	43056463	3608044435	45	90	Paolo_Manghi	25	0
2021-03-31.ZellerG_2014.relative_abundance.CCIS38765456ST-20-0	ZellerG_2014	FR-723	stool	CRC	CRC	79	senior	female	FRA	no	IlluminaHiSeq	25432777	81682982	7211705897	45	95	Paolo_Manghi	22	1
2021-03-31.ZellerG_2014.relative_abundance.CCIS40244499ST-3-0	ZellerG_2014	FR-202	stool	CRC	CRC	87	senior	female	FRA	no	IlluminaHiSeq	25432777	55812127	4411570203	1	89	Paolo_Manghi	32	1
2021-03-31.ZellerG_2014.relative_abundance.CCIS41222843ST-4-0	ZellerG_2014	FR-298	stool	CRC	CRC	73	senior	female	FRA	no	IlluminaHiSeq	25432777	90240238	7602125134	1	89	Paolo_Manghi	24	1
2021-03-31.ZellerG_2014.relative_abundance.CCIS41288781ST-4-0	ZellerG_2014	FR-817	stool	CRC	CRC	74	senior	female	FRA	no	IlluminaHiSeq	25432777	44391860	3791242240	45	92	Paolo_Manghi	19	1
2021-03-31.ZellerG_2014.relative_abundance.CCIS41548810ST-4-0	ZellerG_2014	FR-451	stool	CRC	CRC	78	senior	male	FRA	no	IlluminaHiSeq	25432777	55469214	4694864212	45	91	Paolo_Manghi	19	1
2021-03-31.ZellerG_2014.relative_abundance.CCIS41692898ST-4-0	ZellerG_2014	FR-558	stool	control	healthy	67	senior	female	FRA	no	IlluminaHiSeq	25432777	75046271	6490271467	45	90	Paolo_Manghi	28	0
2021-03-31.ZellerG_2014.relative_abundance.CCIS44093303ST-4-0	ZellerG_2014	FR-721	stool	control	healthy	62	adult	female	FRA	no	IlluminaHiSeq	25432777	73343518	6267951889	45	90	Paolo_Manghi	20	0
2021-03-31.ZellerG_2014.relative_abundance.CCIS44757994ST-4-0	ZellerG_2014	FR-770	stool	CRC	CRC	75	senior	male	FRA	no	IlluminaHiSeq	25432777	49916410	4076256445	2	88	Paolo_Manghi	37	1
2021-03-31.ZellerG_2014.relative_abundance.CCIS45571137ST-3-0	ZellerG_2014	FR-116	stool	control	healthy	55	adult	female	FRA	no	IlluminaHiSeq	25432777	37805003	2643933782	45	69	Paolo_Manghi	20	0
2021-03-31.ZellerG_2014.relative_abundance.CCIS45793747ST-4-0	ZellerG_2014	FR-684	stool	control	healthy	67	senior	male	FRA	no	IlluminaHiSeq	25432777	84805529	7119073064	1	89	Paolo_Manghi	25	0
2021-03-31.ZellerG_2014.relative_abundance.CCIS46047672ST-4-0	ZellerG_2014	FR-825	stool	CRC	CRC	65	adult	male	FRA	no	IlluminaHiSeq	25432777	42982745	3427270177	45	89	Paolo_Manghi	24	1
2021-03-31.ZellerG_2014.relative_abundance.CCIS46467422ST-4-0	ZellerG_2014	FR-830	stool	CRC	CRC	54	adult	female	FRA	no	IlluminaHiSeq	25432777	12659025	1015859086	2	87	Paolo_Manghi	22	1
2021-03-31.ZellerG_2014.relative_abundance.CCIS47284573ST-4-0	ZellerG_2014	FR-667	stool	CRC	CRC	67	senior	male	FRA	no	IlluminaHiSeq	25432777	39745148	3264825557	45	90	Paolo_Manghi	25	1
2021-03-31.ZellerG_2014.relative_abundance.CCIS48174381ST-4-0	ZellerG_2014	FR-751	stool	control	healthy	66	senior	male	FRA	no	IlluminaHiSeq	25432777	51253211	4358945393	1	89	Paolo_Manghi	25	0
2021-03-31.ZellerG_2014.relative_abundance.CCIS48725289ST-4-0	ZellerG_2014	FR-170	stool	CRC	CRC	62	adult	female	FRA	no	IlluminaHiSeq	25432777	35971780	2924500773	45	91	Paolo_Manghi	21	1
2021-03-31.ZellerG_2014.relative_abundance.CCIS50003399ST-4-0	ZellerG_2014	FR-194	stool	control	healthy	66	senior	female	FRA	no	IlluminaHiSeq	25432777	63416533	5408998961	45	90	Paolo_Manghi	28	0
2021-03-31.ZellerG_2014.relative_abundance.CCIS50148151ST-4-0	ZellerG_2014	FR-503	stool	CRC	CRC	87	senior	female	FRA	no	IlluminaHiSeq	25432777	54709150	4488120560	45	92	Paolo_Manghi	15	1
2021-03-31.ZellerG_2014.relative_abundance.CCIS50471204ST-4-0	ZellerG_2014	FR-213	stool	control	healthy	61	adult	female	FRA	no	IlluminaHiSeq	25432777	81465089	6959611519	45	90	Paolo_Manghi	23	0
2021-03-31.ZellerG_2014.relative_abundance.CCIS51595129ST-4-0	ZellerG_2014	FR-399	stool	control	healthy	63	adult	female	FRA	no	IlluminaHiSeq	25432777	59350393	5016717280	1	89	Paolo_Manghi	22	0
2021-03-31.ZellerG_2014.relative_abundance.CCIS52370277ST-4-0	ZellerG_2014	FR-827	stool	CRC	CRC	53	adult	male	FRA	no	IlluminaHiSeq	25432777	56128839	4655519051	45	92	Paolo_Manghi	25	1
2021-03-31.ZellerG_2014.relative_abundance.CCIS53043478ST-4-0	ZellerG_2014	FR-551	stool	CRC	CRC	72	senior	male	FRA	no	IlluminaHiSeq	25432777	41468101	3331840282	45	91	Paolo_Manghi	22	1
2021-03-31.ZellerG_2014.relative_abundance.CCIS53355328ST-4-0	ZellerG_2014	FR-293	stool	CRC	CRC	76	senior	male	FRA	no	IlluminaHiSeq	25432777	40022941	3182274234	1	89	Paolo_Manghi	NA	1
2021-03-31.ZellerG_2014.relative_abundance.CCIS55230578ST-4-0	ZellerG_2014	FR-734	stool	CRC	CRC	64	adult	male	FRA	no	IlluminaHiSeq	25432777	62688390	4925782891	45	89	Paolo_Manghi	30	1
2021-03-31.ZellerG_2014.relative_abundance.CCIS58234805ST-4-0	ZellerG_2014	FR-268	stool	CRC	CRC	70	senior	female	FRA	no	IlluminaHiSeq	25432777	24459826	2054641330	45	90	Paolo_Manghi	26	1
2021-03-31.ZellerG_2014.relative_abundance.CCIS59132091ST-4-0	ZellerG_2014	FR-617	stool	CRC	CRC	80	senior	female	FRA	no	IlluminaHiSeq	25432777	103034276	8528422674	45	89	Paolo_Manghi	23	1
2021-03-31.ZellerG_2014.relative_abundance.CCIS61287323ST-4-0	ZellerG_2014	FR-376	stool	CRC	CRC	76	senior	male	FRA	no	IlluminaHiSeq	25432777	79673095	6259486032	45	88	Paolo_Manghi	25	1
2021-03-31.ZellerG_2014.relative_abundance.CCIS62605362ST-3-0	ZellerG_2014	FR-504	stool	CRC	CRC	56	adult	female	FRA	no	IlluminaHiSeq	25432777	134059337	10842063366	45	86	Paolo_Manghi	23	1
2021-03-31.ZellerG_2014.relative_abundance.CCIS62794166ST-4-0	ZellerG_2014	FR-780	stool	CRC	CRC	68	senior	male	FRA	no	IlluminaHiSeq	25432777	39333809	3209540648	45	90	Paolo_Manghi	23	1
2021-03-31.ZellerG_2014.relative_abundance.CCIS63448910ST-4-0	ZellerG_2014	FR-390	stool	control	healthy	61	adult	female	FRA	no	IlluminaHiSeq	25432777	61901654	5241560072	1	89	Paolo_Manghi	34	0
2021-03-31.ZellerG_2014.relative_abundance.CCIS63468405ST-4-0	ZellerG_2014	FR-132	stool	control	healthy	69	senior	female	FRA	no	IlluminaHiSeq	25432777	67395395	5705040835	45	90	Paolo_Manghi	25	0
2021-03-31.ZellerG_2014.relative_abundance.CCIS63910149ST-4-0	ZellerG_2014	FR-719	stool	control	healthy	49	adult	female	FRA	no	IlluminaHiSeq	25432777	24843993	1992837785	45	88	Paolo_Manghi	23	0
2021-03-31.ZellerG_2014.relative_abundance.CCIS64773582ST-4-0	ZellerG_2014	FR-195	stool	control	healthy	63	adult	female	FRA	no	IlluminaHiSeq	25432777	91118209	7966706877	45	93	Paolo_Manghi	23	0
2021-03-31.ZellerG_2014.relative_abundance.CCIS64785924ST-20-0	ZellerG_2014	FR-173	stool	control	healthy	59	adult	female	FRA	no	IlluminaHiSeq	25432777	12636839	1128108433	45	95	Paolo_Manghi	25	0
2021-03-31.ZellerG_2014.relative_abundance.CCIS65479369ST-4-0	ZellerG_2014	FR-772	stool	CRC	CRC	69	senior	female	FRA	no	IlluminaHiSeq	25432777	16650614	1369967696	45	91	Paolo_Manghi	25	1
2021-03-31.ZellerG_2014.relative_abundance.CCIS71301801ST-4-0	ZellerG_2014	FR-281	stool	CRC	CRC	50	adult	female	FRA	no	IlluminaHiSeq	25432777	95671668	8220141004	45	92	Paolo_Manghi	24	1
2021-03-31.ZellerG_2014.relative_abundance.CCIS71578391ST-4-0	ZellerG_2014	FR-187	stool	control	healthy	70	senior	male	FRA	no	IlluminaHiSeq	25432777	74021867	6260894901	45	90	Paolo_Manghi	25	0
2021-03-31.ZellerG_2014.relative_abundance.CCIS72607085ST-4-0	ZellerG_2014	FR-824	stool	CRC	CRC	74	senior	female	FRA	no	IlluminaHiSeq	25432777	46481994	3848726385	45	91	Paolo_Manghi	26	1
2021-03-31.ZellerG_2014.relative_abundance.CCIS74239020ST-4-0	ZellerG_2014	FR-156	stool	control	healthy	62	adult	male	FRA	no	IlluminaHiSeq	25432777	60489281	5138705109	45	90	Paolo_Manghi	24	0
2021-03-31.ZellerG_2014.relative_abundance.CCIS76845094ST-20-0	ZellerG_2014	FR-450	stool	CRC	CRC	44	adult	male	FRA	no	IlluminaHiSeq	25432777	153432400	13684791942	45	95	Paolo_Manghi	20	1
2021-03-31.ZellerG_2014.relative_abundance.CCIS77252613ST-4-0	ZellerG_2014	FR-783	stool	CRC	CRC	65	adult	male	FRA	no	IlluminaHiSeq	25432777	89494083	7783680878	45	92	Paolo_Manghi	26	1
2021-03-31.ZellerG_2014.relative_abundance.CCIS78100604ST-4-0	ZellerG_2014	FR-728	stool	control	healthy	64	adult	female	FRA	no	IlluminaHiSeq	25432777	78150540	6619013691	1	89	Paolo_Manghi	30	0
2021-03-31.ZellerG_2014.relative_abundance.CCIS78318719ST-4-0	ZellerG_2014	FR-768	stool	CRC	CRC	69	senior	female	FRA	no	IlluminaHiSeq	25432777	59124409	4966168603	45	92	Paolo_Manghi	30	1
2021-03-31.ZellerG_2014.relative_abundance.CCIS79210440ST-3-0	ZellerG_2014	FR-039	stool	control	healthy	65	adult	male	FRA	no	IlluminaHiSeq	25432777	44022141	3056783044	45	68	Paolo_Manghi	30	0
2021-03-31.ZellerG_2014.relative_abundance.CCIS80834637ST-4-0	ZellerG_2014	FR-716	stool	control	healthy	60	adult	female	FRA	no	IlluminaHiSeq	25432777	95462023	8078577899	45	90	Paolo_Manghi	28	0
2021-03-31.ZellerG_2014.relative_abundance.CCIS81139242ST-4-0	ZellerG_2014	FR-118	stool	control	healthy	64	adult	female	FRA	no	IlluminaHiSeq	25432777	66773170	5713080966	45	96	Paolo_Manghi	20	0
2021-03-31.ZellerG_2014.relative_abundance.CCIS81887263ST-4-0	ZellerG_2014	FR-302	stool	CRC	CRC	59	adult	male	FRA	no	IlluminaHiSeq	25432777	89976522	7809347444	45	92	Paolo_Manghi	27	1
2021-03-31.ZellerG_2014.relative_abundance.CCIS82146115ST-4-0	ZellerG_2014	FR-628	stool	CRC	CRC	51	adult	male	FRA	no	IlluminaHiSeq	25432777	96243432	7855270798	1	89	Paolo_Manghi	24	1
2021-03-31.ZellerG_2014.relative_abundance.CCIS82507866ST-3-0	ZellerG_2014	FR-040	stool	control	healthy	57	adult	male	FRA	no	IlluminaHiSeq	25432777	45388199	3180717679	45	69	Paolo_Manghi	24	0
2021-03-31.ZellerG_2014.relative_abundance.CCIS82944710ST-20-0	ZellerG_2014	FR-730	stool	control	healthy	38	adult	female	FRA	no	IlluminaHiSeq	25432777	8890877	803852416	45	96	Paolo_Manghi	22	0
2021-03-31.ZellerG_2014.relative_abundance.CCIS83870198ST-4-0	ZellerG_2014	FR-344	stool	CRC	CRC	48	adult	female	FRA	no	IlluminaHiSeq	25432777	75224196	6297114104	45	92	Paolo_Manghi	24	1
2021-03-31.ZellerG_2014.relative_abundance.CCIS84543192ST-4-0	ZellerG_2014	FR-722	stool	CRC	CRC	45	adult	female	FRA	no	IlluminaHiSeq	25432777	35125765	2811757403	45	89	Paolo_Manghi	28	1
2021-03-31.ZellerG_2014.relative_abundance.CCIS85214191ST-3-0	ZellerG_2014	FR-208	stool	CRC	CRC	63	adult	male	FRA	no	IlluminaHiSeq	25432777	60695192	4841564987	45	88	Paolo_Manghi	22	1
2021-03-31.ZellerG_2014.relative_abundance.CCIS87116798ST-4-0	ZellerG_2014	FR-310	stool	CRC	CRC	85	senior	female	FRA	no	IlluminaHiSeq	25432777	50624818	4239137877	45	93	Paolo_Manghi	20	1
2021-03-31.ZellerG_2014.relative_abundance.CCIS87167916ST-4-0	ZellerG_2014	FR-223	stool	CRC	CRC	79	senior	male	FRA	no	IlluminaHiSeq	25432777	50204707	3868143620	45	82	Paolo_Manghi	30	1
2021-03-31.ZellerG_2014.relative_abundance.CCIS87252800ST-4-0	ZellerG_2014	FR-505	stool	CRC	CRC	73	senior	male	FRA	no	IlluminaHiSeq	25432777	26015120	2216475835	45	93	Paolo_Manghi	17	1
2021-03-31.ZellerG_2014.relative_abundance.CCIS87605453ST-4-0	ZellerG_2014	FR-328	stool	CRC	CRC	73	senior	female	FRA	no	IlluminaHiSeq	25432777	83221305	7016009997	1	89	Paolo_Manghi	26	1
2021-03-31.ZellerG_2014.relative_abundance.CCIS88007743ST-4-0	ZellerG_2014	FR-393	stool	control	healthy	67	senior	female	FRA	no	IlluminaHiSeq	25432777	62698501	5261700925	1	89	Paolo_Manghi	23	0
2021-03-31.ZellerG_2014.relative_abundance.CCIS88317640ST-4-0	ZellerG_2014	FR-759	stool	control	healthy	74	senior	male	FRA	no	IlluminaHiSeq	25432777	72027798	6089304969	1	89	Paolo_Manghi	27	0
2021-03-31.ZellerG_2014.relative_abundance.CCIS90164298ST-4-0	ZellerG_2014	FR-294	stool	control	healthy	84	senior	male	FRA	no	IlluminaHiSeq	25432777	64903644	5520171452	45	90	Paolo_Manghi	23	0
2021-03-31.ZellerG_2014.relative_abundance.CCIS91228662ST-4-0	ZellerG_2014	FR-275	stool	CRC	CRC	63	adult	male	FRA	no	IlluminaHiSeq	25432777	94076829	8027807010	45	92	Paolo_Manghi	31	1
2021-03-31.ZellerG_2014.relative_abundance.CCIS93040568ST-20-0	ZellerG_2014	FR-682	stool	control	healthy	65	adult	male	FRA	no	IlluminaHiSeq	25432777	13523536	1233826155	45	97	Paolo_Manghi	30	0
2021-03-31.ZellerG_2014.relative_abundance.CCIS94417875ST-3-0	ZellerG_2014	FR-110	stool	control	healthy	59	adult	female	FRA	no	IlluminaHiSeq	25432777	44052987	3132363570	45	70	Paolo_Manghi	25	0
2021-03-31.ZellerG_2014.relative_abundance.CCIS94603952ST-4-0	ZellerG_2014	FR-025	stool	control	healthy	80	senior	female	FRA	no	IlluminaHiSeq	25432777	69804753	5868133832	1	89	Paolo_Manghi	21	0
2021-03-31.ZellerG_2014.relative_abundance.CCIS95097901ST-4-0	ZellerG_2014	FR-696	stool	control	healthy	52	adult	male	FRA	no	IlluminaHiSeq	25432777	51567166	4271802257	45	91	Paolo_Manghi	24	0
2021-03-31.ZellerG_2014.relative_abundance.CCIS95409808ST-4-0	ZellerG_2014	FR-152	stool	control	healthy	63	adult	female	FRA	no	IlluminaHiSeq	25432777	66865743	5931273309	45	94	Paolo_Manghi	21	0
2021-03-31.ZellerG_2014.relative_abundance.CCIS98482370ST-3-0	ZellerG_2014	FR-052	stool	control	healthy	53	adult	female	FRA	no	IlluminaHiSeq	25432777	45190917	3154490787	45	69	Paolo_Manghi	30	0
2021-03-31.ZellerG_2014.relative_abundance.CCIS98512455ST-4-0	ZellerG_2014	FR-459	stool	CRC	CRC	63	adult	male	FRA	no	IlluminaHiSeq	25432777	46052438	3914532361	45	96	Paolo_Manghi	29	1
2021-03-31.ZellerG_2014.relative_abundance.CCIS98832363ST-4-0	ZellerG_2014	FR-552	stool	CRC	CRC	55	adult	female	FRA	no	IlluminaHiSeq	25432777	69793122	5748965241	45	93	Paolo_Manghi	25	1
