study_name	subject_id	body_site	study_condition	disease	age	age_category	gender	country	non_westernized	sequencing_platform	PMID	number_reads	number_bases	curator	is_case
2021-03-31.HMP_2019_t2d.relative_abundance.HMP2_J00835_M_ST_T0_B0_0120_ZLZQMEV-01_HA986ADXX	HMP_2019_t2d	ZLZQMEV	stool	control	healthy	61	adult	female	USA	no	IlluminaHiSeq	31142858	4853840	732929840	Anna_Pedrotti;Paolo_Manghi	0
2021-03-31.HMP_2019_t2d.relative_abundance.HMP2_J00836_M_ST_T0_B0_0120_ZLZQMEV-03_HA986ADXX	HMP_2019_t2d	ZLZQMEV	stool	control	healthy	61	adult	female	USA	no	IlluminaHiSeq	31142858	811392	122520192	Anna_Pedrotti;Paolo_Manghi	0
2021-03-31.HMP_2019_t2d.relative_abundance.HMP2_J00837_M_ST_T0_B0_0120_ZLZQMEV-1012_C93B2ANXX	HMP_2019_t2d	ZLZQMEV	stool	control	respiratoryinf	61	adult	female	USA	no	IlluminaHiSeq	31142858	30704180	3868726680	Anna_Pedrotti;Paolo_Manghi	0
2021-03-31.HMP_2019_t2d.relative_abundance.HMP2_J00839_M_ST_T0_B0_0120_ZLZQMEV-1015_C93B2ANXX	HMP_2019_t2d	ZLZQMEV	stool	control	respiratoryinf	61	adult	female	USA	no	IlluminaHiSeq	31142858	16393740	2065611240	Anna_Pedrotti;Paolo_Manghi	0
2021-03-31.HMP_2019_t2d.relative_abundance.HMP2_J00839_M_ST_T0_B0_0120_ZLZQMEV-1015_HA986ADXX	HMP_2019_t2d	ZLZQMEV	stool	control	respiratoryinf	61	adult	female	USA	no	IlluminaHiSeq	31142858	3306506	499282406	Anna_Pedrotti;Paolo_Manghi	0
2021-03-31.HMP_2019_t2d.relative_abundance.HMP2_J00879_M_ST_T0_B0_0120_ZMBH10Z-01_AC9387ANXX	HMP_2019_t2d	ZMBH10Z	stool	control	healthy	54	adult	female	USA	no	IlluminaHiSeq	31142858	23958684	3018794184	Anna_Pedrotti;Paolo_Manghi	0
2021-03-31.HMP_2019_t2d.relative_abundance.HMP2_J00879_M_ST_T0_B0_0120_ZMBH10Z-01_C8GAAANXX	HMP_2019_t2d	ZMBH10Z	stool	control	healthy	54	adult	female	USA	no	IlluminaHiSeq	31142858	18348526	2770627426	Anna_Pedrotti;Paolo_Manghi	0
2021-03-31.HMP_2019_t2d.relative_abundance.HMP2_J00879_M_ST_T0_B0_0120_ZMBH10Z-01_HA986ADXX	HMP_2019_t2d	ZMBH10Z	stool	control	healthy	54	adult	female	USA	no	IlluminaHiSeq	31142858	7146824	1079170424	Anna_Pedrotti;Paolo_Manghi	0
2021-03-31.HMP_2019_t2d.relative_abundance.HMP2_J00880_M_ST_T0_B0_0120_ZMBH10Z-02_AC9387ANXX	HMP_2019_t2d	ZMBH10Z	stool	control	healthy	54	adult	female	USA	no	IlluminaHiSeq	31142858	48987348	6172405848	Anna_Pedrotti;Paolo_Manghi	0
2021-03-31.HMP_2019_t2d.relative_abundance.HMP2_J00880_M_ST_T0_B0_0120_ZMBH10Z-02_C8GAAANXX	HMP_2019_t2d	ZMBH10Z	stool	control	healthy	54	adult	female	USA	no	IlluminaHiSeq	31142858	37900212	5722932012	Anna_Pedrotti;Paolo_Manghi	0
2021-03-31.HMP_2019_t2d.relative_abundance.HMP2_J00880_M_ST_T0_B0_0120_ZMBH10Z-02_HA986ADXX	HMP_2019_t2d	ZMBH10Z	stool	control	healthy	54	adult	female	USA	no	IlluminaHiSeq	31142858	3191166	481866066	Anna_Pedrotti;Paolo_Manghi	0
2021-03-31.HMP_2019_t2d.relative_abundance.HMP2_J00881_M_ST_T0_B0_0120_ZMBH10Z-03_C8GAAANXX	HMP_2019_t2d	ZMBH10Z	stool	control	healthy	54	adult	female	USA	no	IlluminaHiSeq	31142858	13600868	2053731068	Anna_Pedrotti;Paolo_Manghi	0
2021-03-31.HMP_2019_t2d.relative_abundance.HMP2_J00881_M_ST_T0_B0_0120_ZMBH10Z-03_HA986ADXX	HMP_2019_t2d	ZMBH10Z	stool	control	healthy	54	adult	female	USA	no	IlluminaHiSeq	31142858	2690158	406213858	Anna_Pedrotti;Paolo_Manghi	0
2021-03-31.HMP_2019_t2d.relative_abundance.HMP2_J00882_M_ST_T0_B0_0120_ZM7JY3G-01_HA986ADXX	HMP_2019_t2d	ZM7JY3G	stool	control	healthy	60	adult	male	USA	no	IlluminaHiSeq	31142858	14039524	2119968124	Anna_Pedrotti;Paolo_Manghi	0
2021-03-31.HMP_2019_t2d.relative_abundance.HMP2_J00883_M_ST_T0_B0_0120_ZM7JY3G-02_HA986ADXX	HMP_2019_t2d	ZM7JY3G	stool	control	healthy	60	adult	male	USA	no	IlluminaHiSeq	31142858	13959076	2107820476	Anna_Pedrotti;Paolo_Manghi	0
2021-03-31.HMP_2019_t2d.relative_abundance.HMP2_J00884_M_ST_T0_B0_0120_ZM7JY3G-04_C8GAAANXX	HMP_2019_t2d	ZM7JY3G	stool	control	healthy	60	adult	male	USA	no	IlluminaHiSeq	31142858	62715648	9470062848	Anna_Pedrotti;Paolo_Manghi	0
2021-03-31.HMP_2019_t2d.relative_abundance.HMP2_J00884_M_ST_T0_B0_0120_ZM7JY3G-04_HA986ADXX	HMP_2019_t2d	ZM7JY3G	stool	control	healthy	60	adult	male	USA	no	IlluminaHiSeq	31142858	6803752	1027366552	Anna_Pedrotti;Paolo_Manghi	0
2021-03-31.HMP_2019_t2d.relative_abundance.HMP2_J00891_M_ST_T0_B0_0120_ZJTKAE3-01_C8GAAANXX	HMP_2019_t2d	ZJTKAE3	stool	control	healthy	58	adult	female	USA	no	IlluminaHiSeq	31142858	56691094	8560355194	Anna_Pedrotti;Paolo_Manghi	0
2021-03-31.HMP_2019_t2d.relative_abundance.HMP2_J00891_M_ST_T0_B0_0120_ZJTKAE3-01_HA986ADXX	HMP_2019_t2d	ZJTKAE3	stool	control	healthy	58	adult	female	USA	no	IlluminaHiSeq	31142858	6554302	989699602	Anna_Pedrotti;Paolo_Manghi	0
2021-03-31.HMP_2019_t2d.relative_abundance.HMP2_J00892_M_ST_T0_B0_0120_ZJTKAE3-02_HA986ADXX	HMP_2019_t2d	ZJTKAE3	stool	control	healthy	58	adult	female	USA	no	IlluminaHiSeq	31142858	25509138	3851879838	Anna_Pedrotti;Paolo_Manghi	0
2021-03-31.HMP_2019_t2d.relative_abundance.HMP2_J00893_M_ST_T0_B0_0120_ZJTKAE3-04_HA986ADXX	HMP_2019_t2d	ZJTKAE3	stool	control	healthy	59	adult	female	USA	no	IlluminaHiSeq	31142858	16104712	2431811512	Anna_Pedrotti;Paolo_Manghi	0
2021-03-31.HMP_2019_t2d.relative_abundance.HMP2_J00896_M_ST_T0_B0_0120_ZLZQMEV-01X_HA986ADXX	HMP_2019_t2d	ZLZQMEV	stool	control	healthy	61	adult	female	USA	no	IlluminaHiSeq	31142858	13463032	2032917832	Anna_Pedrotti;Paolo_Manghi	0
2021-03-31.HMP_2019_t2d.relative_abundance.HMP2_J05379_M_ST_T0_B0_0120_ZOZOW1T-44_H15WVBG	HMP_2019_t2d	ZOZOW1T	stool	T2D	T2D	61	adult	male	USA	no	IlluminaHiSeq	31142858	25647446	3856091995	Anna_Pedrotti;Paolo_Manghi	1
2021-03-31.HMP_2019_t2d.relative_abundance.HMP2_J05379_M_ST_T0_B0_0120_ZOZOW1T-44_HB5LAADX	HMP_2019_t2d	ZOZOW1T	stool	T2D	T2D	61	adult	male	USA	no	IlluminaHiSeq	31142858	17150158	2589673858	Anna_Pedrotti;Paolo_Manghi	1
2021-03-31.HMP_2019_t2d.relative_abundance.HMP2_J05381_M_ST_T0_B0_0120_ZOZOW1T-48b_H15WVBG	HMP_2019_t2d	ZOZOW1T	stool	T2D	T2D;respiratoryinf	62	adult	male	USA	no	IlluminaHiSeq	31142858	19308436	2901375543	Anna_Pedrotti;Paolo_Manghi	1
2021-03-31.HMP_2019_t2d.relative_abundance.HMP2_J05381_M_ST_T0_B0_0120_ZOZOW1T-48b_HB5LAADX	HMP_2019_t2d	ZOZOW1T	stool	T2D	T2D;respiratoryinf	62	adult	male	USA	no	IlluminaHiSeq	31142858	11431562	1726165862	Anna_Pedrotti;Paolo_Manghi	1
2021-03-31.HMP_2019_t2d.relative_abundance.HMP2_J05383_M_ST_T0_B0_0120_ZOZOW1T-49_HB5LAADX	HMP_2019_t2d	ZOZOW1T	stool	T2D	T2D;respiratoryinf	62	adult	male	USA	no	IlluminaHiSeq	31142858	20760818	3134883518	Anna_Pedrotti;Paolo_Manghi	1
2021-03-31.HMP_2019_t2d.relative_abundance.HMP2_J05387_M_ST_T0_B0_0120_ZOZOW1T-54b_H15WVBG	HMP_2019_t2d	ZOZOW1T	stool	T2D	T2D;respiratoryinf	62	adult	male	USA	no	IlluminaHiSeq	31142858	22702576	3413195759	Anna_Pedrotti;Paolo_Manghi	1
2021-03-31.HMP_2019_t2d.relative_abundance.HMP2_J05387_M_ST_T0_B0_0120_ZOZOW1T-54b_HB5LAADX	HMP_2019_t2d	ZOZOW1T	stool	T2D	T2D;respiratoryinf	62	adult	male	USA	no	IlluminaHiSeq	31142858	119876388	18101334588	Anna_Pedrotti;Paolo_Manghi	1
2021-03-31.HMP_2019_t2d.relative_abundance.HMP2_J05389_M_ST_T0_B0_0120_ZOZOW1T-54_HB5LAADX	HMP_2019_t2d	ZOZOW1T	stool	T2D	T2D;respiratoryinf	62	adult	male	USA	no	IlluminaHiSeq	31142858	119124070	17987734570	Anna_Pedrotti;Paolo_Manghi	1
2021-03-31.HMP_2019_t2d.relative_abundance.HMP2_J05391_M_ST_T0_B0_0120_ZOZOW1T-55_H15WVBG	HMP_2019_t2d	ZOZOW1T	stool	T2D	T2D;respiratoryinf	62	adult	male	USA	no	IlluminaHiSeq	31142858	188567149	28363983959	Anna_Pedrotti;Paolo_Manghi	1
2021-03-31.HMP_2019_t2d.relative_abundance.HMP2_J05391_M_ST_T0_B0_0120_ZOZOW1T-55_HB5LAADX	HMP_2019_t2d	ZOZOW1T	stool	T2D	T2D;respiratoryinf	62	adult	male	USA	no	IlluminaHiSeq	31142858	16939300	2557834300	Anna_Pedrotti;Paolo_Manghi	1
2021-03-31.HMP_2019_t2d.relative_abundance.HMP2_J05393_M_ST_T0_B0_0120_ZOZOW1T-56_HB5LAADX	HMP_2019_t2d	ZOZOW1T	stool	T2D	T2D;respiratoryinf	62	adult	male	USA	no	IlluminaHiSeq	31142858	26436478	3991908178	Anna_Pedrotti;Paolo_Manghi	1
2021-03-31.HMP_2019_t2d.relative_abundance.HMP2_J05409_M_ST_T0_B0_0120_ZMBH10Z-04_C8GAAANXX	HMP_2019_t2d	ZMBH10Z	stool	control	healthy	54	adult	female	USA	no	IlluminaHiSeq	31142858	46661774	7045927874	Anna_Pedrotti;Paolo_Manghi	0
2021-03-31.HMP_2019_t2d.relative_abundance.HMP2_J08167_M_ST_T0_B0_0120_ZVNCGHM-02_HCG2MBGXX_S20	HMP_2019_t2d	ZVNCGHM	stool	control	healthy	44	adult	male	USA	no	IlluminaHiSeq	31142858	12471786	1876699191	Anna_Pedrotti;Paolo_Manghi	0
2021-03-31.HMP_2019_t2d.relative_abundance.HMP2_J08168_M_ST_T0_B0_0120_ZVNCGHM-6012_HCG2MBGXX_S21	HMP_2019_t2d	ZVNCGHM	stool	control	healthy	44	adult	male	USA	no	IlluminaHiSeq	31142858	16177366	2434030732	Anna_Pedrotti;Paolo_Manghi	0
2021-03-31.HMP_2019_t2d.relative_abundance.HMP2_J08169_M_ST_T0_B0_0120_ZVNCGHM-6013_HCG2MBGXX_S22	HMP_2019_t2d	ZVNCGHM	stool	control	healthy	44	adult	male	USA	no	IlluminaHiSeq	31142858	14059968	2115597109	Anna_Pedrotti;Paolo_Manghi	0
2021-03-31.HMP_2019_t2d.relative_abundance.HMP2_J08170_M_ST_T0_B0_0120_ZVNCGHM-6014_HCG2MBGXX_S23	HMP_2019_t2d	ZVNCGHM	stool	control	healthy	44	adult	male	USA	no	IlluminaHiSeq	31142858	11832300	1713886506	Anna_Pedrotti;Paolo_Manghi	0
2021-03-31.HMP_2019_t2d.relative_abundance.HMP2_J08171_M_ST_T0_B0_0120_ZVNCGHM-6015_HCG2MBGXX_S24	HMP_2019_t2d	ZVNCGHM	stool	control	healthy	44	adult	male	USA	no	IlluminaHiSeq	31142858	18822786	2831268270	Anna_Pedrotti;Paolo_Manghi	0
2021-03-31.HMP_2019_t2d.relative_abundance.HMP2_J08172_M_ST_T0_B0_0120_ZVNCGHM-6016_HCG2MBGXX_S25	HMP_2019_t2d	ZVNCGHM	stool	control	healthy	44	adult	male	USA	no	IlluminaHiSeq	31142858	15095028	2270986019	Anna_Pedrotti;Paolo_Manghi	0
2021-03-31.HMP_2019_t2d.relative_abundance.HMP2_J09104_M_ST_T0_B0_0120_ZM7JY3G-05_C8GAAANXX	HMP_2019_t2d	ZM7JY3G	stool	control	healthy	60	adult	male	USA	no	IlluminaHiSeq	31142858	29541756	4460805156	Anna_Pedrotti;Paolo_Manghi	0
2021-03-31.HMP_2019_t2d.relative_abundance.HMP2_J09104_M_ST_T0_B0_0120_ZM7JY3G-05_H7FHFBGXX_S36	HMP_2019_t2d	ZM7JY3G	stool	control	healthy	60	adult	male	USA	no	IlluminaHiSeq	31142858	3827490	574077780	Anna_Pedrotti;Paolo_Manghi	0
2021-03-31.HMP_2019_t2d.relative_abundance.HMP2_J09105_M_ST_T0_B0_0120_ZM7JY3G-07_C8GAAANXX	HMP_2019_t2d	ZM7JY3G	stool	control	healthy	61	adult	male	USA	no	IlluminaHiSeq	31142858	29952870	4522883370	Anna_Pedrotti;Paolo_Manghi	0
2021-03-31.HMP_2019_t2d.relative_abundance.HMP2_J09105_M_ST_T0_B0_0120_ZM7JY3G-07_H7FHFBGXX_S37	HMP_2019_t2d	ZM7JY3G	stool	control	healthy	61	adult	male	USA	no	IlluminaHiSeq	31142858	5777918	867863055	Anna_Pedrotti;Paolo_Manghi	0
2021-03-31.HMP_2019_t2d.relative_abundance.HMP2_J15245_M_ST_T0_B0_0120_ZVGW5FI-01_BHLVVGADXX	HMP_2019_t2d	ZVGW5FI	stool	control	healthy	50	adult	female	USA	no	IlluminaHiSeq	31142858	12927718	1952085418	Anna_Pedrotti;Paolo_Manghi	0
2021-03-31.HMP_2019_t2d.relative_abundance.HMP2_J15245_M_ST_T0_B0_0120_ZVGW5FI-01_GES15-03640	HMP_2019_t2d	ZVGW5FI	stool	control	healthy	50	adult	female	USA	no	IlluminaHiSeq	31142858	12927718	1952085418	Anna_Pedrotti;Paolo_Manghi	0
2021-03-31.HMP_2019_t2d.relative_abundance.HMP2_J15246_M_ST_T0_B0_0120_ZVGW5FI-02_BHLVVGADXX	HMP_2019_t2d	ZVGW5FI	stool	control	healthy	51	adult	female	USA	no	IlluminaHiSeq	31142858	11192202	1690022502	Anna_Pedrotti;Paolo_Manghi	0
2021-03-31.HMP_2019_t2d.relative_abundance.HMP2_J15246_M_ST_T0_B0_0120_ZVGW5FI-02_GES15-03641	HMP_2019_t2d	ZVGW5FI	stool	control	healthy	51	adult	female	USA	no	IlluminaHiSeq	31142858	11192202	1690022502	Anna_Pedrotti;Paolo_Manghi	0
2021-03-31.HMP_2019_t2d.relative_abundance.HMP2_J16531_M_ST_T0_B0_0120_ZVGW5FI-03_HK3LNBGXX_S2	HMP_2019_t2d	ZVGW5FI	stool	control	healthy	51	adult	female	USA	no	IlluminaHiSeq	31142858	32092530	4829327655	Anna_Pedrotti;Paolo_Manghi	0
2021-03-31.HMP_2019_t2d.relative_abundance.HMP2_J35165_M_ST_T0_B0_0120_ZMBH10Z-04_HBB8WADXX	HMP_2019_t2d	ZMBH10Z	stool	control	healthy	54	adult	female	USA	no	IlluminaHiSeq	31142858	1349872	203830672	Anna_Pedrotti;Paolo_Manghi	0
2021-03-31.HMP_2019_t2d.relative_abundance.HMP2_J43812_M_ST_T0_B0_0120_ZYLJ7R7-01_C93B2ANXX	HMP_2019_t2d	ZYLJ7R7	stool	control	healthy	40	adult	female	USA	no	IlluminaHiSeq	31142858	35727114	4501616364	Anna_Pedrotti;Paolo_Manghi	0
2021-03-31.HMP_2019_t2d.relative_abundance.HMP2_J43813_M_ST_T0_B0_0120_ZYLJ7R7-02_C93B2ANXX	HMP_2019_t2d	ZYLJ7R7	stool	control	healthy	41	adult	female	USA	no	IlluminaHiSeq	31142858	34619196	4362018696	Anna_Pedrotti;Paolo_Manghi	0
2021-03-31.HMP_2019_t2d.relative_abundance.HMP2_J43814_M_ST_T0_B0_0120_ZYLJ7R7-03_C93B2ANXX	HMP_2019_t2d	ZYLJ7R7	stool	control	healthy	41	adult	female	USA	no	IlluminaHiSeq	31142858	34662010	4367413260	Anna_Pedrotti;Paolo_Manghi	0
2021-03-31.HMP_2019_t2d.relative_abundance.HMP2_J43815_M_ST_T0_B0_0120_ZYLJ7R7-06_C93B2ANXX	HMP_2019_t2d	ZYLJ7R7	stool	control	healthy	42	adult	female	USA	no	IlluminaHiSeq	31142858	41030882	5169891132	Anna_Pedrotti;Paolo_Manghi	0
2021-03-31.HMP_2019_t2d.relative_abundance.HMP2_J43816_M_ST_T0_B0_0120_ZYLJ7R7-1014_C93B2ANXX	HMP_2019_t2d	ZYLJ7R7	stool	control	respiratoryinf	41	adult	female	USA	no	IlluminaHiSeq	31142858	32062474	4039871724	Anna_Pedrotti;Paolo_Manghi	0
2021-03-31.HMP_2019_t2d.relative_abundance.HMP2_J43817_M_ST_T0_B0_0120_ZYLJ7R7-4012_C93B2ANXX	HMP_2019_t2d	ZYLJ7R7	stool	control	healthy	41	adult	female	USA	no	IlluminaHiSeq	31142858	16018866	2018377116	Anna_Pedrotti;Paolo_Manghi	0
2021-03-31.HMP_2019_t2d.relative_abundance.HMP2_J43818_M_ST_T0_B0_0120_ZYLJ7R7-4013_C93B2ANXX	HMP_2019_t2d	ZYLJ7R7	stool	control	healthy	41	adult	female	USA	no	IlluminaHiSeq	31142858	34608140	4360625640	Anna_Pedrotti;Paolo_Manghi	0
2021-10-14.KarlssonFH_2013.relative_abundance.S118	KarlssonFH_2013	S118	stool	control	healthy	70	senior	female	SWE	no	IlluminaHiSeq	23719380	32745496	3307295096	Paolo_Manghi;Marisa_Metzger	0
2021-10-14.KarlssonFH_2013.relative_abundance.S121	KarlssonFH_2013	S121	stool	control	healthy	69	senior	female	SWE	no	IlluminaHiSeq	23719380	24783600	2503143600	Paolo_Manghi;Marisa_Metzger	0
2021-10-14.KarlssonFH_2013.relative_abundance.S126	KarlssonFH_2013	S126	stool	control	healthy	69	senior	female	DEU	no	IlluminaHiSeq	23719380	29518826	2981401426	Paolo_Manghi;Marisa_Metzger	0
2021-10-14.KarlssonFH_2013.relative_abundance.S127	KarlssonFH_2013	S127	stool	control	healthy	70	senior	female	SWE	no	IlluminaHiSeq	23719380	24554634	2480018034	Paolo_Manghi;Marisa_Metzger	0
2021-10-14.KarlssonFH_2013.relative_abundance.S137	KarlssonFH_2013	S137	stool	control	healthy	70	senior	female	SWE	no	IlluminaHiSeq	23719380	8310416	797799936	Paolo_Manghi;Marisa_Metzger	0
2021-10-14.KarlssonFH_2013.relative_abundance.S141	KarlssonFH_2013	S141	stool	control	healthy	69	senior	female	SWE	no	IlluminaHiSeq	23719380	19800586	1999859186	Paolo_Manghi;Marisa_Metzger	0
2021-10-14.KarlssonFH_2013.relative_abundance.S143	KarlssonFH_2013	S143	stool	control	healthy	69	senior	female	SWE	no	IlluminaHiSeq	23719380	29845020	3014347020	Paolo_Manghi;Marisa_Metzger	0
2021-10-14.KarlssonFH_2013.relative_abundance.S146	KarlssonFH_2013	S146	stool	control	healthy	69	senior	female	SWE	no	IlluminaHiSeq	23719380	23655754	2389231154	Paolo_Manghi;Marisa_Metzger	0
2021-10-14.KarlssonFH_2013.relative_abundance.S153	KarlssonFH_2013	S153	stool	control	healthy	70	senior	female	DEU	no	IlluminaHiSeq	23719380	38903876	3929291476	Paolo_Manghi;Marisa_Metzger	0
2021-10-14.KarlssonFH_2013.relative_abundance.S155	KarlssonFH_2013	S155	stool	control	healthy	70	senior	female	FRA	no	IlluminaHiSeq	23719380	38363260	3874689260	Paolo_Manghi;Marisa_Metzger	0
2021-10-14.KarlssonFH_2013.relative_abundance.S158	KarlssonFH_2013	S158	stool	T2D	T2D	68	senior	female	SWE	no	IlluminaHiSeq	23719380	40135708	4053706508	Paolo_Manghi;Marisa_Metzger	1
2021-10-14.KarlssonFH_2013.relative_abundance.S187	KarlssonFH_2013	S187	stool	control	healthy	70	senior	female	SWE	no	IlluminaHiSeq	23719380	45176390	4562815390	Paolo_Manghi;Marisa_Metzger	0
2021-10-14.KarlssonFH_2013.relative_abundance.S193	KarlssonFH_2013	S193	stool	control	healthy	70	senior	female	SWE	no	IlluminaHiSeq	23719380	49036084	4952644484	Paolo_Manghi;Marisa_Metzger	0
2021-10-14.KarlssonFH_2013.relative_abundance.S194	KarlssonFH_2013	S194	stool	control	healthy	70	senior	female	SWE	no	IlluminaHiSeq	23719380	44043924	4448436324	Paolo_Manghi;Marisa_Metzger	0
2021-10-14.KarlssonFH_2013.relative_abundance.S195	KarlssonFH_2013	S195	stool	control	healthy	71	senior	female	SWE	no	IlluminaHiSeq	23719380	38875356	3926410956	Paolo_Manghi;Marisa_Metzger	0
2021-10-14.KarlssonFH_2013.relative_abundance.S198	KarlssonFH_2013	S198	stool	control	healthy	69	senior	female	SWE	no	IlluminaHiSeq	23719380	40382652	4078647852	Paolo_Manghi;Marisa_Metzger	0
2021-10-14.KarlssonFH_2013.relative_abundance.S205	KarlssonFH_2013	S205	stool	T2D	T2D	70	senior	female	SWE	no	IlluminaHiSeq	23719380	28722460	2900968460	Paolo_Manghi;Marisa_Metzger	1
2021-10-14.KarlssonFH_2013.relative_abundance.S224	KarlssonFH_2013	S224	stool	control	healthy	69	senior	female	SWE	no	IlluminaHiSeq	23719380	19767240	1996491240	Paolo_Manghi;Marisa_Metzger	0
2021-10-14.KarlssonFH_2013.relative_abundance.S225	KarlssonFH_2013	S225	stool	control	healthy	70	senior	female	SWE	no	IlluminaHiSeq	23719380	20784914	2099276314	Paolo_Manghi;Marisa_Metzger	0
2021-10-14.KarlssonFH_2013.relative_abundance.S231	KarlssonFH_2013	S231	stool	control	healthy	70	senior	female	SWE	no	IlluminaHiSeq	23719380	24580092	2482589292	Paolo_Manghi;Marisa_Metzger	0
2021-10-14.KarlssonFH_2013.relative_abundance.S235	KarlssonFH_2013	S235	stool	T2D	T2D	69	senior	female	DEU	no	IlluminaHiSeq	23719380	15067162	1521783362	Paolo_Manghi;Marisa_Metzger	1
2021-10-14.KarlssonFH_2013.relative_abundance.S244	KarlssonFH_2013	S244	stool	T2D	T2D	69	senior	female	SWE	no	IlluminaHiSeq	23719380	28080196	2836099796	Paolo_Manghi;Marisa_Metzger	1
2021-10-14.KarlssonFH_2013.relative_abundance.S248	KarlssonFH_2013	S248	stool	T2D	T2D	69	senior	female	SWE	no	IlluminaHiSeq	23719380	25515900	2577105900	Paolo_Manghi;Marisa_Metzger	1
2021-10-14.KarlssonFH_2013.relative_abundance.S258	KarlssonFH_2013	S258	stool	T2D	T2D	69	senior	female	SWE	no	IlluminaHiSeq	23719380	26470326	2673502926	Paolo_Manghi;Marisa_Metzger	1
2021-10-14.KarlssonFH_2013.relative_abundance.S263	KarlssonFH_2013	S263	stool	T2D	T2D	69	senior	female	SWE	no	IlluminaHiSeq	23719380	23163254	2339488654	Paolo_Manghi;Marisa_Metzger	1
2021-10-14.KarlssonFH_2013.relative_abundance.S264	KarlssonFH_2013	S264	stool	control	healthy	69	senior	female	SWE	no	IlluminaHiSeq	23719380	15859028	1601761828	Paolo_Manghi;Marisa_Metzger	0
2021-10-14.KarlssonFH_2013.relative_abundance.S268	KarlssonFH_2013	S268	stool	control	healthy	69	senior	female	SWE	no	IlluminaHiSeq	23719380	22742796	2297022396	Paolo_Manghi;Marisa_Metzger	0
2021-10-14.KarlssonFH_2013.relative_abundance.S269	KarlssonFH_2013	S269	stool	control	healthy	70	senior	female	SWE	no	IlluminaHiSeq	23719380	19204028	1939606828	Paolo_Manghi;Marisa_Metzger	0
2021-10-14.KarlssonFH_2013.relative_abundance.S286	KarlssonFH_2013	S286	stool	T2D	T2D	69	senior	female	DNK	no	IlluminaHiSeq	23719380	11057174	1061488704	Paolo_Manghi;Marisa_Metzger	1
2021-10-14.KarlssonFH_2013.relative_abundance.S288	KarlssonFH_2013	S288	stool	control	healthy	70	senior	female	SWE	no	IlluminaHiSeq	23719380	24650958	2489746758	Paolo_Manghi;Marisa_Metzger	0
2021-10-14.KarlssonFH_2013.relative_abundance.S297	KarlssonFH_2013	S297	stool	T2D	T2D	69	senior	female	SWE	no	IlluminaHiSeq	23719380	7935474	761805504	Paolo_Manghi;Marisa_Metzger	1
2021-10-14.KarlssonFH_2013.relative_abundance.S334	KarlssonFH_2013	S334	stool	T2D	T2D	70	senior	female	SWE	no	IlluminaHiSeq	23719380	20165114	2036676514	Paolo_Manghi;Marisa_Metzger	1
2021-10-14.KarlssonFH_2013.relative_abundance.S344	KarlssonFH_2013	S344	stool	T2D	T2D	70	senior	female	SWE	no	IlluminaHiSeq	23719380	19166900	1935856900	Paolo_Manghi;Marisa_Metzger	1
2021-10-14.KarlssonFH_2013.relative_abundance.S353	KarlssonFH_2013	S353	stool	T2D	T2D	69	senior	female	SWE	no	IlluminaHiSeq	23719380	24593094	2483902494	Paolo_Manghi;Marisa_Metzger	1
2021-10-14.KarlssonFH_2013.relative_abundance.S365	KarlssonFH_2013	S365	stool	control	healthy	71	senior	female	SWE	no	IlluminaHiSeq	23719380	27938300	2821768300	Paolo_Manghi;Marisa_Metzger	0
2021-10-14.KarlssonFH_2013.relative_abundance.S370	KarlssonFH_2013	S370	stool	T2D	T2D	70	senior	female	SWE	no	IlluminaHiSeq	23719380	30512864	3081799264	Paolo_Manghi;Marisa_Metzger	1
2021-10-14.KarlssonFH_2013.relative_abundance.S378	KarlssonFH_2013	S378	stool	T2D	T2D	71	senior	female	SWE	no	IlluminaHiSeq	23719380	26043874	2630431274	Paolo_Manghi;Marisa_Metzger	1
2021-10-14.KarlssonFH_2013.relative_abundance.S380	KarlssonFH_2013	S380	stool	T2D	T2D	71	senior	female	SWE	no	IlluminaHiSeq	23719380	17956034	1813559434	Paolo_Manghi;Marisa_Metzger	1
2021-10-14.KarlssonFH_2013.relative_abundance.S381	KarlssonFH_2013	S381	stool	control	healthy	70	senior	female	SWE	no	IlluminaHiSeq	23719380	27835062	2811341262	Paolo_Manghi;Marisa_Metzger	0
2021-10-14.KarlssonFH_2013.relative_abundance.S389	KarlssonFH_2013	S389	stool	T2D	T2D	69	senior	female	SWE	no	IlluminaHiSeq	23719380	25495356	2575030956	Paolo_Manghi;Marisa_Metzger	1
2021-10-14.KarlssonFH_2013.relative_abundance.S398	KarlssonFH_2013	S398	stool	T2D	T2D	70	senior	female	SWE	no	IlluminaHiSeq	23719380	21659400	2187599400	Paolo_Manghi;Marisa_Metzger	1
2021-10-14.KarlssonFH_2013.relative_abundance.S421	KarlssonFH_2013	S421	stool	T2D	T2D	70	senior	female	SWE	no	IlluminaHiSeq	23719380	42892356	4332127956	Paolo_Manghi;Marisa_Metzger	1
2021-10-14.KarlssonFH_2013.relative_abundance.S422	KarlssonFH_2013	S422	stool	T2D	T2D	71	senior	female	SWE	no	IlluminaHiSeq	23719380	61451340	6206585340	Paolo_Manghi;Marisa_Metzger	1
2021-10-14.KarlssonFH_2013.relative_abundance.S424	KarlssonFH_2013	S424	stool	control	healthy	70	senior	female	SWE	no	IlluminaHiSeq	23719380	31866570	3218523570	Paolo_Manghi;Marisa_Metzger	0
2021-10-14.KarlssonFH_2013.relative_abundance.S434	KarlssonFH_2013	S434	stool	T2D	T2D	69	senior	female	SWE	no	IlluminaHiSeq	23719380	46197960	4665993960	Paolo_Manghi;Marisa_Metzger	1
2021-10-14.KarlssonFH_2013.relative_abundance.S436	KarlssonFH_2013	S436	stool	T2D	T2D	71	senior	female	SWE	no	IlluminaHiSeq	23719380	43523716	4395895316	Paolo_Manghi;Marisa_Metzger	1
2021-10-14.KarlssonFH_2013.relative_abundance.S439	KarlssonFH_2013	S439	stool	T2D	T2D	70	senior	female	SWE	no	IlluminaHiSeq	23719380	43061284	4349189684	Paolo_Manghi;Marisa_Metzger	1
2021-10-14.KarlssonFH_2013.relative_abundance.S446	KarlssonFH_2013	S446	stool	T2D	T2D	68	senior	female	SWE	no	IlluminaHiSeq	23719380	19017376	1920754976	Paolo_Manghi;Marisa_Metzger	1
2021-10-14.KarlssonFH_2013.relative_abundance.S451	KarlssonFH_2013	S451	stool	control	healthy	71	senior	female	SWE	no	IlluminaHiSeq	23719380	30299038	3060202838	Paolo_Manghi;Marisa_Metzger	0
2021-10-14.KarlssonFH_2013.relative_abundance.S456	KarlssonFH_2013	S456	stool	control	healthy	70	senior	female	SWE	no	IlluminaHiSeq	23719380	57713204	5829033604	Paolo_Manghi;Marisa_Metzger	0
2021-10-14.KarlssonFH_2013.relative_abundance.S458	KarlssonFH_2013	S458	stool	T2D	T2D	70	senior	female	SWE	no	IlluminaHiSeq	23719380	59566518	6016218318	Paolo_Manghi;Marisa_Metzger	1
2021-10-14.KarlssonFH_2013.relative_abundance.S462	KarlssonFH_2013	S462	stool	T2D	T2D	70	senior	female	SWE	no	IlluminaHiSeq	23719380	45121654	4557287054	Paolo_Manghi;Marisa_Metzger	1
2021-10-14.KarlssonFH_2013.relative_abundance.S463	KarlssonFH_2013	S463	stool	control	healthy	71	senior	female	SWE	no	IlluminaHiSeq	23719380	31699834	3201683234	Paolo_Manghi;Marisa_Metzger	0
2021-10-14.KarlssonFH_2013.relative_abundance.S468	KarlssonFH_2013	S468	stool	T2D	T2D	70	senior	female	HUN	no	IlluminaHiSeq	23719380	37056984	3742755384	Paolo_Manghi;Marisa_Metzger	1
2021-10-14.KarlssonFH_2013.relative_abundance.S470	KarlssonFH_2013	S470	stool	T2D	T2D	70	senior	female	SWE	no	IlluminaHiSeq	23719380	8550254	820824384	Paolo_Manghi;Marisa_Metzger	1
2021-10-14.KarlssonFH_2013.relative_abundance.S475	KarlssonFH_2013	S475	stool	T2D	T2D	70	senior	female	DNK	no	IlluminaHiSeq	23719380	11936028	1145858688	Paolo_Manghi;Marisa_Metzger	1
2021-10-14.KarlssonFH_2013.relative_abundance.S476	KarlssonFH_2013	S476	stool	T2D	T2D	71	senior	female	SWE	no	IlluminaHiSeq	23719380	51227616	5173989216	Paolo_Manghi;Marisa_Metzger	1
2021-10-14.KarlssonFH_2013.relative_abundance.S478	KarlssonFH_2013	S478	stool	T2D	T2D	70	senior	female	SWE	no	IlluminaHiSeq	23719380	41782266	4220008866	Paolo_Manghi;Marisa_Metzger	1
2021-10-14.KarlssonFH_2013.relative_abundance.S479	KarlssonFH_2013	S479	stool	control	healthy	71	senior	female	SWE	no	IlluminaHiSeq	23719380	31942632	3226205832	Paolo_Manghi;Marisa_Metzger	0
2021-10-14.KarlssonFH_2013.relative_abundance.S483	KarlssonFH_2013	S483	stool	T2D	T2D	71	senior	female	SWE	no	IlluminaHiSeq	23719380	49645670	5014212670	Paolo_Manghi;Marisa_Metzger	1
2021-10-14.KarlssonFH_2013.relative_abundance.S484	KarlssonFH_2013	S484	stool	T2D	T2D	71	senior	female	SWE	no	IlluminaHiSeq	23719380	43744106	4418154706	Paolo_Manghi;Marisa_Metzger	1
2021-10-14.KarlssonFH_2013.relative_abundance.S495	KarlssonFH_2013	S495	stool	T2D	T2D	69	senior	female	EST	no	IlluminaHiSeq	23719380	42247318	4266979118	Paolo_Manghi;Marisa_Metzger	1
2021-10-14.KarlssonFH_2013.relative_abundance.S497	KarlssonFH_2013	S497	stool	T2D	T2D	70	senior	female	SWE	no	IlluminaHiSeq	23719380	39825574	4022382974	Paolo_Manghi;Marisa_Metzger	1
2021-10-14.KarlssonFH_2013.relative_abundance.S517	KarlssonFH_2013	S517	stool	T2D	T2D	71	senior	female	SWE	no	IlluminaHiSeq	23719380	41415244	4182939644	Paolo_Manghi;Marisa_Metzger	1
2021-10-14.KarlssonFH_2013.relative_abundance.S524	KarlssonFH_2013	S524	stool	T2D	T2D	70	senior	female	SWE	no	IlluminaHiSeq	23719380	36461816	3682643416	Paolo_Manghi;Marisa_Metzger	1
2021-10-14.KarlssonFH_2013.relative_abundance.S526	KarlssonFH_2013	S526	stool	T2D	T2D	71	senior	female	SWE	no	IlluminaHiSeq	23719380	41016080	4142624080	Paolo_Manghi;Marisa_Metzger	1
2021-10-14.KarlssonFH_2013.relative_abundance.S529	KarlssonFH_2013	S529	stool	T2D	T2D	69	senior	female	SWE	no	IlluminaHiSeq	23719380	48998086	4948806686	Paolo_Manghi;Marisa_Metzger	1
2021-10-14.KarlssonFH_2013.relative_abundance.S53	KarlssonFH_2013	S53	stool	control	healthy	70	senior	female	SWE	no	IlluminaHiSeq	23719380	27943736	2822317336	Paolo_Manghi;Marisa_Metzger	0
2021-10-14.KarlssonFH_2013.relative_abundance.S530	KarlssonFH_2013	S530	stool	T2D	T2D	70	senior	female	SWE	no	IlluminaHiSeq	23719380	38222934	3860516334	Paolo_Manghi;Marisa_Metzger	1
2021-10-14.KarlssonFH_2013.relative_abundance.S536	KarlssonFH_2013	S536	stool	T2D	T2D	70	senior	female	SWE	no	IlluminaHiSeq	23719380	42498998	4292398798	Paolo_Manghi;Marisa_Metzger	1
2021-10-14.KarlssonFH_2013.relative_abundance.S543	KarlssonFH_2013	S543	stool	T2D	T2D	71	senior	female	SWE	no	IlluminaHiSeq	23719380	42116800	4253796800	Paolo_Manghi;Marisa_Metzger	1
2021-10-14.KarlssonFH_2013.relative_abundance.S550	KarlssonFH_2013	S550	stool	T2D	T2D	70	senior	female	SWE	no	IlluminaHiSeq	23719380	10375490	996047040	Paolo_Manghi;Marisa_Metzger	1
2021-10-14.KarlssonFH_2013.relative_abundance.S551	KarlssonFH_2013	S551	stool	T2D	T2D	71	senior	female	SWE	no	IlluminaHiSeq	23719380	47134880	4760622880	Paolo_Manghi;Marisa_Metzger	1
2021-10-14.KarlssonFH_2013.relative_abundance.S552	KarlssonFH_2013	S552	stool	T2D	T2D	70	senior	female	SWE	no	IlluminaHiSeq	23719380	30027546	3032782146	Paolo_Manghi;Marisa_Metzger	1
2021-10-14.KarlssonFH_2013.relative_abundance.S561	KarlssonFH_2013	S561	stool	T2D	T2D	71	senior	female	SWE	no	IlluminaHiSeq	23719380	42792280	4322020280	Paolo_Manghi;Marisa_Metzger	1
2021-10-14.KarlssonFH_2013.relative_abundance.S563	KarlssonFH_2013	S563	stool	T2D	T2D	69	senior	female	FIN	no	IlluminaHiSeq	23719380	34299550	3464254550	Paolo_Manghi;Marisa_Metzger	1
2021-10-14.KarlssonFH_2013.relative_abundance.S577	KarlssonFH_2013	S577	stool	T2D	T2D	70	senior	female	SWE	no	IlluminaHiSeq	23719380	28311558	2859467358	Paolo_Manghi;Marisa_Metzger	1
2021-10-14.KarlssonFH_2013.relative_abundance.S58	KarlssonFH_2013	S58	stool	control	healthy	70	senior	female	ISL	no	IlluminaHiSeq	23719380	26426600	2669086600	Paolo_Manghi;Marisa_Metzger	0
2021-10-14.KarlssonFH_2013.relative_abundance.S584	KarlssonFH_2013	S584	stool	control	healthy	70	senior	female	SWE	no	IlluminaHiSeq	23719380	29998756	3029874356	Paolo_Manghi;Marisa_Metzger	0
2021-10-14.KarlssonFH_2013.relative_abundance.S587	KarlssonFH_2013	S587	stool	T2D	T2D	70	senior	female	SWE	no	IlluminaHiSeq	23719380	27393282	2766721482	Paolo_Manghi;Marisa_Metzger	1
2021-10-14.KarlssonFH_2013.relative_abundance.S589	KarlssonFH_2013	S589	stool	T2D	T2D	71	senior	female	DEU	no	IlluminaHiSeq	23719380	31392146	3170606746	Paolo_Manghi;Marisa_Metzger	1
2021-10-14.KarlssonFH_2013.relative_abundance.S59	KarlssonFH_2013	S59	stool	control	healthy	69	senior	female	SWE	no	IlluminaHiSeq	23719380	24920030	2516923030	Paolo_Manghi;Marisa_Metzger	0
2021-10-14.KarlssonFH_2013.relative_abundance.S591	KarlssonFH_2013	S591	stool	T2D	T2D	71	senior	female	SWE	no	IlluminaHiSeq	23719380	37952212	3833173412	Paolo_Manghi;Marisa_Metzger	1
2021-10-14.KarlssonFH_2013.relative_abundance.S598	KarlssonFH_2013	S598	stool	T2D	T2D	71	senior	female	SWE	no	IlluminaHiSeq	23719380	34799354	3514734754	Paolo_Manghi;Marisa_Metzger	1
2021-10-14.KarlssonFH_2013.relative_abundance.S602	KarlssonFH_2013	S602	stool	T2D	T2D	71	senior	female	SWE	no	IlluminaHiSeq	23719380	35680006	3603680606	Paolo_Manghi;Marisa_Metzger	1
2021-10-14.KarlssonFH_2013.relative_abundance.S604	KarlssonFH_2013	S604	stool	T2D	T2D	71	senior	female	SVK	no	IlluminaHiSeq	23719380	38845972	3923443172	Paolo_Manghi;Marisa_Metzger	1
2021-10-14.KarlssonFH_2013.relative_abundance.S614	KarlssonFH_2013	S614	stool	control	healthy	71	senior	female	SWE	no	IlluminaHiSeq	23719380	15306548	1545961348	Paolo_Manghi;Marisa_Metzger	0
2021-10-14.KarlssonFH_2013.relative_abundance.S617	KarlssonFH_2013	S617	stool	control	healthy	71	senior	female	SWE	no	IlluminaHiSeq	23719380	9698560	979554560	Paolo_Manghi;Marisa_Metzger	0
2021-10-14.KarlssonFH_2013.relative_abundance.S618	KarlssonFH_2013	S618	stool	control	healthy	71	senior	female	SWE	no	IlluminaHiSeq	23719380	16826714	1699498114	Paolo_Manghi;Marisa_Metzger	0
2021-10-14.KarlssonFH_2013.relative_abundance.S628	KarlssonFH_2013	S628	stool	control	healthy	71	senior	female	SWE	no	IlluminaHiSeq	23719380	13839180	1397757180	Paolo_Manghi;Marisa_Metzger	0
2021-10-14.KarlssonFH_2013.relative_abundance.S643	KarlssonFH_2013	S643	stool	control	healthy	70	senior	female	SWE	no	IlluminaHiSeq	23719380	15307646	1546072246	Paolo_Manghi;Marisa_Metzger	0
2021-10-14.KarlssonFH_2013.relative_abundance.S655	KarlssonFH_2013	S655	stool	control	healthy	71	senior	female	SWE	no	IlluminaHiSeq	23719380	12535874	1266123274	Paolo_Manghi;Marisa_Metzger	0
2021-10-14.KarlssonFH_2013.relative_abundance.S77	KarlssonFH_2013	S77	stool	control	healthy	69	senior	female	SWE	no	IlluminaHiSeq	23719380	27378948	2765273748	Paolo_Manghi;Marisa_Metzger	0
2021-10-14.KarlssonFH_2013.relative_abundance.S80	KarlssonFH_2013	S80	stool	control	healthy	70	senior	female	SWE	no	IlluminaHiSeq	23719380	18620022	1880622222	Paolo_Manghi;Marisa_Metzger	0
2021-10-14.KarlssonFH_2013.relative_abundance.S88	KarlssonFH_2013	S88	stool	control	healthy	69	senior	female	SWE	no	IlluminaHiSeq	23719380	27299226	2757221826	Paolo_Manghi;Marisa_Metzger	0
2021-10-14.KarlssonFH_2013.relative_abundance.S92	KarlssonFH_2013	S92	stool	control	healthy	69	senior	female	SWE	no	IlluminaHiSeq	23719380	21940486	2215989086	Paolo_Manghi;Marisa_Metzger	0
2021-03-31.LiJ_2014.relative_abundance.DLF005-IE	LiJ_2014	DLF005-IE	stool	T2D	T2D	NA	adult	NA	CHN	no	IlluminaHiSeq	24997786	21077425	1694013587	Aitor_Blanco_Miguez;Paolo_Manghi	1
2021-03-31.LiJ_2014.relative_abundance.DLM006-IE	LiJ_2014	DLM006-IE	stool	T2D	T2D	NA	adult	NA	CHN	no	IlluminaHiSeq	24997786	44928603	3631494344	Aitor_Blanco_Miguez;Paolo_Manghi	1
2021-03-31.LiJ_2014.relative_abundance.DOM005-IE	LiJ_2014	DOM005-IE	stool	T2D	T2D	NA	adult	NA	CHN	no	IlluminaHiSeq	24997786	11875004	970467241	Aitor_Blanco_Miguez;Paolo_Manghi	1
2021-03-31.LiJ_2014.relative_abundance.DOM017-IE	LiJ_2014	DOM017-IE	stool	T2D	T2D	NA	adult	NA	CHN	no	IlluminaHiSeq	24997786	22367714	1813824532	Aitor_Blanco_Miguez;Paolo_Manghi	1
2021-03-31.LiJ_2014.relative_abundance.MH0192	LiJ_2014	MH0192	stool	T2D	T2D	45	adult	female	DNK	no	IlluminaHiSeq	24997786	61852063	5036743512	Aitor_Blanco_Miguez;Paolo_Manghi	1
2021-03-31.LiJ_2014.relative_abundance.MH0221	LiJ_2014	MH0221	stool	T2D	T2D	60	adult	female	DNK	no	IlluminaHiSeq	24997786	60108307	4936149003	Aitor_Blanco_Miguez;Paolo_Manghi	1
2021-03-31.LiJ_2014.relative_abundance.MH0222	LiJ_2014	MH0222	stool	T2D	T2D	69	senior	male	DNK	no	IlluminaHiSeq	24997786	62311949	5152411335	Aitor_Blanco_Miguez;Paolo_Manghi	1
2021-03-31.LiJ_2014.relative_abundance.MH0234	LiJ_2014	MH0234	stool	T2D	T2D	66	senior	female	DNK	no	IlluminaHiSeq	24997786	67581921	5490133061	Aitor_Blanco_Miguez;Paolo_Manghi	1
2021-03-31.LiJ_2014.relative_abundance.MH0238	LiJ_2014	MH0238	stool	T2D	T2D	71	senior	male	DNK	no	IlluminaHiSeq	24997786	60807788	4750131448	Aitor_Blanco_Miguez;Paolo_Manghi	1
2021-03-31.LiJ_2014.relative_abundance.MH0245	LiJ_2014	MH0245	stool	T2D	T2D	65	senior	female	DNK	no	IlluminaHiSeq	24997786	58900610	4682933439	Aitor_Blanco_Miguez;Paolo_Manghi	1
2021-03-31.LiJ_2014.relative_abundance.MH0246	LiJ_2014	MH0246	stool	T2D	T2D	50	adult	male	DNK	no	IlluminaHiSeq	24997786	62516094	5140405172	Aitor_Blanco_Miguez;Paolo_Manghi	1
2021-03-31.LiJ_2014.relative_abundance.MH0252	LiJ_2014	MH0252	stool	T2D	T2D	65	senior	male	DNK	no	IlluminaHiSeq	24997786	66840148	5384433731	Aitor_Blanco_Miguez;Paolo_Manghi	1
2021-03-31.LiJ_2014.relative_abundance.MH0259	LiJ_2014	MH0259	stool	T2D	T2D	71	senior	male	DNK	no	IlluminaHiSeq	24997786	62904228	5096961954	Aitor_Blanco_Miguez;Paolo_Manghi	1
2021-03-31.LiJ_2014.relative_abundance.MH0260	LiJ_2014	MH0260	stool	T2D	T2D	70	senior	male	DNK	no	IlluminaHiSeq	24997786	80278004	6671122023	Aitor_Blanco_Miguez;Paolo_Manghi	1
2021-03-31.LiJ_2014.relative_abundance.MH0261	LiJ_2014	MH0261	stool	T2D	T2D	65	senior	female	DNK	no	IlluminaHiSeq	24997786	60501629	4973374019	Aitor_Blanco_Miguez;Paolo_Manghi	1
2021-03-31.LiJ_2014.relative_abundance.MH0262	LiJ_2014	MH0262	stool	T2D	T2D	71	senior	male	DNK	no	IlluminaHiSeq	24997786	57966309	4717620325	Aitor_Blanco_Miguez;Paolo_Manghi	1
2021-03-31.LiJ_2014.relative_abundance.MH0264	LiJ_2014	MH0264	stool	T2D	T2D	65	senior	female	DNK	no	IlluminaHiSeq	24997786	62022051	5141664871	Aitor_Blanco_Miguez;Paolo_Manghi	1
2021-03-31.LiJ_2014.relative_abundance.MH0265	LiJ_2014	MH0265	stool	T2D	T2D	55	adult	male	DNK	no	IlluminaHiSeq	24997786	68092637	5632125433	Aitor_Blanco_Miguez;Paolo_Manghi	1
2021-03-31.LiJ_2014.relative_abundance.MH0266	LiJ_2014	MH0266	stool	T2D	T2D	60	adult	male	DNK	no	IlluminaHiSeq	24997786	74669062	6117253701	Aitor_Blanco_Miguez;Paolo_Manghi	1
2021-03-31.LiJ_2014.relative_abundance.MH0268	LiJ_2014	MH0268	stool	T2D	T2D	40	adult	male	DNK	no	IlluminaHiSeq	24997786	71047353	5872143105	Aitor_Blanco_Miguez;Paolo_Manghi	1
2021-03-31.LiJ_2014.relative_abundance.MH0270	LiJ_2014	MH0270	stool	T2D	T2D	61	adult	male	DNK	no	IlluminaHiSeq	24997786	58040519	4766705772	Aitor_Blanco_Miguez;Paolo_Manghi	1
2021-03-31.LiJ_2014.relative_abundance.MH0280	LiJ_2014	MH0280	stool	T2D	T2D	71	senior	male	DNK	no	IlluminaHiSeq	24997786	70550386	5838443247	Aitor_Blanco_Miguez;Paolo_Manghi	1
2021-03-31.LiJ_2014.relative_abundance.MH0281	LiJ_2014	MH0281	stool	T2D	T2D	65	senior	female	DNK	no	IlluminaHiSeq	24997786	65702496	5432509451	Aitor_Blanco_Miguez;Paolo_Manghi	1
2021-03-31.LiJ_2014.relative_abundance.MH0283	LiJ_2014	MH0283	stool	T2D	T2D	56	adult	male	DNK	no	IlluminaHiSeq	24997786	65964515	5438471779	Aitor_Blanco_Miguez;Paolo_Manghi	1
2021-03-31.LiJ_2014.relative_abundance.MH0284	LiJ_2014	MH0284	stool	T2D	T2D	55	adult	male	DNK	no	IlluminaHiSeq	24997786	70382780	5713316182	Aitor_Blanco_Miguez;Paolo_Manghi	1
2021-03-31.LiJ_2014.relative_abundance.MH0290	LiJ_2014	MH0290	stool	control	healthy	50	adult	male	DNK	no	IlluminaHiSeq	24997786	56934825	4515024728	Aitor_Blanco_Miguez;Paolo_Manghi	0
2021-03-31.LiJ_2014.relative_abundance.MH0293	LiJ_2014	MH0293	stool	T2D	T2D	51	adult	male	DNK	no	IlluminaHiSeq	24997786	58568647	4696550489	Aitor_Blanco_Miguez;Paolo_Manghi	1
2021-03-31.LiJ_2014.relative_abundance.MH0297	LiJ_2014	MH0297	stool	T2D	T2D	50	adult	female	DNK	no	IlluminaHiSeq	24997786	61333125	4960801630	Aitor_Blanco_Miguez;Paolo_Manghi	1
2021-03-31.LiJ_2014.relative_abundance.MH0298	LiJ_2014	MH0298	stool	T2D	T2D	70	senior	female	DNK	no	IlluminaHiSeq	24997786	52981568	4229291619	Aitor_Blanco_Miguez;Paolo_Manghi	1
2021-03-31.LiJ_2014.relative_abundance.MH0299	LiJ_2014	MH0299	stool	T2D	T2D	50	adult	male	DNK	no	IlluminaHiSeq	24997786	56411279	4694328266	Aitor_Blanco_Miguez;Paolo_Manghi	1
2021-03-31.LiJ_2014.relative_abundance.MH0301	LiJ_2014	MH0301	stool	T2D	T2D	66	senior	male	DNK	no	IlluminaHiSeq	24997786	53867756	4255541801	Aitor_Blanco_Miguez;Paolo_Manghi	1
2021-03-31.LiJ_2014.relative_abundance.MH0303	LiJ_2014	MH0303	stool	T2D	T2D	55	adult	male	DNK	no	IlluminaHiSeq	24997786	57469796	4656516914	Aitor_Blanco_Miguez;Paolo_Manghi	1
2021-03-31.LiJ_2014.relative_abundance.MH0308	LiJ_2014	MH0308	stool	T2D	T2D	66	senior	female	DNK	no	IlluminaHiSeq	24997786	66922933	5572875221	Aitor_Blanco_Miguez;Paolo_Manghi	1
2021-03-31.LiJ_2014.relative_abundance.MH0309	LiJ_2014	MH0309	stool	T2D	T2D	66	senior	male	DNK	no	IlluminaHiSeq	24997786	64503106	5197974947	Aitor_Blanco_Miguez;Paolo_Manghi	1
2021-03-31.LiJ_2014.relative_abundance.MH0310	LiJ_2014	MH0310	stool	T2D	T2D	70	senior	male	DNK	no	IlluminaHiSeq	24997786	69119335	5733233614	Aitor_Blanco_Miguez;Paolo_Manghi	1
2021-03-31.LiJ_2014.relative_abundance.MH0311	LiJ_2014	MH0311	stool	T2D	T2D	66	senior	female	DNK	no	IlluminaHiSeq	24997786	63186265	5147252137	Aitor_Blanco_Miguez;Paolo_Manghi	1
2021-03-31.LiJ_2014.relative_abundance.MH0314	LiJ_2014	MH0314	stool	T2D	T2D	61	adult	female	DNK	no	IlluminaHiSeq	24997786	60056854	4753917897	Aitor_Blanco_Miguez;Paolo_Manghi	1
2021-03-31.LiJ_2014.relative_abundance.MH0315	LiJ_2014	MH0315	stool	T2D	T2D	65	senior	male	DNK	no	IlluminaHiSeq	24997786	61868592	4941994567	Aitor_Blanco_Miguez;Paolo_Manghi	1
2021-03-31.LiJ_2014.relative_abundance.MH0319	LiJ_2014	MH0319	stool	T2D	T2D	66	senior	female	DNK	no	IlluminaHiSeq	24997786	64887642	5258068225	Aitor_Blanco_Miguez;Paolo_Manghi	1
2021-03-31.LiJ_2014.relative_abundance.MH0323	LiJ_2014	MH0323	stool	T2D	T2D	61	adult	male	DNK	no	IlluminaHiSeq	24997786	62707653	5133947620	Aitor_Blanco_Miguez;Paolo_Manghi	1
2021-03-31.LiJ_2014.relative_abundance.MH0325	LiJ_2014	MH0325	stool	T2D	T2D	60	adult	female	DNK	no	IlluminaHiSeq	24997786	58615449	4809561580	Aitor_Blanco_Miguez;Paolo_Manghi	1
2021-03-31.LiJ_2014.relative_abundance.MH0326	LiJ_2014	MH0326	stool	T2D	T2D	60	adult	male	DNK	no	IlluminaHiSeq	24997786	71291194	5859390476	Aitor_Blanco_Miguez;Paolo_Manghi	1
2021-03-31.LiJ_2014.relative_abundance.MH0327	LiJ_2014	MH0327	stool	T2D	T2D	65	senior	female	DNK	no	IlluminaHiSeq	24997786	57518625	4655303077	Aitor_Blanco_Miguez;Paolo_Manghi	1
2021-03-31.LiJ_2014.relative_abundance.MH0328	LiJ_2014	MH0328	stool	T2D	T2D	59	adult	male	DNK	no	IlluminaHiSeq	24997786	56379080	4583151234	Aitor_Blanco_Miguez;Paolo_Manghi	1
2021-03-31.LiJ_2014.relative_abundance.MH0329	LiJ_2014	MH0329	stool	T2D	T2D	66	senior	male	DNK	no	IlluminaHiSeq	24997786	67765903	5530046420	Aitor_Blanco_Miguez;Paolo_Manghi	1
2021-03-31.LiJ_2014.relative_abundance.MH0330	LiJ_2014	MH0330	stool	T2D	T2D	65	senior	male	DNK	no	IlluminaHiSeq	24997786	66621419	5367402279	Aitor_Blanco_Miguez;Paolo_Manghi	1
2021-03-31.LiJ_2014.relative_abundance.MH0332	LiJ_2014	MH0332	stool	T2D	T2D	60	adult	male	DNK	no	IlluminaHiSeq	24997786	70500535	5859807054	Aitor_Blanco_Miguez;Paolo_Manghi	1
2021-03-31.LiJ_2014.relative_abundance.MH0334	LiJ_2014	MH0334	stool	T2D	T2D	58	adult	female	DNK	no	IlluminaHiSeq	24997786	62917620	5020636907	Aitor_Blanco_Miguez;Paolo_Manghi	1
2021-03-31.LiJ_2014.relative_abundance.MH0335	LiJ_2014	MH0335	stool	T2D	T2D	62	adult	female	DNK	no	IlluminaHiSeq	24997786	58565331	4742625309	Aitor_Blanco_Miguez;Paolo_Manghi	1
2021-03-31.LiJ_2014.relative_abundance.MH0336	LiJ_2014	MH0336	stool	control	healthy	68	senior	male	DNK	no	IlluminaHiSeq	24997786	57755205	4695207296	Aitor_Blanco_Miguez;Paolo_Manghi	0
2021-03-31.LiJ_2014.relative_abundance.MH0337	LiJ_2014	MH0337	stool	T2D	T2D	61	adult	male	DNK	no	IlluminaHiSeq	24997786	60219502	4939676798	Aitor_Blanco_Miguez;Paolo_Manghi	1
2021-03-31.LiJ_2014.relative_abundance.MH0338	LiJ_2014	MH0338	stool	T2D	T2D	66	senior	male	DNK	no	IlluminaHiSeq	24997786	63445131	5050458659	Aitor_Blanco_Miguez;Paolo_Manghi	1
2021-03-31.LiJ_2014.relative_abundance.MH0340	LiJ_2014	MH0340	stool	control	healthy	68	senior	female	DNK	no	IlluminaHiSeq	24997786	66219837	5352126915	Aitor_Blanco_Miguez;Paolo_Manghi	0
2021-03-31.LiJ_2014.relative_abundance.MH0341	LiJ_2014	MH0341	stool	T2D	T2D	50	adult	female	DNK	no	IlluminaHiSeq	24997786	75893613	6209629838	Aitor_Blanco_Miguez;Paolo_Manghi	1
2021-03-31.LiJ_2014.relative_abundance.MH0342	LiJ_2014	MH0342	stool	T2D	T2D	64	adult	male	DNK	no	IlluminaHiSeq	24997786	74349383	5999468196	Aitor_Blanco_Miguez;Paolo_Manghi	1
2021-03-31.LiJ_2014.relative_abundance.MH0343	LiJ_2014	MH0343	stool	T2D	T2D	64	adult	female	DNK	no	IlluminaHiSeq	24997786	64617899	5204742192	Aitor_Blanco_Miguez;Paolo_Manghi	1
2021-03-31.LiJ_2014.relative_abundance.MH0345	LiJ_2014	MH0345	stool	T2D	T2D	66	senior	female	DNK	no	IlluminaHiSeq	24997786	77524946	6281943735	Aitor_Blanco_Miguez;Paolo_Manghi	1
2021-03-31.LiJ_2014.relative_abundance.MH0347	LiJ_2014	MH0347	stool	T2D	T2D	49	adult	female	DNK	no	IlluminaHiSeq	24997786	54397484	4304328516	Aitor_Blanco_Miguez;Paolo_Manghi	1
2021-03-31.LiJ_2014.relative_abundance.MH0348	LiJ_2014	MH0348	stool	T2D	T2D	62	adult	male	DNK	no	IlluminaHiSeq	24997786	55294411	4293777042	Aitor_Blanco_Miguez;Paolo_Manghi	1
2021-03-31.LiJ_2014.relative_abundance.MH0349	LiJ_2014	MH0349	stool	T2D	T2D	68	senior	male	DNK	no	IlluminaHiSeq	24997786	63341867	5146432126	Aitor_Blanco_Miguez;Paolo_Manghi	1
2021-03-31.LiJ_2014.relative_abundance.MH0350	LiJ_2014	MH0350	stool	T2D	T2D	61	adult	male	DNK	no	IlluminaHiSeq	24997786	62219669	4894358132	Aitor_Blanco_Miguez;Paolo_Manghi	1
2021-03-31.LiJ_2014.relative_abundance.MH0351	LiJ_2014	MH0351	stool	T2D	T2D	54	adult	female	DNK	no	IlluminaHiSeq	24997786	60762195	4832566622	Aitor_Blanco_Miguez;Paolo_Manghi	1
2021-03-31.LiJ_2014.relative_abundance.MH0354	LiJ_2014	MH0354	stool	T2D	T2D	63	adult	male	DNK	no	IlluminaHiSeq	24997786	64974994	4813445831	Aitor_Blanco_Miguez;Paolo_Manghi	1
2021-03-31.LiJ_2014.relative_abundance.MH0356	LiJ_2014	MH0356	stool	T2D	T2D	34	adult	female	DNK	no	IlluminaHiSeq	24997786	66824372	4980732725	Aitor_Blanco_Miguez;Paolo_Manghi	1
2021-03-31.LiJ_2014.relative_abundance.MH0357	LiJ_2014	MH0357	stool	T2D	T2D	55	adult	male	DNK	no	IlluminaHiSeq	24997786	66819408	5531037532	Aitor_Blanco_Miguez;Paolo_Manghi	1
2021-03-31.LiJ_2014.relative_abundance.MH0358	LiJ_2014	MH0358	stool	T2D	T2D	62	adult	male	DNK	no	IlluminaHiSeq	24997786	64032689	5122217223	Aitor_Blanco_Miguez;Paolo_Manghi	1
2021-03-31.LiJ_2014.relative_abundance.MH0359	LiJ_2014	MH0359	stool	T2D	T2D	50	adult	female	DNK	no	IlluminaHiSeq	24997786	63351352	5225281169	Aitor_Blanco_Miguez;Paolo_Manghi	1
2021-03-31.LiJ_2014.relative_abundance.MH0360	LiJ_2014	MH0360	stool	T2D	T2D	65	senior	male	DNK	no	IlluminaHiSeq	24997786	66856881	5441843892	Aitor_Blanco_Miguez;Paolo_Manghi	1
2021-03-31.LiJ_2014.relative_abundance.MH0361	LiJ_2014	MH0361	stool	T2D	T2D	61	adult	female	DNK	no	IlluminaHiSeq	24997786	76709802	6181293620	Aitor_Blanco_Miguez;Paolo_Manghi	1
2021-03-31.LiJ_2014.relative_abundance.MH0363	LiJ_2014	MH0363	stool	T2D	T2D	66	senior	male	DNK	no	IlluminaHiSeq	24997786	71695207	5738081541	Aitor_Blanco_Miguez;Paolo_Manghi	1
2021-03-31.LiJ_2014.relative_abundance.MH0366	LiJ_2014	MH0366	stool	T2D	T2D	43	adult	female	DNK	no	IlluminaHiSeq	24997786	58912039	4740977798	Aitor_Blanco_Miguez;Paolo_Manghi	1
2021-03-31.LiJ_2014.relative_abundance.MH0367	LiJ_2014	MH0367	stool	T2D	T2D	52	adult	female	DNK	no	IlluminaHiSeq	24997786	73339401	5815105035	Aitor_Blanco_Miguez;Paolo_Manghi	1
2021-03-31.LiJ_2014.relative_abundance.MH0370	LiJ_2014	MH0370	stool	T2D	T2D	70	senior	female	DNK	no	IlluminaHiSeq	24997786	69668575	5528808940	Aitor_Blanco_Miguez;Paolo_Manghi	1
2021-03-31.LiJ_2014.relative_abundance.MH0372	LiJ_2014	MH0372	stool	T2D	T2D	64	adult	female	DNK	no	IlluminaHiSeq	24997786	68468824	5388903090	Aitor_Blanco_Miguez;Paolo_Manghi	1
2021-03-31.LiJ_2014.relative_abundance.MH0379	LiJ_2014	MH0379	stool	T2D	T2D	64	adult	female	DNK	no	IlluminaHiSeq	24997786	71136583	5723139775	Aitor_Blanco_Miguez;Paolo_Manghi	1
2021-03-31.LiJ_2014.relative_abundance.MH0382	LiJ_2014	MH0382	stool	T2D	T2D	50	adult	female	DNK	no	IlluminaHiSeq	24997786	60927445	4839020327	Aitor_Blanco_Miguez;Paolo_Manghi	1
2021-03-31.LiJ_2014.relative_abundance.MH0383	LiJ_2014	MH0383	stool	T2D	T2D	58	adult	female	DNK	no	IlluminaHiSeq	24997786	66639830	5265056592	Aitor_Blanco_Miguez;Paolo_Manghi	1
2021-03-31.LiJ_2014.relative_abundance.MH0392	LiJ_2014	MH0392	stool	T2D	T2D	51	adult	male	DNK	no	IlluminaHiSeq	24997786	73684844	5889504735	Aitor_Blanco_Miguez;Paolo_Manghi	1
2021-03-31.LiJ_2014.relative_abundance.MH0394	LiJ_2014	MH0394	stool	T2D	T2D	62	adult	male	DNK	no	IlluminaHiSeq	24997786	71352220	5666116394	Aitor_Blanco_Miguez;Paolo_Manghi	1
2021-03-31.LiJ_2014.relative_abundance.MH0398	LiJ_2014	MH0398	stool	T2D	T2D	60	adult	male	DNK	no	IlluminaHiSeq	24997786	62978745	5054876797	Aitor_Blanco_Miguez;Paolo_Manghi	1
2021-03-31.LiJ_2014.relative_abundance.MH0400	LiJ_2014	MH0400	stool	T2D	T2D	62	adult	male	DNK	no	IlluminaHiSeq	24997786	66747054	5445635202	Aitor_Blanco_Miguez;Paolo_Manghi	1
2021-03-31.LiJ_2014.relative_abundance.MH0401	LiJ_2014	MH0401	stool	T2D	T2D	51	adult	male	DNK	no	IlluminaHiSeq	24997786	61838728	4917412673	Aitor_Blanco_Miguez;Paolo_Manghi	1
2021-03-31.LiJ_2014.relative_abundance.NLF002-IE	LiJ_2014	NLF002-IE	stool	control	healthy	NA	adult	NA	CHN	no	IlluminaHiSeq	24997786	14784410	1204943064	Aitor_Blanco_Miguez;Paolo_Manghi	0
2021-03-31.LiJ_2014.relative_abundance.NLF009-IE	LiJ_2014	NLF009-IE	stool	control	healthy	NA	adult	NA	CHN	no	IlluminaHiSeq	24997786	14737351	1181743266	Aitor_Blanco_Miguez;Paolo_Manghi	0
2021-03-31.LiJ_2014.relative_abundance.NLM009-IE	LiJ_2014	NLM009-IE	stool	control	healthy	NA	adult	NA	CHN	no	IlluminaHiSeq	24997786	24975539	2020685927	Aitor_Blanco_Miguez;Paolo_Manghi	0
2021-03-31.LiJ_2014.relative_abundance.NLM025-IE	LiJ_2014	NLM025-IE	stool	control	healthy	NA	adult	NA	CHN	no	IlluminaHiSeq	24997786	13765933	1110596523	Aitor_Blanco_Miguez;Paolo_Manghi	0
2021-03-31.LiJ_2014.relative_abundance.NOF002-IE	LiJ_2014	NOF002-IE	stool	control	healthy	NA	adult	NA	CHN	no	IlluminaHiSeq	24997786	33626095	2773868563	Aitor_Blanco_Miguez;Paolo_Manghi	0
2021-03-31.LiJ_2014.relative_abundance.NOF007-IE	LiJ_2014	NOF007-IE	stool	control	healthy	NA	adult	NA	CHN	no	IlluminaHiSeq	24997786	23249556	1870531804	Aitor_Blanco_Miguez;Paolo_Manghi	0
2021-03-31.LiJ_2014.relative_abundance.NOF013-IE	LiJ_2014	NOF013-IE	stool	control	healthy	NA	adult	NA	CHN	no	IlluminaHiSeq	24997786	18328747	1481098092	Aitor_Blanco_Miguez;Paolo_Manghi	0
2022-10-19.MetaCardis_2020_a.relative_abundance.M0x10MCx1135	MetaCardis_2020_a	M0x10MCx1135	stool	T2D	T2D	57	adult	male	FRA	no	IonProton	34880489	21367137	3003448107	Paolo_Manghi	1
2022-10-19.MetaCardis_2020_a.relative_abundance.M0x10MCx1138	MetaCardis_2020_a	M0x10MCx1138	stool	T2D	T2D	42	adult	male	FRA	no	IonProton	34880489	21377095	2968129865	Paolo_Manghi	1
2022-10-19.MetaCardis_2020_a.relative_abundance.M0x10MCx1140	MetaCardis_2020_a	M0x10MCx1140	stool	control	MS	62	adult	female	FRA	no	IonProton	34880489	21646873	2944019139	Paolo_Manghi	0
2022-10-19.MetaCardis_2020_a.relative_abundance.M0x10MCx1143	MetaCardis_2020_a	M0x10MCx1143	stool	T2D	T2D	71	senior	female	FRA	no	IonProton	34880489	20811778	2828803493	Paolo_Manghi	1
2022-10-19.MetaCardis_2020_a.relative_abundance.M0x10MCx1145	MetaCardis_2020_a	M0x10MCx1145	stool	T2D	T2D	52	adult	female	FRA	no	IonProton	34880489	21827924	2920037812	Paolo_Manghi	1
2022-10-19.MetaCardis_2020_a.relative_abundance.M0x10MCx1151	MetaCardis_2020_a	M0x10MCx1151	stool	T2D	T2D	68	senior	male	FRA	no	IonProton	34880489	19792327	2677583905	Paolo_Manghi	1
2022-10-19.MetaCardis_2020_a.relative_abundance.M0x10MCx1153	MetaCardis_2020_a	M0x10MCx1153	stool	T2D	T2D	54	adult	female	FRA	no	IonProton	34880489	20503887	3663647447	Paolo_Manghi	1
2022-10-19.MetaCardis_2020_a.relative_abundance.M0x10MCx1154	MetaCardis_2020_a	M0x10MCx1154	stool	T2D	T2D	63	adult	female	FRA	no	IonProton	34880489	20356386	2935072291	Paolo_Manghi	1
2022-10-19.MetaCardis_2020_a.relative_abundance.M0x10MCx1155	MetaCardis_2020_a	M0x10MCx1155	stool	T2D	T2D	63	adult	male	FRA	no	IonProton	34880489	20177155	2789834342	Paolo_Manghi	1
2022-10-19.MetaCardis_2020_a.relative_abundance.M0x10MCx1162	MetaCardis_2020_a	M0x10MCx1162	stool	control	MS	46	adult	female	FRA	no	IonProton	34880489	20173947	2932614327	Paolo_Manghi	0
2022-10-19.MetaCardis_2020_a.relative_abundance.M0x10MCx1165	MetaCardis_2020_a	M0x10MCx1165	stool	T2D	T2D	59	adult	male	FRA	no	IonProton	34880489	20043788	2648260530	Paolo_Manghi	1
2022-10-19.MetaCardis_2020_a.relative_abundance.M0x10MCx1185	MetaCardis_2020_a	M0x10MCx1185	stool	T2D	T2D	72	senior	male	FRA	no	IonProton	34880489	21090238	2789239696	Paolo_Manghi	1
2022-10-19.MetaCardis_2020_a.relative_abundance.M0x10MCx1187	MetaCardis_2020_a	M0x10MCx1187	stool	T2D	T2D	60	adult	female	FRA	no	IonProton	34880489	21023644	2955208137	Paolo_Manghi	1
2022-10-19.MetaCardis_2020_a.relative_abundance.M0x10MCx1208	MetaCardis_2020_a	M0x10MCx1208	stool	T2D	T2D	59	adult	male	FRA	no	IonProton	34880489	20475573	2877779789	Paolo_Manghi	1
2022-10-19.MetaCardis_2020_a.relative_abundance.M0x10MCx1216	MetaCardis_2020_a	M0x10MCx1216	stool	T2D	T2D	54	adult	female	FRA	no	IonProton	34880489	20489728	2714933681	Paolo_Manghi	1
2022-10-19.MetaCardis_2020_a.relative_abundance.M0x10MCx1228	MetaCardis_2020_a	M0x10MCx1228	stool	T2D	T2D	70	senior	female	FRA	no	IonProton	34880489	9979147	1411511107	Paolo_Manghi	1
2022-10-19.MetaCardis_2020_a.relative_abundance.M0x10MCx1251	MetaCardis_2020_a	M0x10MCx1251	stool	T2D	T2D	71	senior	female	FRA	no	IonProton	34880489	22027653	2938668309	Paolo_Manghi	1
2022-10-19.MetaCardis_2020_a.relative_abundance.M0x10MCx1254	MetaCardis_2020_a	M0x10MCx1254	stool	control	MS	61	adult	female	FRA	no	IonProton	34880489	21086975	2944981086	Paolo_Manghi	0
2022-10-19.MetaCardis_2020_a.relative_abundance.M0x10MCx1256	MetaCardis_2020_a	M0x10MCx1256	stool	T2D	T2D	66	senior	male	FRA	no	IonProton	34880489	20207058	2867891780	Paolo_Manghi	1
2022-10-19.MetaCardis_2020_a.relative_abundance.M0x10MCx1268	MetaCardis_2020_a	M0x10MCx1268	stool	control	MS	54	adult	female	FRA	no	IonProton	34880489	20580133	2789716329	Paolo_Manghi	0
2022-10-19.MetaCardis_2020_a.relative_abundance.M0x10MCx1273	MetaCardis_2020_a	M0x10MCx1273	stool	T2D	T2D	68	senior	male	FRA	no	IonProton	34880489	20966037	2757346137	Paolo_Manghi	1
2022-10-19.MetaCardis_2020_a.relative_abundance.M0x10MCx1277	MetaCardis_2020_a	M0x10MCx1277	stool	T2D	T2D	48	adult	male	FRA	no	IonProton	34880489	19777146	2843692820	Paolo_Manghi	1
2022-10-19.MetaCardis_2020_a.relative_abundance.M0x10MCx1287	MetaCardis_2020_a	M0x10MCx1287	stool	control	MS	29	adult	female	FRA	no	IonProton	34880489	20148317	2654914497	Paolo_Manghi	0
2022-10-19.MetaCardis_2020_a.relative_abundance.M0x10MCx1291	MetaCardis_2020_a	M0x10MCx1291	stool	T2D	T2D	46	adult	male	FRA	no	IonProton	34880489	20275364	2900654452	Paolo_Manghi	1
2022-10-19.MetaCardis_2020_a.relative_abundance.M0x10MCx1295	MetaCardis_2020_a	M0x10MCx1295	stool	T2D	T2D	40	adult	female	FRA	no	IonProton	34880489	20905469	2969572265	Paolo_Manghi	1
2022-10-19.MetaCardis_2020_a.relative_abundance.M0x10MCx1307	MetaCardis_2020_a	M0x10MCx1307	stool	T2D	T2D	42	adult	female	FRA	no	IonProton	34880489	24030759	3173388402	Paolo_Manghi	1
2022-10-19.MetaCardis_2020_a.relative_abundance.M0x10MCx1310	MetaCardis_2020_a	M0x10MCx1310	stool	control	MS	38	adult	female	FRA	no	IonProton	34880489	59431114	8393755004	Paolo_Manghi	0
2022-10-19.MetaCardis_2020_a.relative_abundance.M0x10MCx1318	MetaCardis_2020_a	M0x10MCx1318	stool	T2D	T2D	62	adult	female	FRA	no	IonProton	34880489	20020887	2593062870	Paolo_Manghi	1
2022-10-19.MetaCardis_2020_a.relative_abundance.M0x10MCx1319	MetaCardis_2020_a	M0x10MCx1319	stool	T2D	T2D	42	adult	male	FRA	no	IonProton	34880489	23579316	3191622848	Paolo_Manghi	1
2022-10-19.MetaCardis_2020_a.relative_abundance.M0x10MCx1326	MetaCardis_2020_a	M0x10MCx1326	stool	T2D	T2D	56	adult	male	FRA	no	IonProton	34880489	20587838	2789070567	Paolo_Manghi	1
2022-10-19.MetaCardis_2020_a.relative_abundance.M0x10MCx1330	MetaCardis_2020_a	M0x10MCx1330	stool	T2D	T2D	62	adult	male	FRA	no	IonProton	34880489	20852677	2788777596	Paolo_Manghi	1
2022-10-19.MetaCardis_2020_a.relative_abundance.M0x10MCx1362	MetaCardis_2020_a	M0x10MCx1362	stool	T2D	T2D	58	adult	male	FRA	no	IonProton	34880489	20223434	2906601478	Paolo_Manghi	1
2022-10-19.MetaCardis_2020_a.relative_abundance.M0x10MCx1365	MetaCardis_2020_a	M0x10MCx1365	stool	T2D	T2D;HF	70	senior	male	FRA	no	IonProton	34880489	20934696	2991440115	Paolo_Manghi	1
2022-10-19.MetaCardis_2020_a.relative_abundance.M0x10MCx1374	MetaCardis_2020_a	M0x10MCx1374	stool	T2D	T2D	28	adult	male	FRA	no	IonProton	34880489	0	0	Paolo_Manghi	1
2022-10-19.MetaCardis_2020_a.relative_abundance.M0x10MCx1384	MetaCardis_2020_a	M0x10MCx1384	stool	T2D	T2D	65	senior	female	FRA	no	IonProton	34880489	21137173	2915228640	Paolo_Manghi	1
2022-10-19.MetaCardis_2020_a.relative_abundance.M0x10MCx1391	MetaCardis_2020_a	M0x10MCx1391	stool	T2D	T2D	65	senior	male	FRA	no	IonProton	34880489	21194321	2861312919	Paolo_Manghi	1
2022-10-19.MetaCardis_2020_a.relative_abundance.M0x10MCx1395	MetaCardis_2020_a	M0x10MCx1395	stool	T2D	T2D	54	adult	male	FRA	no	IonProton	34880489	23096301	3169465114	Paolo_Manghi	1
2022-10-19.MetaCardis_2020_a.relative_abundance.M0x10MCx1414	MetaCardis_2020_a	M0x10MCx1414	stool	T2D	T2D	60	adult	male	FRA	no	IonProton	34880489	21105900	2876905032	Paolo_Manghi	1
2022-10-19.MetaCardis_2020_a.relative_abundance.M0x10MCx1418	MetaCardis_2020_a	M0x10MCx1418	stool	control	MS	39	adult	female	FRA	no	IonProton	34880489	20791179	2751626787	Paolo_Manghi	0
2022-10-19.MetaCardis_2020_a.relative_abundance.M0x10MCx1429	MetaCardis_2020_a	M0x10MCx1429	stool	T2D	T2D	62	adult	female	FRA	no	IonProton	34880489	21390869	2778796238	Paolo_Manghi	1
2022-10-19.MetaCardis_2020_a.relative_abundance.M0x10MCx1431	MetaCardis_2020_a	M0x10MCx1431	stool	T2D	T2D	62	adult	male	FRA	no	IonProton	34880489	20783865	2755666519	Paolo_Manghi	1
2022-10-19.MetaCardis_2020_a.relative_abundance.M0x10MCx1436	MetaCardis_2020_a	M0x10MCx1436	stool	control	MS	21	adult	male	FRA	no	IonProton	34880489	21252227	2822115342	Paolo_Manghi	0
2022-10-19.MetaCardis_2020_a.relative_abundance.M0x10MCx1439	MetaCardis_2020_a	M0x10MCx1439	stool	control	MS	42	adult	female	FRA	no	IonProton	34880489	20287653	2900282936	Paolo_Manghi	0
2022-10-19.MetaCardis_2020_a.relative_abundance.M0x10MCx1441	MetaCardis_2020_a	M0x10MCx1441	stool	control	MS	58	adult	female	FRA	no	IonProton	34880489	20360252	2891681857	Paolo_Manghi	0
2022-10-19.MetaCardis_2020_a.relative_abundance.M0x10MCx1450	MetaCardis_2020_a	M0x10MCx1450	stool	T2D	T2D	52	adult	female	FRA	no	IonProton	34880489	24908573	3265282499	Paolo_Manghi	1
2022-10-19.MetaCardis_2020_a.relative_abundance.M0x10MCx1453	MetaCardis_2020_a	M0x10MCx1453	stool	control	MS	53	adult	female	FRA	no	IonProton	34880489	20147152	2916986094	Paolo_Manghi	0
2022-10-19.MetaCardis_2020_a.relative_abundance.M0x10MCx1458	MetaCardis_2020_a	M0x10MCx1458	stool	control	MS	30	adult	male	FRA	no	IonProton	34880489	20196920	2897429599	Paolo_Manghi	0
2022-10-19.MetaCardis_2020_a.relative_abundance.M0x10MCx1460	MetaCardis_2020_a	M0x10MCx1460	stool	control	MS	51	adult	female	FRA	no	IonProton	34880489	21107755	2833560511	Paolo_Manghi	0
2022-10-19.MetaCardis_2020_a.relative_abundance.M0x10MCx1465	MetaCardis_2020_a	M0x10MCx1465	stool	control	MS	61	adult	female	FRA	no	IonProton	34880489	23543308	3294656634	Paolo_Manghi	0
2022-10-19.MetaCardis_2020_a.relative_abundance.M0x10MCx1471	MetaCardis_2020_a	M0x10MCx1471	stool	T2D	T2D	56	adult	male	FRA	no	IonProton	34880489	20851324	2959655812	Paolo_Manghi	1
2022-10-19.MetaCardis_2020_a.relative_abundance.M0x10MCx1484	MetaCardis_2020_a	M0x10MCx1484	stool	T2D	T2D	56	adult	female	FRA	no	IonProton	34880489	22303068	2712156733	Paolo_Manghi	1
2022-10-19.MetaCardis_2020_a.relative_abundance.M0x10MCx1493	MetaCardis_2020_a	M0x10MCx1493	stool	control	MS	45	adult	female	FRA	no	IonProton	34880489	20066697	2573863126	Paolo_Manghi	0
2022-10-19.MetaCardis_2020_a.relative_abundance.M0x10MCx1494	MetaCardis_2020_a	M0x10MCx1494	stool	T2D	T2D	74	senior	male	FRA	no	IonProton	34880489	20363038	2762054556	Paolo_Manghi	1
2022-10-19.MetaCardis_2020_a.relative_abundance.M0x10MCx1499	MetaCardis_2020_a	M0x10MCx1499	stool	T2D	T2D	54	adult	female	FRA	no	IonProton	34880489	20807431	2833145282	Paolo_Manghi	1
2022-10-19.MetaCardis_2020_a.relative_abundance.M0x10MCx1505	MetaCardis_2020_a	M0x10MCx1505	stool	control	MS	29	adult	female	FRA	no	IonProton	34880489	21174916	3106524503	Paolo_Manghi	0
2022-10-19.MetaCardis_2020_a.relative_abundance.M0x10MCx1510	MetaCardis_2020_a	M0x10MCx1510	stool	control	MS	40	adult	female	FRA	no	IonProton	34880489	26772863	3619967874	Paolo_Manghi	0
2022-10-19.MetaCardis_2020_a.relative_abundance.M0x10MCx1530	MetaCardis_2020_a	M0x10MCx1530	stool	T2D	T2D	63	adult	male	FRA	no	IonProton	34880489	21890134	2665488462	Paolo_Manghi	1
2022-10-19.MetaCardis_2020_a.relative_abundance.M0x10MCx1541	MetaCardis_2020_a	M0x10MCx1541	stool	control	MS	40	adult	male	FRA	no	IonProton	34880489	20541768	2858838037	Paolo_Manghi	0
2022-10-19.MetaCardis_2020_a.relative_abundance.M0x10MCx1543	MetaCardis_2020_a	M0x10MCx1543	stool	T2D	T2D	65	senior	female	FRA	no	IonProton	34880489	11323560	1569683425	Paolo_Manghi	1
2022-10-19.MetaCardis_2020_a.relative_abundance.M0x10MCx1548	MetaCardis_2020_a	M0x10MCx1548	stool	control	MS	35	adult	female	FRA	no	IonProton	34880489	48023303	6661258606	Paolo_Manghi	0
2022-10-19.MetaCardis_2020_a.relative_abundance.M0x10MCx1555	MetaCardis_2020_a	M0x10MCx1555	stool	T2D	T2D	52	adult	female	FRA	no	IonProton	34880489	21581721	2939139007	Paolo_Manghi	1
2022-10-19.MetaCardis_2020_a.relative_abundance.M0x10MCx1560	MetaCardis_2020_a	M0x10MCx1560	stool	T2D	T2D	42	adult	female	FRA	no	IonProton	34880489	20299421	2732961220	Paolo_Manghi	1
2022-10-19.MetaCardis_2020_a.relative_abundance.M0x10MCx1574	MetaCardis_2020_a	M0x10MCx1574	stool	control	MS	41	adult	female	FRA	no	IonProton	34880489	22153595	3036199780	Paolo_Manghi	0
2022-10-19.MetaCardis_2020_a.relative_abundance.M0x10MCx1581	MetaCardis_2020_a	M0x10MCx1581	stool	control	MS	44	adult	female	FRA	no	IonProton	34880489	24456124	3677555852	Paolo_Manghi	0
2022-10-19.MetaCardis_2020_a.relative_abundance.M0x10MCx1587	MetaCardis_2020_a	M0x10MCx1587	stool	T2D	T2D	66	senior	female	FRA	no	IonProton	34880489	20072578	2879612445	Paolo_Manghi	1
2022-10-19.MetaCardis_2020_a.relative_abundance.M0x10MCx1604	MetaCardis_2020_a	M0x10MCx1604	stool	T2D	T2D	54	adult	female	FRA	no	IonProton	34880489	20397422	2819149395	Paolo_Manghi	1
2022-10-19.MetaCardis_2020_a.relative_abundance.M0x10MCx1625	MetaCardis_2020_a	M0x10MCx1625	stool	T2D	T2D	71	senior	female	FRA	no	IonProton	34880489	20348752	2794073703	Paolo_Manghi	1
2022-10-19.MetaCardis_2020_a.relative_abundance.M0x10MCx1643	MetaCardis_2020_a	M0x10MCx1643	stool	T2D	T2D	75	senior	female	FRA	no	IonProton	34880489	20229892	2724019764	Paolo_Manghi	1
2022-10-19.MetaCardis_2020_a.relative_abundance.M0x10MCx1656	MetaCardis_2020_a	M0x10MCx1656	stool	T2D	T2D	52	adult	female	FRA	no	IonProton	34880489	20100819	2720706862	Paolo_Manghi	1
2022-10-19.MetaCardis_2020_a.relative_abundance.M0x10MCx1659	MetaCardis_2020_a	M0x10MCx1659	stool	T2D	T2D	60	adult	female	FRA	no	IonProton	34880489	21004620	2752570347	Paolo_Manghi	1
2022-10-19.MetaCardis_2020_a.relative_abundance.M0x10MCx1676	MetaCardis_2020_a	M0x10MCx1676	stool	T2D	T2D	61	adult	female	FRA	no	IonProton	34880489	21076958	2772444183	Paolo_Manghi	1
2022-10-19.MetaCardis_2020_a.relative_abundance.M0x10MCx1681	MetaCardis_2020_a	M0x10MCx1681	stool	control	MS	40	adult	male	FRA	no	IonProton	34880489	21251591	2969436569	Paolo_Manghi	0
2022-10-19.MetaCardis_2020_a.relative_abundance.M0x10MCx1694	MetaCardis_2020_a	M0x10MCx1694	stool	control	MS	55	adult	female	FRA	no	IonProton	34880489	20564841	2895432078	Paolo_Manghi	0
2022-10-19.MetaCardis_2020_a.relative_abundance.M0x10MCx1737	MetaCardis_2020_a	M0x10MCx1737	stool	control	MS	40	adult	female	FRA	no	IonProton	34880489	20491099	2975307545	Paolo_Manghi	0
2022-10-19.MetaCardis_2020_a.relative_abundance.M0x10MCx1755	MetaCardis_2020_a	M0x10MCx1755	stool	control	MS	59	adult	male	FRA	no	IonProton	34880489	20787934	2648387505	Paolo_Manghi	0
2022-10-19.MetaCardis_2020_a.relative_abundance.M0x10MCx1757	MetaCardis_2020_a	M0x10MCx1757	stool	T2D	T2D	57	adult	male	FRA	no	IonProton	34880489	20924244	2646699041	Paolo_Manghi	1
2022-10-19.MetaCardis_2020_a.relative_abundance.M0x10MCx1773	MetaCardis_2020_a	M0x10MCx1773	stool	control	MS	22	adult	female	FRA	no	IonProton	34880489	20915050	2948496802	Paolo_Manghi	0
2022-10-19.MetaCardis_2020_a.relative_abundance.M0x10MCx1778	MetaCardis_2020_a	M0x10MCx1778	stool	T2D	T2D	72	senior	female	FRA	no	IonProton	34880489	20697392	2725209160	Paolo_Manghi	1
2022-10-19.MetaCardis_2020_a.relative_abundance.M0x10MCx1784	MetaCardis_2020_a	M0x10MCx1784	stool	control	healthy	42	adult	female	FRA	no	IonProton	34880489	20138280	2902883561	Paolo_Manghi	0
2022-10-19.MetaCardis_2020_a.relative_abundance.M0x10MCx1785	MetaCardis_2020_a	M0x10MCx1785	stool	T2D	T2D	55	adult	female	FRA	no	IonProton	34880489	19880858	2440402455	Paolo_Manghi	1
2022-10-19.MetaCardis_2020_a.relative_abundance.M0x10MCx1799	MetaCardis_2020_a	M0x10MCx1799	stool	T2D	T2D	69	senior	female	FRA	no	IonProton	34880489	20372190	2700710518	Paolo_Manghi	1
2022-10-19.MetaCardis_2020_a.relative_abundance.M0x10MCx1802	MetaCardis_2020_a	M0x10MCx1802	stool	T2D	T2D	27	adult	female	FRA	no	IonProton	34880489	20910282	2838755053	Paolo_Manghi	1
2022-10-19.MetaCardis_2020_a.relative_abundance.M0x10MCx1806	MetaCardis_2020_a	M0x10MCx1806	stool	control	MS	35	adult	female	FRA	no	IonProton	34880489	22576770	3158368552	Paolo_Manghi	0
2022-10-19.MetaCardis_2020_a.relative_abundance.M0x10MCx1808	MetaCardis_2020_a	M0x10MCx1808	stool	T2D	T2D	56	adult	female	FRA	no	IonProton	34880489	20891852	2794603769	Paolo_Manghi	1
2022-10-19.MetaCardis_2020_a.relative_abundance.M0x10MCx1811	MetaCardis_2020_a	M0x10MCx1811	stool	control	MS	61	adult	female	FRA	no	IonProton	34880489	20570336	2903975590	Paolo_Manghi	0
2022-10-19.MetaCardis_2020_a.relative_abundance.M0x10MCx1853	MetaCardis_2020_a	M0x10MCx1853	stool	control	MS	38	adult	female	FRA	no	IonProton	34880489	20412460	2868240243	Paolo_Manghi	0
2022-10-19.MetaCardis_2020_a.relative_abundance.M0x10MCx1857	MetaCardis_2020_a	M0x10MCx1857	stool	control	MS	45	adult	male	FRA	no	IonProton	34880489	22263777	3215243501	Paolo_Manghi	0
2022-10-19.MetaCardis_2020_a.relative_abundance.M0x10MCx1864	MetaCardis_2020_a	M0x10MCx1864	stool	T2D	T2D	56	adult	female	FRA	no	IonProton	34880489	20592182	2963776448	Paolo_Manghi	1
2022-10-19.MetaCardis_2020_a.relative_abundance.M0x10MCx1875	MetaCardis_2020_a	M0x10MCx1875	stool	control	MS	22	adult	female	FRA	no	IonProton	34880489	20645969	2722938004	Paolo_Manghi	0
2022-10-19.MetaCardis_2020_a.relative_abundance.M0x10MCx1876	MetaCardis_2020_a	M0x10MCx1876	stool	control	MS	53	adult	male	FRA	no	IonProton	34880489	20597521	3014942458	Paolo_Manghi	0
2022-10-19.MetaCardis_2020_a.relative_abundance.M0x10MCx1877	MetaCardis_2020_a	M0x10MCx1877	stool	T2D	T2D	61	adult	male	FRA	no	IonProton	34880489	15059667	2099085994	Paolo_Manghi	1
2022-10-19.MetaCardis_2020_a.relative_abundance.M0x10MCx1880	MetaCardis_2020_a	M0x10MCx1880	stool	control	MS	42	adult	female	FRA	no	IonProton	34880489	21379738	2839057240	Paolo_Manghi	0
2022-10-19.MetaCardis_2020_a.relative_abundance.M0x10MCx1900	MetaCardis_2020_a	M0x10MCx1900	stool	control	MS	49	adult	female	FRA	no	IonProton	34880489	22318618	2981713851	Paolo_Manghi	0
2022-10-19.MetaCardis_2020_a.relative_abundance.M0x10MCx1906	MetaCardis_2020_a	M0x10MCx1906	stool	T2D	T2D	48	adult	male	FRA	no	IonProton	34880489	23913158	3049906877	Paolo_Manghi	1
2022-10-19.MetaCardis_2020_a.relative_abundance.M0x10MCx1908	MetaCardis_2020_a	M0x10MCx1908	stool	T2D	T2D	71	senior	male	FRA	no	IonProton	34880489	20611822	2930739034	Paolo_Manghi	1
2022-10-19.MetaCardis_2020_a.relative_abundance.M0x10MCx1918	MetaCardis_2020_a	M0x10MCx1918	stool	T2D	T2D	54	adult	male	FRA	no	IonProton	34880489	20897364	2871701962	Paolo_Manghi	1
2022-10-19.MetaCardis_2020_a.relative_abundance.M0x10MCx1927	MetaCardis_2020_a	M0x10MCx1927	stool	T2D	T2D	52	adult	female	FRA	no	IonProton	34880489	20435724	2921600757	Paolo_Manghi	1
2022-10-19.MetaCardis_2020_a.relative_abundance.M0x10MCx1931	MetaCardis_2020_a	M0x10MCx1931	stool	T2D	T2D	63	adult	male	FRA	no	IonProton	34880489	15475680	2249688225	Paolo_Manghi	1
2022-10-19.MetaCardis_2020_a.relative_abundance.M0x10MCx1936	MetaCardis_2020_a	M0x10MCx1936	stool	control	MS	35	adult	male	FRA	no	IonProton	34880489	23713630	3439719665	Paolo_Manghi	0
2022-10-19.MetaCardis_2020_a.relative_abundance.M0x10MCx1937	MetaCardis_2020_a	M0x10MCx1937	stool	T2D	T2D	61	adult	male	FRA	no	IonProton	34880489	21279868	2789780124	Paolo_Manghi	1
2022-10-19.MetaCardis_2020_a.relative_abundance.M0x10MCx1939	MetaCardis_2020_a	M0x10MCx1939	stool	T2D	T2D	61	adult	male	FRA	no	IonProton	34880489	22631557	3073860627	Paolo_Manghi	1
2022-10-19.MetaCardis_2020_a.relative_abundance.M0x10MCx1944	MetaCardis_2020_a	M0x10MCx1944	stool	control	MS	41	adult	female	FRA	no	IonProton	34880489	20559186	2982586613	Paolo_Manghi	0
2022-10-19.MetaCardis_2020_a.relative_abundance.M0x10MCx1947	MetaCardis_2020_a	M0x10MCx1947	stool	T2D	T2D	69	senior	female	FRA	no	IonProton	34880489	0	0	Paolo_Manghi	1
2022-10-19.MetaCardis_2020_a.relative_abundance.M0x10MCx1960	MetaCardis_2020_a	M0x10MCx1960	stool	T2D	T2D	41	adult	male	FRA	no	IonProton	34880489	18172838	2512958130	Paolo_Manghi	1
2022-10-19.MetaCardis_2020_a.relative_abundance.M0x10MCx1962	MetaCardis_2020_a	M0x10MCx1962	stool	T2D	T2D	61	adult	female	FRA	no	IonProton	34880489	20222349	2864654777	Paolo_Manghi	1
2022-10-19.MetaCardis_2020_a.relative_abundance.M0x10MCx1992	MetaCardis_2020_a	M0x10MCx1992	stool	control	MS	47	adult	female	FRA	no	IonProton	34880489	20138564	2940838610	Paolo_Manghi	0
2022-10-19.MetaCardis_2020_a.relative_abundance.M0x10MCx2003	MetaCardis_2020_a	M0x10MCx2003	stool	T2D	T2D	54	adult	male	FRA	no	IonProton	34880489	20518573	2632932232	Paolo_Manghi	1
2022-10-19.MetaCardis_2020_a.relative_abundance.M0x10MCx2012	MetaCardis_2020_a	M0x10MCx2012	stool	T2D	T2D	74	senior	male	FRA	no	IonProton	34880489	14096199	1963290166	Paolo_Manghi	1
2022-10-19.MetaCardis_2020_a.relative_abundance.M0x10MCx2014	MetaCardis_2020_a	M0x10MCx2014	stool	T2D	T2D	59	adult	male	FRA	no	IonProton	34880489	20227847	2886838329	Paolo_Manghi	1
2022-10-19.MetaCardis_2020_a.relative_abundance.M0x10MCx2021	MetaCardis_2020_a	M0x10MCx2021	stool	T2D	T2D	48	adult	female	FRA	no	IonProton	34880489	20529872	2855187692	Paolo_Manghi	1
2022-10-19.MetaCardis_2020_a.relative_abundance.M0x10MCx2028	MetaCardis_2020_a	M0x10MCx2028	stool	T2D	T2D	65	senior	male	FRA	no	IonProton	34880489	20721137	2829604243	Paolo_Manghi	1
2022-10-19.MetaCardis_2020_a.relative_abundance.M0x10MCx2030	MetaCardis_2020_a	M0x10MCx2030	stool	T2D	T2D	55	adult	female	FRA	no	IonProton	34880489	20722951	2972400700	Paolo_Manghi	1
2022-10-19.MetaCardis_2020_a.relative_abundance.M0x10MCx2032	MetaCardis_2020_a	M0x10MCx2032	stool	T2D	T2D	68	senior	male	FRA	no	IonProton	34880489	20508072	2702502386	Paolo_Manghi	1
2022-10-19.MetaCardis_2020_a.relative_abundance.M0x10MCx2046	MetaCardis_2020_a	M0x10MCx2046	stool	T2D	T2D	73	senior	male	FRA	no	IonProton	34880489	14257883	1970905073	Paolo_Manghi	1
2022-10-19.MetaCardis_2020_a.relative_abundance.M0x10MCx2058	MetaCardis_2020_a	M0x10MCx2058	stool	control	MS	35	adult	female	FRA	no	IonProton	34880489	23747800	3270766169	Paolo_Manghi	0
2022-10-19.MetaCardis_2020_a.relative_abundance.M0x10MCx2070	MetaCardis_2020_a	M0x10MCx2070	stool	T2D	T2D	58	adult	female	FRA	no	IonProton	34880489	22296767	2985901625	Paolo_Manghi	1
2022-10-19.MetaCardis_2020_a.relative_abundance.M0x10MCx2077	MetaCardis_2020_a	M0x10MCx2077	stool	control	MS	57	adult	female	FRA	no	IonProton	34880489	23486005	3391238134	Paolo_Manghi	0
2022-10-19.MetaCardis_2020_a.relative_abundance.M0x10MCx2098	MetaCardis_2020_a	M0x10MCx2098	stool	T2D	T2D	45	adult	female	FRA	no	IonProton	34880489	20750115	3028600076	Paolo_Manghi	1
2022-10-19.MetaCardis_2020_a.relative_abundance.M0x10MCx2112	MetaCardis_2020_a	M0x10MCx2112	stool	control	MS	57	adult	male	FRA	no	IonProton	34880489	23959410	3485722675	Paolo_Manghi	0
2022-10-19.MetaCardis_2020_a.relative_abundance.M0x10MCx2134	MetaCardis_2020_a	M0x10MCx2134	stool	T2D	T2D	64	adult	female	FRA	no	IonProton	34880489	20325757	2605474251	Paolo_Manghi	1
2022-10-19.MetaCardis_2020_a.relative_abundance.M0x10MCx2142	MetaCardis_2020_a	M0x10MCx2142	stool	T2D	T2D	22	adult	female	FRA	no	IonProton	34880489	21260849	2694777400	Paolo_Manghi	1
2022-10-19.MetaCardis_2020_a.relative_abundance.M0x10MCx2147	MetaCardis_2020_a	M0x10MCx2147	stool	T2D	T2D	66	senior	male	FRA	no	IonProton	34880489	19597419	2624654797	Paolo_Manghi	1
2022-10-19.MetaCardis_2020_a.relative_abundance.M0x10MCx2155	MetaCardis_2020_a	M0x10MCx2155	stool	control	MS	33	adult	female	FRA	no	IonProton	34880489	21320256	3147267240	Paolo_Manghi	0
2022-10-19.MetaCardis_2020_a.relative_abundance.M0x10MCx2157	MetaCardis_2020_a	M0x10MCx2157	stool	T2D	T2D	73	senior	male	FRA	no	IonProton	34880489	20566372	3015504623	Paolo_Manghi	1
2022-10-19.MetaCardis_2020_a.relative_abundance.M0x10MCx2169	MetaCardis_2020_a	M0x10MCx2169	stool	T2D	T2D	53	adult	female	FRA	no	IonProton	34880489	20861060	2815713972	Paolo_Manghi	1
2022-10-19.MetaCardis_2020_a.relative_abundance.M0x10MCx2172	MetaCardis_2020_a	M0x10MCx2172	stool	control	MS	23	adult	male	FRA	no	IonProton	34880489	20261418	2954833776	Paolo_Manghi	0
2022-10-19.MetaCardis_2020_a.relative_abundance.M0x10MCx2176	MetaCardis_2020_a	M0x10MCx2176	stool	T2D	T2D	62	adult	male	FRA	no	IonProton	34880489	20712874	2865004882	Paolo_Manghi	1
2022-10-19.MetaCardis_2020_a.relative_abundance.M0x10MCx2177	MetaCardis_2020_a	M0x10MCx2177	stool	T2D	T2D	62	adult	female	FRA	no	IonProton	34880489	15362947	2085286681	Paolo_Manghi	1
2022-10-19.MetaCardis_2020_a.relative_abundance.M0x10MCx2194	MetaCardis_2020_a	M0x10MCx2194	stool	T2D	T2D	63	adult	male	FRA	no	IonProton	34880489	15329274	2078433096	Paolo_Manghi	1
2022-10-19.MetaCardis_2020_a.relative_abundance.M0x10MCx2195	MetaCardis_2020_a	M0x10MCx2195	stool	T2D	T2D	66	senior	female	FRA	no	IonProton	34880489	17848745	2575462525	Paolo_Manghi	1
2022-10-19.MetaCardis_2020_a.relative_abundance.M0x10MCx2200	MetaCardis_2020_a	M0x10MCx2200	stool	control	MS	38	adult	male	FRA	no	IonProton	34880489	20263006	2963334802	Paolo_Manghi	0
2022-10-19.MetaCardis_2020_a.relative_abundance.M0x10MCx2211	MetaCardis_2020_a	M0x10MCx2211	stool	T2D	T2D	42	adult	female	FRA	no	IonProton	34880489	17074448	2369325536	Paolo_Manghi	1
2022-10-19.MetaCardis_2020_a.relative_abundance.M0x10MCx2213	MetaCardis_2020_a	M0x10MCx2213	stool	control	MS	63	adult	female	FRA	no	IonProton	34880489	20275689	2959554246	Paolo_Manghi	0
2022-10-19.MetaCardis_2020_a.relative_abundance.M0x10MCx2224	MetaCardis_2020_a	M0x10MCx2224	stool	T2D	T2D	50	adult	female	FRA	no	IonProton	34880489	16705124	2270100317	Paolo_Manghi	1
2022-10-19.MetaCardis_2020_a.relative_abundance.M0x10MCx2243	MetaCardis_2020_a	M0x10MCx2243	stool	T2D	T2D	65	senior	female	FRA	no	IonProton	34880489	20651748	2549695714	Paolo_Manghi	1
2022-10-19.MetaCardis_2020_a.relative_abundance.M0x10MCx2268	MetaCardis_2020_a	M0x10MCx2268	stool	T2D	T2D	62	adult	female	FRA	no	IonProton	34880489	23137066	3157288153	Paolo_Manghi	1
2022-10-19.MetaCardis_2020_a.relative_abundance.M0x10MCx2278	MetaCardis_2020_a	M0x10MCx2278	stool	control	MS	54	adult	female	FRA	no	IonProton	34880489	20298151	2858379283	Paolo_Manghi	0
2022-10-19.MetaCardis_2020_a.relative_abundance.M0x10MCx2279	MetaCardis_2020_a	M0x10MCx2279	stool	T2D	T2D	57	adult	female	FRA	no	IonProton	34880489	21172866	2699440115	Paolo_Manghi	1
2022-10-19.MetaCardis_2020_a.relative_abundance.M0x10MCx2293	MetaCardis_2020_a	M0x10MCx2293	stool	control	MS	49	adult	female	FRA	no	IonProton	34880489	20345716	2740073508	Paolo_Manghi	0
2022-10-19.MetaCardis_2020_a.relative_abundance.M0x10MCx2294	MetaCardis_2020_a	M0x10MCx2294	stool	control	MS	46	adult	male	FRA	no	IonProton	34880489	20370156	2750318380	Paolo_Manghi	0
2022-10-19.MetaCardis_2020_a.relative_abundance.M0x10MCx2315	MetaCardis_2020_a	M0x10MCx2315	stool	T2D	T2D	63	adult	female	FRA	no	IonProton	34880489	22164764	2912514188	Paolo_Manghi	1
2022-10-19.MetaCardis_2020_a.relative_abundance.M0x10MCx2320	MetaCardis_2020_a	M0x10MCx2320	stool	T2D	T2D	33	adult	female	FRA	no	IonProton	34880489	20175411	2753379690	Paolo_Manghi	1
2022-10-19.MetaCardis_2020_a.relative_abundance.M0x10MCx2326	MetaCardis_2020_a	M0x10MCx2326	stool	T2D	T2D	67	senior	male	FRA	no	IonProton	34880489	20006609	2887761871	Paolo_Manghi	1
2022-10-19.MetaCardis_2020_a.relative_abundance.M0x10MCx2332	MetaCardis_2020_a	M0x10MCx2332	stool	T2D	T2D	68	senior	female	FRA	no	IonProton	34880489	22159108	2909943594	Paolo_Manghi	1
2022-10-19.MetaCardis_2020_a.relative_abundance.M0x10MCx2336	MetaCardis_2020_a	M0x10MCx2336	stool	control	MS	42	adult	female	FRA	no	IonProton	34880489	19969524	2898999181	Paolo_Manghi	0
2022-10-19.MetaCardis_2020_a.relative_abundance.M0x10MCx2360	MetaCardis_2020_a	M0x10MCx2360	stool	control	MS	30	adult	female	FRA	no	IonProton	34880489	20318688	2928225103	Paolo_Manghi	0
2022-10-19.MetaCardis_2020_a.relative_abundance.M0x10MCx2376	MetaCardis_2020_a	M0x10MCx2376	stool	T2D	T2D	61	adult	male	FRA	no	IonProton	34880489	19470836	2611976367	Paolo_Manghi	1
2022-10-19.MetaCardis_2020_a.relative_abundance.M0x10MCx2384	MetaCardis_2020_a	M0x10MCx2384	stool	control	MS	24	adult	male	FRA	no	IonProton	34880489	28708688	3989455333	Paolo_Manghi	0
2022-10-19.MetaCardis_2020_a.relative_abundance.M0x10MCx2389	MetaCardis_2020_a	M0x10MCx2389	stool	T2D	T2D	60	adult	female	FRA	no	IonProton	34880489	20583827	3012682388	Paolo_Manghi	1
2022-10-19.MetaCardis_2020_a.relative_abundance.M0x10MCx2392	MetaCardis_2020_a	M0x10MCx2392	stool	control	MS	67	senior	male	FRA	no	IonProton	34880489	36352602	5020508391	Paolo_Manghi	0
2022-10-19.MetaCardis_2020_a.relative_abundance.M0x10MCx2405	MetaCardis_2020_a	M0x10MCx2405	stool	control	MS	56	adult	female	FRA	no	IonProton	34880489	21540036	3004425470	Paolo_Manghi	0
2022-10-19.MetaCardis_2020_a.relative_abundance.M0x10MCx2406	MetaCardis_2020_a	M0x10MCx2406	stool	control	MS	39	adult	female	FRA	no	IonProton	34880489	21869358	3099063933	Paolo_Manghi	0
2022-10-19.MetaCardis_2020_a.relative_abundance.M0x10MCx2424	MetaCardis_2020_a	M0x10MCx2424	stool	control	MS	35	adult	male	FRA	no	IonProton	34880489	20053142	2888542083	Paolo_Manghi	0
2022-10-19.MetaCardis_2020_a.relative_abundance.M0x10MCx2431	MetaCardis_2020_a	M0x10MCx2431	stool	T2D	T2D	40	adult	male	FRA	no	IonProton	34880489	21624414	3133618378	Paolo_Manghi	1
2022-10-19.MetaCardis_2020_a.relative_abundance.M0x10MCx2433	MetaCardis_2020_a	M0x10MCx2433	stool	control	MS	49	adult	female	FRA	no	IonProton	34880489	20181291	2663668190	Paolo_Manghi	0
2022-10-19.MetaCardis_2020_a.relative_abundance.M0x10MCx2435	MetaCardis_2020_a	M0x10MCx2435	stool	T2D	T2D	54	adult	male	FRA	no	IonProton	34880489	20521696	2740217757	Paolo_Manghi	1
2022-10-19.MetaCardis_2020_a.relative_abundance.M0x10MCx2448	MetaCardis_2020_a	M0x10MCx2448	stool	control	MS	46	adult	male	FRA	no	IonProton	34880489	20252964	2797745584	Paolo_Manghi	0
2022-10-19.MetaCardis_2020_a.relative_abundance.M0x10MCx2472	MetaCardis_2020_a	M0x10MCx2472	stool	T2D	T2D	59	adult	female	FRA	no	IonProton	34880489	20300111	2958413813	Paolo_Manghi	1
2022-10-19.MetaCardis_2020_a.relative_abundance.M0x10MCx2476	MetaCardis_2020_a	M0x10MCx2476	stool	T2D	T2D	63	adult	male	FRA	no	IonProton	34880489	20589132	2925476903	Paolo_Manghi	1
2022-10-19.MetaCardis_2020_a.relative_abundance.M0x10MCx2490	MetaCardis_2020_a	M0x10MCx2490	stool	T2D	T2D	50	adult	female	FRA	no	IonProton	34880489	21541002	3016719753	Paolo_Manghi	1
2022-10-19.MetaCardis_2020_a.relative_abundance.M0x10MCx2500	MetaCardis_2020_a	M0x10MCx2500	stool	T2D	T2D	52	adult	male	FRA	no	IonProton	34880489	20746906	2943758240	Paolo_Manghi	1
2022-10-19.MetaCardis_2020_a.relative_abundance.M0x10MCx2507	MetaCardis_2020_a	M0x10MCx2507	stool	control	MS	55	adult	male	FRA	no	IonProton	34880489	20350831	2790523653	Paolo_Manghi	0
2022-10-19.MetaCardis_2020_a.relative_abundance.M0x10MCx2520	MetaCardis_2020_a	M0x10MCx2520	stool	control	MS	49	adult	female	FRA	no	IonProton	34880489	19921093	2840437620	Paolo_Manghi	0
2022-10-19.MetaCardis_2020_a.relative_abundance.M0x10MCx2540	MetaCardis_2020_a	M0x10MCx2540	stool	T2D	T2D	69	senior	female	FRA	no	IonProton	34880489	20644931	2760201679	Paolo_Manghi	1
2022-10-19.MetaCardis_2020_a.relative_abundance.M0x10MCx2545	MetaCardis_2020_a	M0x10MCx2545	stool	T2D	T2D	59	adult	male	FRA	no	IonProton	34880489	22169003	2911596104	Paolo_Manghi	1
2022-10-19.MetaCardis_2020_a.relative_abundance.M0x10MCx2560	MetaCardis_2020_a	M0x10MCx2560	stool	T2D	T2D	37	adult	female	FRA	no	IonProton	34880489	21411611	3195726959	Paolo_Manghi	1
2022-10-19.MetaCardis_2020_a.relative_abundance.M0x10MCx2564	MetaCardis_2020_a	M0x10MCx2564	stool	T2D	T2D	60	adult	male	FRA	no	IonProton	34880489	20235744	2702535470	Paolo_Manghi	1
2022-10-19.MetaCardis_2020_a.relative_abundance.M0x10MCx2566	MetaCardis_2020_a	M0x10MCx2566	stool	T2D	T2D	68	senior	male	FRA	no	IonProton	34880489	20256305	2836209984	Paolo_Manghi	1
2022-10-19.MetaCardis_2020_a.relative_abundance.M0x10MCx2577	MetaCardis_2020_a	M0x10MCx2577	stool	T2D	T2D	29	adult	male	FRA	no	IonProton	34880489	20946177	2990437912	Paolo_Manghi	1
2022-10-19.MetaCardis_2020_a.relative_abundance.M0x10MCx2580	MetaCardis_2020_a	M0x10MCx2580	stool	T2D	T2D	69	senior	female	FRA	no	IonProton	34880489	20873101	2763178945	Paolo_Manghi	1
2022-10-19.MetaCardis_2020_a.relative_abundance.M0x10MCx2583	MetaCardis_2020_a	M0x10MCx2583	stool	T2D	T2D	40	adult	male	FRA	no	IonProton	34880489	21718528	2985347097	Paolo_Manghi	1
2022-10-19.MetaCardis_2020_a.relative_abundance.M0x10MCx2599	MetaCardis_2020_a	M0x10MCx2599	stool	T2D	T2D	68	senior	male	FRA	no	IonProton	34880489	21588712	2859006631	Paolo_Manghi	1
2022-10-19.MetaCardis_2020_a.relative_abundance.M0x10MCx2600	MetaCardis_2020_a	M0x10MCx2600	stool	T2D	T2D	59	adult	female	FRA	no	IonProton	34880489	20801035	2823797670	Paolo_Manghi	1
2022-10-19.MetaCardis_2020_a.relative_abundance.M0x10MCx2602	MetaCardis_2020_a	M0x10MCx2602	stool	control	MS	61	adult	female	FRA	no	IonProton	34880489	21245288	2854715648	Paolo_Manghi	0
2022-10-19.MetaCardis_2020_a.relative_abundance.M0x10MCx2607	MetaCardis_2020_a	M0x10MCx2607	stool	T2D	T2D	49	adult	male	FRA	no	IonProton	34880489	21439403	2989229219	Paolo_Manghi	1
2022-10-19.MetaCardis_2020_a.relative_abundance.M0x10MCx2611	MetaCardis_2020_a	M0x10MCx2611	stool	T2D	T2D	69	senior	female	FRA	no	IonProton	34880489	20638711	2726769000	Paolo_Manghi	1
2022-10-19.MetaCardis_2020_a.relative_abundance.M0x10MCx2624	MetaCardis_2020_a	M0x10MCx2624	stool	T2D	T2D	43	adult	male	FRA	no	IonProton	34880489	20927534	2892682648	Paolo_Manghi	1
2022-10-19.MetaCardis_2020_a.relative_abundance.M0x10MCx2627	MetaCardis_2020_a	M0x10MCx2627	stool	T2D	T2D	68	senior	male	FRA	no	IonProton	34880489	20406574	2781578068	Paolo_Manghi	1
2022-10-19.MetaCardis_2020_a.relative_abundance.M0x10MCx2636	MetaCardis_2020_a	M0x10MCx2636	stool	control	healthy	64	adult	male	FRA	no	IonProton	34880489	20872544	3184846864	Paolo_Manghi	0
2022-10-19.MetaCardis_2020_a.relative_abundance.M0x10MCx2639	MetaCardis_2020_a	M0x10MCx2639	stool	control	MS	33	adult	female	FRA	no	IonProton	34880489	23739327	3365734456	Paolo_Manghi	0
2022-10-19.MetaCardis_2020_a.relative_abundance.M0x10MCx2643	MetaCardis_2020_a	M0x10MCx2643	stool	T2D	T2D	51	adult	male	FRA	no	IonProton	34880489	20535174	2889094615	Paolo_Manghi	1
2022-10-19.MetaCardis_2020_a.relative_abundance.M0x10MCx2649	MetaCardis_2020_a	M0x10MCx2649	stool	T2D	T2D	39	adult	female	FRA	no	IonProton	34880489	24441491	3241367325	Paolo_Manghi	1
2022-10-19.MetaCardis_2020_a.relative_abundance.M0x10MCx2663	MetaCardis_2020_a	M0x10MCx2663	stool	T2D	T2D	75	senior	male	FRA	no	IonProton	34880489	20073790	2710279981	Paolo_Manghi	1
2022-10-19.MetaCardis_2020_a.relative_abundance.M0x10MCx2668	MetaCardis_2020_a	M0x10MCx2668	stool	control	MS	25	adult	female	FRA	no	IonProton	34880489	25437836	3712849878	Paolo_Manghi	0
2022-10-19.MetaCardis_2020_a.relative_abundance.M0x10MCx2679	MetaCardis_2020_a	M0x10MCx2679	stool	T2D	T2D	63	adult	female	FRA	no	IonProton	34880489	20804636	2939455322	Paolo_Manghi	1
2022-10-19.MetaCardis_2020_a.relative_abundance.M0x10MCx2681	MetaCardis_2020_a	M0x10MCx2681	stool	T2D	T2D	58	adult	male	FRA	no	IonProton	34880489	20792793	2900561944	Paolo_Manghi	1
2022-10-19.MetaCardis_2020_a.relative_abundance.M0x10MCx2689	MetaCardis_2020_a	M0x10MCx2689	stool	T2D	T2D	63	adult	male	FRA	no	IonProton	34880489	20130721	2688491843	Paolo_Manghi	1
2022-10-19.MetaCardis_2020_a.relative_abundance.M0x10MCx2692	MetaCardis_2020_a	M0x10MCx2692	stool	control	MS	66	senior	female	FRA	no	IonProton	34880489	23457059	3224394546	Paolo_Manghi	0
2022-10-19.MetaCardis_2020_a.relative_abundance.M0x10MCx2707	MetaCardis_2020_a	M0x10MCx2707	stool	T2D	T2D	65	senior	male	FRA	no	IonProton	34880489	21347216	2834320686	Paolo_Manghi	1
2022-10-19.MetaCardis_2020_a.relative_abundance.M0x10MCx2709	MetaCardis_2020_a	M0x10MCx2709	stool	T2D	T2D	56	adult	male	FRA	no	IonProton	34880489	20888463	2801673383	Paolo_Manghi	1
2022-10-19.MetaCardis_2020_a.relative_abundance.M0x10MCx2714	MetaCardis_2020_a	M0x10MCx2714	stool	T2D	T2D	61	adult	male	FRA	no	IonProton	34880489	20209068	2869792865	Paolo_Manghi	1
2022-10-19.MetaCardis_2020_a.relative_abundance.M0x10MCx2721	MetaCardis_2020_a	M0x10MCx2721	stool	T2D	T2D	67	senior	female	FRA	no	IonProton	34880489	21989883	2499849056	Paolo_Manghi	1
2022-10-19.MetaCardis_2020_a.relative_abundance.M0x10MCx2725	MetaCardis_2020_a	M0x10MCx2725	stool	T2D	T2D	61	adult	female	FRA	no	IonProton	34880489	20260078	2674036473	Paolo_Manghi	1
2022-10-19.MetaCardis_2020_a.relative_abundance.M0x10MCx2726	MetaCardis_2020_a	M0x10MCx2726	stool	T2D	T2D	63	adult	female	FRA	no	IonProton	34880489	21438825	2981878519	Paolo_Manghi	1
2022-10-19.MetaCardis_2020_a.relative_abundance.M0x10MCx2750	MetaCardis_2020_a	M0x10MCx2750	stool	T2D	T2D	69	senior	male	FRA	no	IonProton	34880489	20014326	2578147144	Paolo_Manghi	1
2022-10-19.MetaCardis_2020_a.relative_abundance.M0x10MCx2752	MetaCardis_2020_a	M0x10MCx2752	stool	T2D	T2D	60	adult	male	FRA	no	IonProton	34880489	20692694	2936986927	Paolo_Manghi	1
2022-10-19.MetaCardis_2020_a.relative_abundance.M0x10MCx2754	MetaCardis_2020_a	M0x10MCx2754	stool	T2D	T2D	64	adult	male	FRA	no	IonProton	34880489	22288961	2861316504	Paolo_Manghi	1
2022-10-19.MetaCardis_2020_a.relative_abundance.M0x10MCx2755	MetaCardis_2020_a	M0x10MCx2755	stool	T2D	T2D	47	adult	male	FRA	no	IonProton	34880489	20508557	2861567585	Paolo_Manghi	1
2022-10-19.MetaCardis_2020_a.relative_abundance.M0x10MCx2762	MetaCardis_2020_a	M0x10MCx2762	stool	T2D	T2D	58	adult	female	FRA	no	IonProton	34880489	20070242	2803414228	Paolo_Manghi	1
2022-10-19.MetaCardis_2020_a.relative_abundance.M0x10MCx2772	MetaCardis_2020_a	M0x10MCx2772	stool	control	MS	37	adult	female	FRA	no	IonProton	34880489	26472396	4008667418	Paolo_Manghi	0
2022-10-19.MetaCardis_2020_a.relative_abundance.M0x10MCx2813	MetaCardis_2020_a	M0x10MCx2813	stool	T2D	T2D	29	adult	male	FRA	no	IonProton	34880489	20558528	2734799089	Paolo_Manghi	1
2022-10-19.MetaCardis_2020_a.relative_abundance.M0x10MCx2817	MetaCardis_2020_a	M0x10MCx2817	stool	T2D	T2D	54	adult	male	FRA	no	IonProton	34880489	21335421	2780117080	Paolo_Manghi	1
2022-10-19.MetaCardis_2020_a.relative_abundance.M0x10MCx2824	MetaCardis_2020_a	M0x10MCx2824	stool	T2D	T2D	53	adult	female	FRA	no	IonProton	34880489	20050737	2978329838	Paolo_Manghi	1
2022-10-19.MetaCardis_2020_a.relative_abundance.M0x10MCx2839	MetaCardis_2020_a	M0x10MCx2839	stool	control	MS	67	adult	female	FRA	no	IonProton	34880489	20160634	2729711652	Paolo_Manghi	0
2022-10-19.MetaCardis_2020_a.relative_abundance.M0x10MCx2846	MetaCardis_2020_a	M0x10MCx2846	stool	T2D	T2D	56	adult	female	FRA	no	IonProton	34880489	20205963	2749279289	Paolo_Manghi	1
2022-10-19.MetaCardis_2020_a.relative_abundance.M0x10MCx2856	MetaCardis_2020_a	M0x10MCx2856	stool	T2D	T2D	56	adult	male	FRA	no	IonProton	34880489	21462130	2804474536	Paolo_Manghi	1
2022-10-19.MetaCardis_2020_a.relative_abundance.M0x10MCx2886	MetaCardis_2020_a	M0x10MCx2886	stool	T2D	T2D	56	adult	male	FRA	no	IonProton	34880489	15764352	2151216202	Paolo_Manghi	1
2022-10-19.MetaCardis_2020_a.relative_abundance.M0x10MCx2892	MetaCardis_2020_a	M0x10MCx2892	stool	control	MS	41	adult	female	FRA	no	IonProton	34880489	22543564	3234754731	Paolo_Manghi	0
2022-10-19.MetaCardis_2020_a.relative_abundance.M0x10MCx2918	MetaCardis_2020_a	M0x10MCx2918	stool	T2D	T2D	66	senior	male	FRA	no	IonProton	34880489	21745969	2879400747	Paolo_Manghi	1
2022-10-19.MetaCardis_2020_a.relative_abundance.M0x10MCx2925	MetaCardis_2020_a	M0x10MCx2925	stool	T2D	T2D	55	adult	female	FRA	no	IonProton	34880489	20175811	2694848758	Paolo_Manghi	1
2022-10-19.MetaCardis_2020_a.relative_abundance.M0x10MCx2930	MetaCardis_2020_a	M0x10MCx2930	stool	T2D	T2D	56	adult	male	FRA	no	IonProton	34880489	20272130	2863766946	Paolo_Manghi	1
2022-10-19.MetaCardis_2020_a.relative_abundance.M0x10MCx2939	MetaCardis_2020_a	M0x10MCx2939	stool	control	MS	34	adult	female	FRA	no	IonProton	34880489	26682863	3694117860	Paolo_Manghi	0
2022-10-19.MetaCardis_2020_a.relative_abundance.M0x10MCx2942	MetaCardis_2020_a	M0x10MCx2942	stool	control	MS	53	adult	female	FRA	no	IonProton	34880489	22670457	3029360718	Paolo_Manghi	0
2022-10-19.MetaCardis_2020_a.relative_abundance.M0x10MCx2976	MetaCardis_2020_a	M0x10MCx2976	stool	T2D	T2D	40	adult	female	FRA	no	IonProton	34880489	20674639	2804777408	Paolo_Manghi	1
2022-10-19.MetaCardis_2020_a.relative_abundance.M0x10MCx2984	MetaCardis_2020_a	M0x10MCx2984	stool	T2D	T2D	38	adult	female	FRA	no	IonProton	34880489	20647291	2872655190	Paolo_Manghi	1
2022-10-19.MetaCardis_2020_a.relative_abundance.M0x10MCx2999	MetaCardis_2020_a	M0x10MCx2999	stool	T2D	T2D	45	adult	male	FRA	no	IonProton	34880489	21046624	2876136256	Paolo_Manghi	1
2022-10-19.MetaCardis_2020_a.relative_abundance.M0x10MCx3001	MetaCardis_2020_a	M0x10MCx3001	stool	T2D	T2D	51	adult	female	FRA	no	IonProton	34880489	21360078	2808350001	Paolo_Manghi	1
2022-10-19.MetaCardis_2020_a.relative_abundance.M0x10MCx3008	MetaCardis_2020_a	M0x10MCx3008	stool	control	MS	63	adult	female	FRA	no	IonProton	34880489	20186452	3013137748	Paolo_Manghi	0
2022-10-19.MetaCardis_2020_a.relative_abundance.M0x10MCx3028	MetaCardis_2020_a	M0x10MCx3028	stool	T2D	T2D	48	adult	female	FRA	no	IonProton	34880489	24437892	3666254331	Paolo_Manghi	1
2022-10-19.MetaCardis_2020_a.relative_abundance.M0x10MCx3034	MetaCardis_2020_a	M0x10MCx3034	stool	T2D	T2D	61	adult	female	FRA	no	IonProton	34880489	20700498	2862963086	Paolo_Manghi	1
2022-10-19.MetaCardis_2020_a.relative_abundance.M0x10MCx3042	MetaCardis_2020_a	M0x10MCx3042	stool	control	MS	25	adult	female	FRA	no	IonProton	34880489	21547307	3046213445	Paolo_Manghi	0
2022-10-19.MetaCardis_2020_a.relative_abundance.M0x10MCx3057	MetaCardis_2020_a	M0x10MCx3057	stool	T2D	T2D	56	adult	female	FRA	no	IonProton	34880489	20407161	2835931828	Paolo_Manghi	1
2022-10-19.MetaCardis_2020_a.relative_abundance.M0x10MCx3074	MetaCardis_2020_a	M0x10MCx3074	stool	T2D	T2D	65	senior	male	FRA	no	IonProton	34880489	21000903	2936032706	Paolo_Manghi	1
2022-10-19.MetaCardis_2020_a.relative_abundance.M0x10MCx3078	MetaCardis_2020_a	M0x10MCx3078	stool	control	MS	29	adult	female	FRA	no	IonProton	34880489	20721788	2923359690	Paolo_Manghi	0
2022-10-19.MetaCardis_2020_a.relative_abundance.M0x10MCx3101	MetaCardis_2020_a	M0x10MCx3101	stool	control	MS	38	adult	female	FRA	no	IonProton	34880489	20735175	2764159244	Paolo_Manghi	0
2022-10-19.MetaCardis_2020_a.relative_abundance.M0x10MCx3106	MetaCardis_2020_a	M0x10MCx3106	stool	T2D	T2D	49	adult	female	FRA	no	IonProton	34880489	21364888	2891884808	Paolo_Manghi	1
2022-10-19.MetaCardis_2020_a.relative_abundance.M0x10MCx3110	MetaCardis_2020_a	M0x10MCx3110	stool	control	MS	32	adult	male	FRA	no	IonProton	34880489	20198800	2834912989	Paolo_Manghi	0
2022-10-19.MetaCardis_2020_a.relative_abundance.M0x10MCx3153	MetaCardis_2020_a	M0x10MCx3153	stool	T2D	T2D	69	senior	male	FRA	no	IonProton	34880489	16125933	2241253723	Paolo_Manghi	1
2022-10-19.MetaCardis_2020_a.relative_abundance.M0x10MCx3156	MetaCardis_2020_a	M0x10MCx3156	stool	T2D	T2D	36	adult	female	FRA	no	IonProton	34880489	20297727	2765313962	Paolo_Manghi	1
2022-10-19.MetaCardis_2020_a.relative_abundance.M0x10MCx3172	MetaCardis_2020_a	M0x10MCx3172	stool	T2D	T2D	61	adult	female	FRA	no	IonProton	34880489	21845039	3038935942	Paolo_Manghi	1
2022-10-19.MetaCardis_2020_a.relative_abundance.M0x10MCx3173	MetaCardis_2020_a	M0x10MCx3173	stool	T2D	T2D	44	adult	female	FRA	no	IonProton	34880489	20264621	2708119486	Paolo_Manghi	1
2022-10-19.MetaCardis_2020_a.relative_abundance.M0x10MCx3197	MetaCardis_2020_a	M0x10MCx3197	stool	T2D	T2D	64	adult	female	FRA	no	IonProton	34880489	20950818	3112777585	Paolo_Manghi	1
2022-10-19.MetaCardis_2020_a.relative_abundance.M0x10MCx3238	MetaCardis_2020_a	M0x10MCx3238	stool	T2D	T2D	54	adult	female	FRA	no	IonProton	34880489	21794966	2814852950	Paolo_Manghi	1
2022-10-19.MetaCardis_2020_a.relative_abundance.M0x10MCx3239	MetaCardis_2020_a	M0x10MCx3239	stool	T2D	T2D	71	senior	female	FRA	no	IonProton	34880489	19994189	2757357799	Paolo_Manghi	1
2022-10-19.MetaCardis_2020_a.relative_abundance.M0x10MCx3267	MetaCardis_2020_a	M0x10MCx3267	stool	T2D	T2D	65	senior	female	FRA	no	IonProton	34880489	20699300	2866271749	Paolo_Manghi	1
2022-10-19.MetaCardis_2020_a.relative_abundance.M0x10MCx3268	MetaCardis_2020_a	M0x10MCx3268	stool	T2D	T2D	67	senior	male	FRA	no	IonProton	34880489	20926621	2808919854	Paolo_Manghi	1
2022-10-19.MetaCardis_2020_a.relative_abundance.M0x10MCx3273	MetaCardis_2020_a	M0x10MCx3273	stool	T2D	T2D	60	adult	female	FRA	no	IonProton	34880489	22222023	2910011463	Paolo_Manghi	1
2022-10-19.MetaCardis_2020_a.relative_abundance.M0x10MCx3277	MetaCardis_2020_a	M0x10MCx3277	stool	T2D	T2D	58	adult	male	FRA	no	IonProton	34880489	20267380	2821033374	Paolo_Manghi	1
2022-10-19.MetaCardis_2020_a.relative_abundance.M0x10MCx3304	MetaCardis_2020_a	M0x10MCx3304	stool	T2D	T2D	55	adult	female	FRA	no	IonProton	34880489	20793062	2827680011	Paolo_Manghi	1
2022-10-19.MetaCardis_2020_a.relative_abundance.M0x10MCx3317	MetaCardis_2020_a	M0x10MCx3317	stool	T2D	T2D	53	adult	female	FRA	no	IonProton	34880489	20739591	2657449919	Paolo_Manghi	1
2022-10-19.MetaCardis_2020_a.relative_abundance.M0x10MCx3318	MetaCardis_2020_a	M0x10MCx3318	stool	T2D	T2D	70	senior	male	FRA	no	IonProton	34880489	15272000	1921461473	Paolo_Manghi	1
2022-10-19.MetaCardis_2020_a.relative_abundance.M0x10MCx3319	MetaCardis_2020_a	M0x10MCx3319	stool	T2D	T2D	70	senior	female	FRA	no	IonProton	34880489	21763870	3039013529	Paolo_Manghi	1
2022-10-19.MetaCardis_2020_a.relative_abundance.M0x10MCx3322	MetaCardis_2020_a	M0x10MCx3322	stool	T2D	T2D	44	adult	male	FRA	no	IonProton	34880489	15977019	2339610252	Paolo_Manghi	1
2022-10-19.MetaCardis_2020_a.relative_abundance.M0x10MCx3326	MetaCardis_2020_a	M0x10MCx3326	stool	control	MS	36	adult	male	FRA	no	IonProton	34880489	19937342	2794152262	Paolo_Manghi	0
2022-10-19.MetaCardis_2020_a.relative_abundance.M0x10MCx3330	MetaCardis_2020_a	M0x10MCx3330	stool	T2D	T2D	60	adult	female	FRA	no	IonProton	34880489	20908505	2670920930	Paolo_Manghi	1
2022-10-19.MetaCardis_2020_a.relative_abundance.M0x10MCx3346	MetaCardis_2020_a	M0x10MCx3346	stool	T2D	T2D	33	adult	female	FRA	no	IonProton	34880489	11364709	1652460108	Paolo_Manghi	1
2022-10-19.MetaCardis_2020_a.relative_abundance.M0x10MCx3347	MetaCardis_2020_a	M0x10MCx3347	stool	T2D	T2D	66	senior	female	FRA	no	IonProton	34880489	20308728	2860794811	Paolo_Manghi	1
2022-10-19.MetaCardis_2020_a.relative_abundance.M0x10MCx3363	MetaCardis_2020_a	M0x10MCx3363	stool	control	MS	33	adult	female	FRA	no	IonProton	34880489	24745836	3429706034	Paolo_Manghi	0
2022-10-19.MetaCardis_2020_a.relative_abundance.M0x10MCx3395	MetaCardis_2020_a	M0x10MCx3395	stool	control	MS	41	adult	female	FRA	no	IonProton	34880489	21196967	3063345220	Paolo_Manghi	0
2022-10-19.MetaCardis_2020_a.relative_abundance.M0x10MCx3404	MetaCardis_2020_a	M0x10MCx3404	stool	T2D	T2D	52	adult	male	FRA	no	IonProton	34880489	20143791	2778792198	Paolo_Manghi	1
2022-10-19.MetaCardis_2020_a.relative_abundance.M0x10MCx3406	MetaCardis_2020_a	M0x10MCx3406	stool	T2D	T2D	46	adult	female	FRA	no	IonProton	34880489	22546441	3044628753	Paolo_Manghi	1
2022-10-19.MetaCardis_2020_a.relative_abundance.M0x10MCx3420	MetaCardis_2020_a	M0x10MCx3420	stool	T2D	T2D	63	adult	female	FRA	no	IonProton	34880489	24870507	3439678759	Paolo_Manghi	1
2022-10-19.MetaCardis_2020_a.relative_abundance.M0x11MCx1111	MetaCardis_2020_a	M0x11MCx1111	stool	T2D	T2D	66	senior	female	FRA	no	IonProton	34880489	20664896	2849290304	Paolo_Manghi	1
2022-10-19.MetaCardis_2020_a.relative_abundance.M0x11MCx1113	MetaCardis_2020_a	M0x11MCx1113	stool	T2D	T2D	52	adult	male	FRA	no	IonProton	34880489	21704522	2976609725	Paolo_Manghi	1
2022-10-19.MetaCardis_2020_a.relative_abundance.M0x11MCx1159	MetaCardis_2020_a	M0x11MCx1159	stool	T2D	T2D	66	senior	male	FRA	no	IonProton	34880489	13440935	1873875311	Paolo_Manghi	1
2022-10-19.MetaCardis_2020_a.relative_abundance.M0x11MCx1160	MetaCardis_2020_a	M0x11MCx1160	stool	T2D	T2D	61	adult	female	FRA	no	IonProton	34880489	20688901	2973661843	Paolo_Manghi	1
2022-10-19.MetaCardis_2020_a.relative_abundance.M0x11MCx1161	MetaCardis_2020_a	M0x11MCx1161	stool	T2D	T2D	52	adult	male	FRA	no	IonProton	34880489	20513602	2683438936	Paolo_Manghi	1
2022-10-19.MetaCardis_2020_a.relative_abundance.M0x11MCx1246	MetaCardis_2020_a	M0x11MCx1246	stool	T2D	T2D	70	senior	female	FRA	no	IonProton	34880489	19381702	2728592981	Paolo_Manghi	1
2022-10-19.MetaCardis_2020_a.relative_abundance.M0x11MCx1247	MetaCardis_2020_a	M0x11MCx1247	stool	T2D	T2D	56	adult	female	FRA	no	IonProton	34880489	21542286	2917219104	Paolo_Manghi	1
2022-10-19.MetaCardis_2020_a.relative_abundance.M0x11MCx1265	MetaCardis_2020_a	M0x11MCx1265	stool	T2D	T2D	44	adult	female	FRA	no	IonProton	34880489	23927177	3225668159	Paolo_Manghi	1
2022-10-19.MetaCardis_2020_a.relative_abundance.M0x11MCx1274	MetaCardis_2020_a	M0x11MCx1274	stool	T2D	T2D	66	senior	female	FRA	no	IonProton	34880489	23594601	3234011709	Paolo_Manghi	1
2022-10-19.MetaCardis_2020_a.relative_abundance.M0x11MCx1306	MetaCardis_2020_a	M0x11MCx1306	stool	T2D	T2D	60	adult	female	FRA	no	IonProton	34880489	21729243	3142847330	Paolo_Manghi	1
2022-10-19.MetaCardis_2020_a.relative_abundance.M0x11MCx1329	MetaCardis_2020_a	M0x11MCx1329	stool	T2D	T2D	57	adult	male	FRA	no	IonProton	34880489	20412709	2825550469	Paolo_Manghi	1
2022-10-19.MetaCardis_2020_a.relative_abundance.M0x11MCx1383	MetaCardis_2020_a	M0x11MCx1383	stool	T2D	T2D	72	senior	male	FRA	no	IonProton	34880489	20592816	2711206148	Paolo_Manghi	1
2022-10-19.MetaCardis_2020_a.relative_abundance.M0x11MCx1428	MetaCardis_2020_a	M0x11MCx1428	stool	T2D	T2D	64	adult	female	FRA	no	IonProton	34880489	28369039	4094551391	Paolo_Manghi	1
2022-10-19.MetaCardis_2020_a.relative_abundance.M0x11MCx1448	MetaCardis_2020_a	M0x11MCx1448	stool	T2D	T2D	69	senior	female	FRA	no	IonProton	34880489	20076473	2767047960	Paolo_Manghi	1
2022-10-19.MetaCardis_2020_a.relative_abundance.M0x11MCx1520	MetaCardis_2020_a	M0x11MCx1520	stool	T2D	T2D	45	adult	female	FRA	no	IonProton	34880489	43457006	5770168644	Paolo_Manghi	1
2022-10-19.MetaCardis_2020_a.relative_abundance.M0x11MCx1533	MetaCardis_2020_a	M0x11MCx1533	stool	T2D	T2D	66	senior	male	FRA	no	IonProton	34880489	15054978	1981505608	Paolo_Manghi	1
2022-10-19.MetaCardis_2020_a.relative_abundance.M0x11MCx1579	MetaCardis_2020_a	M0x11MCx1579	stool	T2D	T2D	31	adult	female	FRA	no	IonProton	34880489	20270412	2886410425	Paolo_Manghi	1
2022-10-19.MetaCardis_2020_a.relative_abundance.M0x11MCx1588	MetaCardis_2020_a	M0x11MCx1588	stool	T2D	T2D	64	adult	female	FRA	no	IonProton	34880489	16566199	2413970114	Paolo_Manghi	1
2022-10-19.MetaCardis_2020_a.relative_abundance.M0x11MCx1658	MetaCardis_2020_a	M0x11MCx1658	stool	T2D	T2D	58	adult	female	FRA	no	IonProton	34880489	21151639	3107309041	Paolo_Manghi	1
2022-10-19.MetaCardis_2020_a.relative_abundance.M0x11MCx1669	MetaCardis_2020_a	M0x11MCx1669	stool	T2D	T2D	52	adult	female	FRA	no	IonProton	34880489	20959142	2963488213	Paolo_Manghi	1
2022-10-19.MetaCardis_2020_a.relative_abundance.M0x11MCx1690	MetaCardis_2020_a	M0x11MCx1690	stool	T2D	T2D	66	senior	male	FRA	no	IonProton	34880489	20252524	2803736272	Paolo_Manghi	1
2022-10-19.MetaCardis_2020_a.relative_abundance.M0x11MCx1723	MetaCardis_2020_a	M0x11MCx1723	stool	T2D	T2D	69	senior	female	FRA	no	IonProton	34880489	21199202	3133652416	Paolo_Manghi	1
2022-10-19.MetaCardis_2020_a.relative_abundance.M0x11MCx1751	MetaCardis_2020_a	M0x11MCx1751	stool	T2D	T2D	53	adult	male	FRA	no	IonProton	34880489	11230921	1512334483	Paolo_Manghi	1
2022-10-19.MetaCardis_2020_a.relative_abundance.M0x11MCx1752	MetaCardis_2020_a	M0x11MCx1752	stool	T2D	T2D	55	adult	female	FRA	no	IonProton	34880489	21684299	2824169905	Paolo_Manghi	1
2022-10-19.MetaCardis_2020_a.relative_abundance.M0x11MCx1758	MetaCardis_2020_a	M0x11MCx1758	stool	T2D	T2D	46	adult	female	FRA	no	IonProton	34880489	20103532	2796768426	Paolo_Manghi	1
2022-10-19.MetaCardis_2020_a.relative_abundance.M0x11MCx1817	MetaCardis_2020_a	M0x11MCx1817	stool	T2D	T2D	67	senior	female	FRA	no	IonProton	34880489	20458010	2829897394	Paolo_Manghi	1
2022-10-19.MetaCardis_2020_a.relative_abundance.M0x11MCx1826	MetaCardis_2020_a	M0x11MCx1826	stool	T2D	T2D	70	senior	female	FRA	no	IonProton	34880489	20497245	2882661650	Paolo_Manghi	1
2022-10-19.MetaCardis_2020_a.relative_abundance.M0x11MCx1846	MetaCardis_2020_a	M0x11MCx1846	stool	T2D	T2D	65	senior	male	FRA	no	IonProton	34880489	21252262	2855406123	Paolo_Manghi	1
2022-10-19.MetaCardis_2020_a.relative_abundance.M0x11MCx1867	MetaCardis_2020_a	M0x11MCx1867	stool	T2D	T2D	67	senior	male	FRA	no	IonProton	34880489	20635101	2936306918	Paolo_Manghi	1
2022-10-19.MetaCardis_2020_a.relative_abundance.M0x11MCx1874	MetaCardis_2020_a	M0x11MCx1874	stool	T2D	T2D	61	adult	male	FRA	no	IonProton	34880489	20756581	2912097602	Paolo_Manghi	1
2022-10-19.MetaCardis_2020_a.relative_abundance.M0x11MCx1907	MetaCardis_2020_a	M0x11MCx1907	stool	T2D	T2D	54	adult	female	FRA	no	IonProton	34880489	23609556	3164529084	Paolo_Manghi	1
2022-10-19.MetaCardis_2020_a.relative_abundance.M0x11MCx1923	MetaCardis_2020_a	M0x11MCx1923	stool	T2D	T2D	68	senior	male	FRA	no	IonProton	34880489	9330815	1317281103	Paolo_Manghi	1
2022-10-19.MetaCardis_2020_a.relative_abundance.M0x11MCx1994	MetaCardis_2020_a	M0x11MCx1994	stool	T2D	T2D	59	adult	female	FRA	no	IonProton	34880489	20387366	2901963903	Paolo_Manghi	1
2022-10-19.MetaCardis_2020_a.relative_abundance.M0x11MCx2047	MetaCardis_2020_a	M0x11MCx2047	stool	T2D	T2D	62	adult	female	FRA	no	IonProton	34880489	21252931	2808410264	Paolo_Manghi	1
2022-10-19.MetaCardis_2020_a.relative_abundance.M0x11MCx2048	MetaCardis_2020_a	M0x11MCx2048	stool	T2D	T2D	54	adult	female	FRA	no	IonProton	34880489	21518752	2967643382	Paolo_Manghi	1
2022-10-19.MetaCardis_2020_a.relative_abundance.M0x11MCx2056	MetaCardis_2020_a	M0x11MCx2056	stool	T2D	T2D	62	adult	female	FRA	no	IonProton	34880489	25378111	3454898449	Paolo_Manghi	1
2022-10-19.MetaCardis_2020_a.relative_abundance.M0x11MCx2130	MetaCardis_2020_a	M0x11MCx2130	stool	T2D	T2D	56	adult	female	FRA	no	IonProton	34880489	20715750	2856163941	Paolo_Manghi	1
2022-10-19.MetaCardis_2020_a.relative_abundance.M0x11MCx2150	MetaCardis_2020_a	M0x11MCx2150	stool	T2D	T2D	52	adult	female	FRA	no	IonProton	34880489	20050147	3514558248	Paolo_Manghi	1
2022-10-19.MetaCardis_2020_a.relative_abundance.M0x11MCx2184	MetaCardis_2020_a	M0x11MCx2184	stool	T2D	T2D	65	senior	male	FRA	no	IonProton	34880489	21262859	2773706609	Paolo_Manghi	1
2022-10-19.MetaCardis_2020_a.relative_abundance.M0x11MCx2191	MetaCardis_2020_a	M0x11MCx2191	stool	T2D	T2D	62	adult	male	FRA	no	IonProton	34880489	20061853	2968858157	Paolo_Manghi	1
2022-10-19.MetaCardis_2020_a.relative_abundance.M0x11MCx2264	MetaCardis_2020_a	M0x11MCx2264	stool	T2D	T2D	63	adult	male	FRA	no	IonProton	34880489	14712867	2100776855	Paolo_Manghi	1
2022-10-19.MetaCardis_2020_a.relative_abundance.M0x11MCx2271	MetaCardis_2020_a	M0x11MCx2271	stool	T2D	T2D	47	adult	female	FRA	no	IonProton	34880489	20961139	2873601661	Paolo_Manghi	1
2022-10-19.MetaCardis_2020_a.relative_abundance.M0x11MCx2290	MetaCardis_2020_a	M0x11MCx2290	stool	T2D	T2D	59	adult	female	FRA	no	IonProton	34880489	20078602	2915797656	Paolo_Manghi	1
2022-10-19.MetaCardis_2020_a.relative_abundance.M0x11MCx2302	MetaCardis_2020_a	M0x11MCx2302	stool	T2D	T2D	64	adult	male	FRA	no	IonProton	34880489	8178032	1059817007	Paolo_Manghi	1
2022-10-19.MetaCardis_2020_a.relative_abundance.M0x11MCx2305	MetaCardis_2020_a	M0x11MCx2305	stool	T2D	T2D	65	senior	female	FRA	no	IonProton	34880489	20060076	2663318447	Paolo_Manghi	1
2022-10-19.MetaCardis_2020_a.relative_abundance.M0x11MCx2379	MetaCardis_2020_a	M0x11MCx2379	stool	T2D	T2D	61	adult	male	FRA	no	IonProton	34880489	20317168	3020215212	Paolo_Manghi	1
2022-10-19.MetaCardis_2020_a.relative_abundance.M0x11MCx2402	MetaCardis_2020_a	M0x11MCx2402	stool	T2D	T2D	46	adult	male	FRA	no	IonProton	34880489	15247579	2027924396	Paolo_Manghi	1
2022-10-19.MetaCardis_2020_a.relative_abundance.M0x11MCx2416	MetaCardis_2020_a	M0x11MCx2416	stool	T2D	T2D	53	adult	male	FRA	no	IonProton	34880489	20634332	2906751509	Paolo_Manghi	1
2022-10-19.MetaCardis_2020_a.relative_abundance.M0x11MCx2419	MetaCardis_2020_a	M0x11MCx2419	stool	T2D	T2D	62	adult	male	FRA	no	IonProton	34880489	20738428	2949957770	Paolo_Manghi	1
2022-10-19.MetaCardis_2020_a.relative_abundance.M0x11MCx2481	MetaCardis_2020_a	M0x11MCx2481	stool	T2D	T2D	49	adult	male	FRA	no	IonProton	34880489	21069196	2792189392	Paolo_Manghi	1
2022-10-19.MetaCardis_2020_a.relative_abundance.M0x11MCx2655	MetaCardis_2020_a	M0x11MCx2655	stool	T2D	T2D	58	adult	male	FRA	no	IonProton	34880489	20104297	2693740707	Paolo_Manghi	1
2022-10-19.MetaCardis_2020_a.relative_abundance.M0x11MCx2680	MetaCardis_2020_a	M0x11MCx2680	stool	T2D	T2D	54	adult	male	FRA	no	IonProton	34880489	20071302	2932946463	Paolo_Manghi	1
2022-10-19.MetaCardis_2020_a.relative_abundance.M0x11MCx2713	MetaCardis_2020_a	M0x11MCx2713	stool	T2D	T2D	66	senior	male	FRA	no	IonProton	34880489	13722541	1960047334	Paolo_Manghi	1
2022-10-19.MetaCardis_2020_a.relative_abundance.M0x11MCx2740	MetaCardis_2020_a	M0x11MCx2740	stool	T2D	T2D	56	adult	female	FRA	no	IonProton	34880489	21064628	2832789863	Paolo_Manghi	1
2022-10-19.MetaCardis_2020_a.relative_abundance.M0x11MCx2768	MetaCardis_2020_a	M0x11MCx2768	stool	T2D	T2D	67	senior	male	FRA	no	IonProton	34880489	16412256	2279901501	Paolo_Manghi	1
2022-10-19.MetaCardis_2020_a.relative_abundance.M0x11MCx2809	MetaCardis_2020_a	M0x11MCx2809	stool	T2D	T2D	56	adult	female	FRA	no	IonProton	34880489	19695211	2644702200	Paolo_Manghi	1
2022-10-19.MetaCardis_2020_a.relative_abundance.M0x11MCx2847	MetaCardis_2020_a	M0x11MCx2847	stool	T2D	T2D	52	adult	male	FRA	no	IonProton	34880489	10204470	1390914273	Paolo_Manghi	1
2022-10-19.MetaCardis_2020_a.relative_abundance.M0x11MCx2880	MetaCardis_2020_a	M0x11MCx2880	stool	T2D	T2D	60	adult	male	FRA	no	IonProton	34880489	22206650	3071674922	Paolo_Manghi	1
2022-10-19.MetaCardis_2020_a.relative_abundance.M0x11MCx2889	MetaCardis_2020_a	M0x11MCx2889	stool	T2D	T2D	68	senior	male	FRA	no	IonProton	34880489	15698040	2077340269	Paolo_Manghi	1
2022-10-19.MetaCardis_2020_a.relative_abundance.M0x11MCx2894	MetaCardis_2020_a	M0x11MCx2894	stool	T2D	T2D	51	adult	female	FRA	no	IonProton	34880489	21462754	2992599290	Paolo_Manghi	1
2022-10-19.MetaCardis_2020_a.relative_abundance.M0x11MCx2897	MetaCardis_2020_a	M0x11MCx2897	stool	T2D	T2D	71	senior	male	FRA	no	IonProton	34880489	21315793	2920941086	Paolo_Manghi	1
2022-10-19.MetaCardis_2020_a.relative_abundance.M0x11MCx2910	MetaCardis_2020_a	M0x11MCx2910	stool	T2D	T2D	47	adult	female	FRA	no	IonProton	34880489	20212865	2750471459	Paolo_Manghi	1
2022-10-19.MetaCardis_2020_a.relative_abundance.M0x11MCx2914	MetaCardis_2020_a	M0x11MCx2914	stool	T2D	T2D	60	adult	female	FRA	no	IonProton	34880489	20617347	2958118090	Paolo_Manghi	1
2022-10-19.MetaCardis_2020_a.relative_abundance.M0x11MCx2949	MetaCardis_2020_a	M0x11MCx2949	stool	T2D	T2D	67	senior	female	FRA	no	IonProton	34880489	20434276	2780190971	Paolo_Manghi	1
2022-10-19.MetaCardis_2020_a.relative_abundance.M0x11MCx2950	MetaCardis_2020_a	M0x11MCx2950	stool	T2D	T2D	45	adult	male	FRA	no	IonProton	34880489	20454543	2754496556	Paolo_Manghi	1
2022-10-19.MetaCardis_2020_a.relative_abundance.M0x11MCx2957	MetaCardis_2020_a	M0x11MCx2957	stool	T2D	T2D	66	senior	male	FRA	no	IonProton	34880489	19706389	2487094222	Paolo_Manghi	1
2022-10-19.MetaCardis_2020_a.relative_abundance.M0x11MCx3016	MetaCardis_2020_a	M0x11MCx3016	stool	T2D	T2D	53	adult	male	FRA	no	IonProton	34880489	21452902	2973227819	Paolo_Manghi	1
2022-10-19.MetaCardis_2020_a.relative_abundance.M0x11MCx3054	MetaCardis_2020_a	M0x11MCx3054	stool	T2D	T2D	57	adult	female	FRA	no	IonProton	34880489	20556273	3060950852	Paolo_Manghi	1
2022-10-19.MetaCardis_2020_a.relative_abundance.M0x11MCx3093	MetaCardis_2020_a	M0x11MCx3093	stool	T2D	T2D	47	adult	female	FRA	no	IonProton	34880489	21904328	3097282105	Paolo_Manghi	1
2022-10-19.MetaCardis_2020_a.relative_abundance.M0x11MCx3134	MetaCardis_2020_a	M0x11MCx3134	stool	T2D	T2D	54	adult	male	FRA	no	IonProton	34880489	20282437	2754303697	Paolo_Manghi	1
2022-10-19.MetaCardis_2020_a.relative_abundance.M0x11MCx3174	MetaCardis_2020_a	M0x11MCx3174	stool	T2D	T2D	59	adult	female	FRA	no	IonProton	34880489	20456612	2861784870	Paolo_Manghi	1
2022-10-19.MetaCardis_2020_a.relative_abundance.M0x11MCx3181	MetaCardis_2020_a	M0x11MCx3181	stool	T2D	T2D	67	senior	male	FRA	no	IonProton	34880489	20387532	2781211950	Paolo_Manghi	1
2022-10-19.MetaCardis_2020_a.relative_abundance.M0x11MCx3185	MetaCardis_2020_a	M0x11MCx3185	stool	T2D	T2D	66	senior	male	FRA	no	IonProton	34880489	20041216	2871366195	Paolo_Manghi	1
2022-10-19.MetaCardis_2020_a.relative_abundance.M0x11MCx3193	MetaCardis_2020_a	M0x11MCx3193	stool	T2D	T2D	58	adult	male	FRA	no	IonProton	34880489	17159963	2348062519	Paolo_Manghi	1
2022-10-19.MetaCardis_2020_a.relative_abundance.M0x11MCx3218	MetaCardis_2020_a	M0x11MCx3218	stool	T2D	T2D	45	adult	female	FRA	no	IonProton	34880489	20822635	2770273597	Paolo_Manghi	1
2022-10-19.MetaCardis_2020_a.relative_abundance.M0x11MCx3248	MetaCardis_2020_a	M0x11MCx3248	stool	T2D	T2D	66	senior	male	FRA	no	IonProton	34880489	14504566	2077580463	Paolo_Manghi	1
2022-10-19.MetaCardis_2020_a.relative_abundance.M0x11MCx3265	MetaCardis_2020_a	M0x11MCx3265	stool	T2D	T2D	71	senior	male	FRA	no	IonProton	34880489	21110993	2935607143	Paolo_Manghi	1
2022-10-19.MetaCardis_2020_a.relative_abundance.M0x11MCx3341	MetaCardis_2020_a	M0x11MCx3341	stool	T2D	T2D	60	adult	female	FRA	no	IonProton	34880489	20849712	2974823235	Paolo_Manghi	1
2022-10-19.MetaCardis_2020_a.relative_abundance.M0x13MCx1149	MetaCardis_2020_a	M0x13MCx1149	stool	T2D	T2D	41	adult	male	FRA	no	IonProton	34880489	21672370	2824418788	Paolo_Manghi	1
2022-10-19.MetaCardis_2020_a.relative_abundance.M0x13MCx1175	MetaCardis_2020_a	M0x13MCx1175	stool	T2D	T2D	68	senior	male	FRA	no	IonProton	34880489	20971921	2881566810	Paolo_Manghi	1
2022-10-19.MetaCardis_2020_a.relative_abundance.M0x13MCx1179	MetaCardis_2020_a	M0x13MCx1179	stool	T2D	T2D	46	adult	female	FRA	no	IonProton	34880489	20511930	2830367615	Paolo_Manghi	1
2022-10-19.MetaCardis_2020_a.relative_abundance.M0x13MCx1231	MetaCardis_2020_a	M0x13MCx1231	stool	T2D	T2D	57	adult	male	FRA	no	IonProton	34880489	21746138	2797844616	Paolo_Manghi	1
2022-10-19.MetaCardis_2020_a.relative_abundance.M0x13MCx1299	MetaCardis_2020_a	M0x13MCx1299	stool	T2D	T2D	49	adult	male	FRA	no	IonProton	34880489	21167895	2925493160	Paolo_Manghi	1
2022-10-19.MetaCardis_2020_a.relative_abundance.M0x13MCx1398	MetaCardis_2020_a	M0x13MCx1398	stool	control	MS	58	adult	female	FRA	no	IonProton	34880489	20146783	2691389083	Paolo_Manghi	0
2022-10-19.MetaCardis_2020_a.relative_abundance.M0x13MCx1410	MetaCardis_2020_a	M0x13MCx1410	stool	T2D	T2D	46	adult	male	FRA	no	IonProton	34880489	21337558	3160384352	Paolo_Manghi	1
2022-10-19.MetaCardis_2020_a.relative_abundance.M0x13MCx1416	MetaCardis_2020_a	M0x13MCx1416	stool	control	MS	64	adult	male	FRA	no	IonProton	34880489	20718873	2781453439	Paolo_Manghi	0
2022-10-19.MetaCardis_2020_a.relative_abundance.M0x13MCx1419	MetaCardis_2020_a	M0x13MCx1419	stool	T2D	T2D	57	adult	male	FRA	no	IonProton	34880489	19384259	2532845286	Paolo_Manghi	1
2022-10-19.MetaCardis_2020_a.relative_abundance.M0x13MCx1558	MetaCardis_2020_a	M0x13MCx1558	stool	T2D	T2D	57	adult	male	FRA	no	IonProton	34880489	20896234	2677652030	Paolo_Manghi	1
2022-10-19.MetaCardis_2020_a.relative_abundance.M0x13MCx1567	MetaCardis_2020_a	M0x13MCx1567	stool	T2D	T2D	53	adult	male	FRA	no	IonProton	34880489	19663954	2753638421	Paolo_Manghi	1
2022-10-19.MetaCardis_2020_a.relative_abundance.M0x13MCx1598	MetaCardis_2020_a	M0x13MCx1598	stool	control	MS	49	adult	female	FRA	no	IonProton	34880489	20386306	2607766544	Paolo_Manghi	0
2022-10-19.MetaCardis_2020_a.relative_abundance.M0x13MCx1608	MetaCardis_2020_a	M0x13MCx1608	stool	T2D	T2D	75	senior	male	FRA	no	IonProton	34880489	15449599	2133462933	Paolo_Manghi	1
2022-10-19.MetaCardis_2020_a.relative_abundance.M0x13MCx1648	MetaCardis_2020_a	M0x13MCx1648	stool	control	MS	52	adult	male	FRA	no	IonProton	34880489	20243221	2503353298	Paolo_Manghi	0
2022-10-19.MetaCardis_2020_a.relative_abundance.M0x13MCx1783	MetaCardis_2020_a	M0x13MCx1783	stool	T2D	T2D	62	adult	female	FRA	no	IonProton	34880489	19290400	2598093500	Paolo_Manghi	1
2022-10-19.MetaCardis_2020_a.relative_abundance.M0x13MCx1789	MetaCardis_2020_a	M0x13MCx1789	stool	T2D	T2D	40	adult	female	FRA	no	IonProton	34880489	20348597	2833699931	Paolo_Manghi	1
2022-10-19.MetaCardis_2020_a.relative_abundance.M0x13MCx1818	MetaCardis_2020_a	M0x13MCx1818	stool	control	MS	56	adult	male	FRA	no	IonProton	34880489	22912713	3112839536	Paolo_Manghi	0
2022-10-19.MetaCardis_2020_a.relative_abundance.M0x13MCx1887	MetaCardis_2020_a	M0x13MCx1887	stool	T2D	T2D	64	adult	male	FRA	no	IonProton	34880489	20938789	2859696375	Paolo_Manghi	1
2022-10-19.MetaCardis_2020_a.relative_abundance.M0x13MCx2129	MetaCardis_2020_a	M0x13MCx2129	stool	T2D	T2D	53	adult	male	FRA	no	IonProton	34880489	21401456	3169931882	Paolo_Manghi	1
2022-10-19.MetaCardis_2020_a.relative_abundance.M0x13MCx2217	MetaCardis_2020_a	M0x13MCx2217	stool	control	MS	45	adult	female	FRA	no	IonProton	34880489	20088734	2987739632	Paolo_Manghi	0
2022-10-19.MetaCardis_2020_a.relative_abundance.M0x13MCx2223	MetaCardis_2020_a	M0x13MCx2223	stool	T2D	T2D	52	adult	female	FRA	no	IonProton	34880489	20488328	2763238099	Paolo_Manghi	1
2022-10-19.MetaCardis_2020_a.relative_abundance.M0x13MCx2232	MetaCardis_2020_a	M0x13MCx2232	stool	control	healthy	57	adult	male	FRA	no	IonProton	34880489	32673298	4443210257	Paolo_Manghi	0
2022-10-19.MetaCardis_2020_a.relative_abundance.M0x13MCx2240	MetaCardis_2020_a	M0x13MCx2240	stool	T2D	T2D	54	adult	male	FRA	no	IonProton	34880489	20074534	2659164721	Paolo_Manghi	1
2022-10-19.MetaCardis_2020_a.relative_abundance.M0x13MCx2331	MetaCardis_2020_a	M0x13MCx2331	stool	T2D	T2D	62	adult	female	FRA	no	IonProton	34880489	20516828	2887372413	Paolo_Manghi	1
2022-10-19.MetaCardis_2020_a.relative_abundance.M0x13MCx2575	MetaCardis_2020_a	M0x13MCx2575	stool	T2D	T2D	54	adult	male	FRA	no	IonProton	34880489	20954079	2821604222	Paolo_Manghi	1
2022-10-19.MetaCardis_2020_a.relative_abundance.M0x13MCx2582	MetaCardis_2020_a	M0x13MCx2582	stool	T2D	T2D	69	senior	male	FRA	no	IonProton	34880489	21010849	2996435284	Paolo_Manghi	1
2022-10-19.MetaCardis_2020_a.relative_abundance.M0x13MCx2616	MetaCardis_2020_a	M0x13MCx2616	stool	T2D	T2D	53	adult	female	FRA	no	IonProton	34880489	26776065	3490340122	Paolo_Manghi	1
2022-10-19.MetaCardis_2020_a.relative_abundance.M0x13MCx2620	MetaCardis_2020_a	M0x13MCx2620	stool	T2D	T2D	50	adult	male	FRA	no	IonProton	34880489	21555436	3140856057	Paolo_Manghi	1
2022-10-19.MetaCardis_2020_a.relative_abundance.M0x13MCx2646	MetaCardis_2020_a	M0x13MCx2646	stool	T2D	T2D	55	adult	female	FRA	no	IonProton	34880489	22822688	2759220593	Paolo_Manghi	1
2022-10-19.MetaCardis_2020_a.relative_abundance.M0x13MCx2660	MetaCardis_2020_a	M0x13MCx2660	stool	T2D	T2D	59	adult	female	FRA	no	IonProton	34880489	21800676	3032803322	Paolo_Manghi	1
2022-10-19.MetaCardis_2020_a.relative_abundance.M0x13MCx2694	MetaCardis_2020_a	M0x13MCx2694	stool	T2D	T2D	62	adult	male	FRA	no	IonProton	34880489	21359151	2804800170	Paolo_Manghi	1
2022-10-19.MetaCardis_2020_a.relative_abundance.M0x13MCx2980	MetaCardis_2020_a	M0x13MCx2980	stool	T2D	T2D	62	adult	male	FRA	no	IonProton	34880489	20372404	2963243629	Paolo_Manghi	1
2022-10-19.MetaCardis_2020_a.relative_abundance.M0x13MCx2992	MetaCardis_2020_a	M0x13MCx2992	stool	T2D	T2D	68	senior	female	FRA	no	IonProton	34880489	20218155	2850062279	Paolo_Manghi	1
2022-10-19.MetaCardis_2020_a.relative_abundance.M0x13MCx3080	MetaCardis_2020_a	M0x13MCx3080	stool	T2D	T2D	60	adult	female	FRA	no	IonProton	34880489	25044094	3587281769	Paolo_Manghi	1
2022-10-19.MetaCardis_2020_a.relative_abundance.M0x13MCx3179	MetaCardis_2020_a	M0x13MCx3179	stool	T2D	T2D	62	adult	female	FRA	no	IonProton	34880489	20458827	2800155660	Paolo_Manghi	1
2022-10-19.MetaCardis_2020_a.relative_abundance.M0x13MCx3255	MetaCardis_2020_a	M0x13MCx3255	stool	T2D	T2D	55	adult	male	FRA	no	IonProton	34880489	20537779	2951777675	Paolo_Manghi	1
2022-10-19.MetaCardis_2020_a.relative_abundance.M0x13MCx3274	MetaCardis_2020_a	M0x13MCx3274	stool	T2D	T2D	55	adult	male	FRA	no	IonProton	34880489	21320467	3158801224	Paolo_Manghi	1
2022-10-19.MetaCardis_2020_a.relative_abundance.M0x13MCx3307	MetaCardis_2020_a	M0x13MCx3307	stool	T2D	T2D	60	adult	female	FRA	no	IonProton	34880489	20736601	2934650702	Paolo_Manghi	1
2022-10-19.MetaCardis_2020_a.relative_abundance.M0x13MCx3351	MetaCardis_2020_a	M0x13MCx3351	stool	T2D	T2D	56	adult	female	FRA	no	IonProton	34880489	20236372	2783577153	Paolo_Manghi	1
2022-10-19.MetaCardis_2020_a.relative_abundance.M0x13MCx3356	MetaCardis_2020_a	M0x13MCx3356	stool	T2D	T2D	40	adult	female	FRA	no	IonProton	34880489	20905221	2836905068	Paolo_Manghi	1
2022-10-19.MetaCardis_2020_a.relative_abundance.M0x13MCx3399	MetaCardis_2020_a	M0x13MCx3399	stool	T2D	T2D	66	senior	male	FRA	no	IonProton	34880489	16756845	2563616643	Paolo_Manghi	1
2022-10-19.MetaCardis_2020_a.relative_abundance.M0x13MCx3413	MetaCardis_2020_a	M0x13MCx3413	stool	T2D	T2D	51	adult	male	FRA	no	IonProton	34880489	20508712	2905858475	Paolo_Manghi	1
2022-10-19.MetaCardis_2020_a.relative_abundance.M0x14MCx1118	MetaCardis_2020_a	M0x14MCx1118	stool	control	IGT	58	adult	female	FRA	no	IonProton	34880489	20076481	2667975726	Paolo_Manghi	0
2022-10-19.MetaCardis_2020_a.relative_abundance.M0x14MCx1158	MetaCardis_2020_a	M0x14MCx1158	stool	control	healthy	48	adult	female	FRA	no	IonProton	34880489	20021485	2919364872	Paolo_Manghi	0
2022-10-19.MetaCardis_2020_a.relative_abundance.M0x14MCx1182	MetaCardis_2020_a	M0x14MCx1182	stool	control	healthy	26	adult	male	FRA	no	IonProton	34880489	20588314	2992113012	Paolo_Manghi	0
2022-10-19.MetaCardis_2020_a.relative_abundance.M0x14MCx1190	MetaCardis_2020_a	M0x14MCx1190	stool	control	healthy	65	senior	female	FRA	no	IonProton	34880489	20261110	2904469384	Paolo_Manghi	0
2022-10-19.MetaCardis_2020_a.relative_abundance.M0x14MCx1209	MetaCardis_2020_a	M0x14MCx1209	stool	control	healthy	45	adult	male	FRA	no	IonProton	34880489	20857801	3022781508	Paolo_Manghi	0
2022-10-19.MetaCardis_2020_a.relative_abundance.M0x14MCx1227	MetaCardis_2020_a	M0x14MCx1227	stool	control	IGT	64	adult	male	FRA	no	IonProton	34880489	22186538	2898054863	Paolo_Manghi	0
2022-10-19.MetaCardis_2020_a.relative_abundance.M0x14MCx1249	MetaCardis_2020_a	M0x14MCx1249	stool	T2D	T2D	68	senior	female	FRA	no	IonProton	34880489	21479916	2919395676	Paolo_Manghi	1
2022-10-19.MetaCardis_2020_a.relative_abundance.M0x14MCx1302	MetaCardis_2020_a	M0x14MCx1302	stool	control	healthy	69	senior	female	FRA	no	IonProton	34880489	20805800	2910490042	Paolo_Manghi	0
2022-10-19.MetaCardis_2020_a.relative_abundance.M0x14MCx1313	MetaCardis_2020_a	M0x14MCx1313	stool	control	healthy	70	senior	female	FRA	no	IonProton	34880489	30214092	4556017589	Paolo_Manghi	0
2022-10-19.MetaCardis_2020_a.relative_abundance.M0x14MCx1338	MetaCardis_2020_a	M0x14MCx1338	stool	T2D	T2D	63	adult	male	FRA	no	IonProton	34880489	22651238	3038504542	Paolo_Manghi	1
2022-10-19.MetaCardis_2020_a.relative_abundance.M0x14MCx1363	MetaCardis_2020_a	M0x14MCx1363	stool	control	IGT	62	adult	male	FRA	no	IonProton	34880489	22411475	3232037968	Paolo_Manghi	0
2022-10-19.MetaCardis_2020_a.relative_abundance.M0x14MCx1397	MetaCardis_2020_a	M0x14MCx1397	stool	control	healthy	50	adult	female	FRA	no	IonProton	34880489	20128770	2904757554	Paolo_Manghi	0
2022-10-19.MetaCardis_2020_a.relative_abundance.M0x14MCx1399	MetaCardis_2020_a	M0x14MCx1399	stool	control	healthy	70	senior	male	FRA	no	IonProton	34880489	20090045	2881168084	Paolo_Manghi	0
2022-10-19.MetaCardis_2020_a.relative_abundance.M0x14MCx1407	MetaCardis_2020_a	M0x14MCx1407	stool	control	healthy	58	adult	female	FRA	no	IonProton	34880489	22326410	3027628373	Paolo_Manghi	0
2022-10-19.MetaCardis_2020_a.relative_abundance.M0x14MCx1409	MetaCardis_2020_a	M0x14MCx1409	stool	control	healthy	49	adult	male	FRA	no	IonProton	34880489	20159090	2495022285	Paolo_Manghi	0
2022-10-19.MetaCardis_2020_a.relative_abundance.M0x14MCx1485	MetaCardis_2020_a	M0x14MCx1485	stool	control	healthy	55	adult	male	FRA	no	IonProton	34880489	20289732	2963069312	Paolo_Manghi	0
2022-10-19.MetaCardis_2020_a.relative_abundance.M0x14MCx1540	MetaCardis_2020_a	M0x14MCx1540	stool	control	healthy	55	adult	female	FRA	no	IonProton	34880489	20258585	2933065837	Paolo_Manghi	0
2022-10-19.MetaCardis_2020_a.relative_abundance.M0x14MCx1549	MetaCardis_2020_a	M0x14MCx1549	stool	control	healthy	51	adult	female	FRA	no	IonProton	34880489	20102403	2506452908	Paolo_Manghi	0
2022-10-19.MetaCardis_2020_a.relative_abundance.M0x14MCx1551	MetaCardis_2020_a	M0x14MCx1551	stool	control	healthy	45	adult	male	FRA	no	IonProton	34880489	20754782	3022549753	Paolo_Manghi	0
2022-10-19.MetaCardis_2020_a.relative_abundance.M0x14MCx1578	MetaCardis_2020_a	M0x14MCx1578	stool	control	healthy	44	adult	female	FRA	no	IonProton	34880489	25415069	3360721359	Paolo_Manghi	0
2022-10-19.MetaCardis_2020_a.relative_abundance.M0x14MCx1583	MetaCardis_2020_a	M0x14MCx1583	stool	control	healthy	62	adult	male	FRA	no	IonProton	34880489	20224196	2919250276	Paolo_Manghi	0
2022-10-19.MetaCardis_2020_a.relative_abundance.M0x14MCx1612	MetaCardis_2020_a	M0x14MCx1612	stool	control	IGT	65	senior	female	FRA	no	IonProton	34880489	23545505	3125188168	Paolo_Manghi	0
2022-10-19.MetaCardis_2020_a.relative_abundance.M0x14MCx1616	MetaCardis_2020_a	M0x14MCx1616	stool	control	healthy	63	adult	female	FRA	no	IonProton	34880489	21052668	3171774018	Paolo_Manghi	0
2022-10-19.MetaCardis_2020_a.relative_abundance.M0x14MCx1621	MetaCardis_2020_a	M0x14MCx1621	stool	control	IGT	56	adult	female	FRA	no	IonProton	34880489	19905862	2861631569	Paolo_Manghi	0
2022-10-19.MetaCardis_2020_a.relative_abundance.M0x14MCx1706	MetaCardis_2020_a	M0x14MCx1706	stool	control	healthy	52	adult	female	FRA	no	IonProton	34880489	21222592	2882815491	Paolo_Manghi	0
2022-10-19.MetaCardis_2020_a.relative_abundance.M0x14MCx1724	MetaCardis_2020_a	M0x14MCx1724	stool	control	healthy	62	adult	male	FRA	no	IonProton	34880489	21254685	3059600488	Paolo_Manghi	0
2022-10-19.MetaCardis_2020_a.relative_abundance.M0x14MCx1739	MetaCardis_2020_a	M0x14MCx1739	stool	control	IGT	65	senior	female	FRA	no	IonProton	34880489	20141153	2908938088	Paolo_Manghi	0
2022-10-19.MetaCardis_2020_a.relative_abundance.M0x14MCx1747	MetaCardis_2020_a	M0x14MCx1747	stool	control	healthy	58	adult	female	FRA	no	IonProton	34880489	22059859	3185371892	Paolo_Manghi	0
2022-10-19.MetaCardis_2020_a.relative_abundance.M0x14MCx1768	MetaCardis_2020_a	M0x14MCx1768	stool	control	healthy	51	adult	female	FRA	no	IonProton	34880489	20609771	2982259135	Paolo_Manghi	0
2022-10-19.MetaCardis_2020_a.relative_abundance.M0x14MCx1775	MetaCardis_2020_a	M0x14MCx1775	stool	control	healthy	64	adult	male	FRA	no	IonProton	34880489	20213058	2919162154	Paolo_Manghi	0
2022-10-19.MetaCardis_2020_a.relative_abundance.M0x14MCx1798	MetaCardis_2020_a	M0x14MCx1798	stool	control	IGT	60	adult	female	FRA	no	IonProton	34880489	20065393	2988277308	Paolo_Manghi	0
2022-10-19.MetaCardis_2020_a.relative_abundance.M0x14MCx1861	MetaCardis_2020_a	M0x14MCx1861	stool	control	healthy	48	adult	male	FRA	no	IonProton	34880489	22127241	3067807461	Paolo_Manghi	0
2022-10-19.MetaCardis_2020_a.relative_abundance.M0x14MCx1910	MetaCardis_2020_a	M0x14MCx1910	stool	control	IGT	66	senior	male	FRA	no	IonProton	34880489	20216477	2903943854	Paolo_Manghi	0
2022-10-19.MetaCardis_2020_a.relative_abundance.M0x14MCx1914	MetaCardis_2020_a	M0x14MCx1914	stool	control	IGT	63	adult	male	FRA	no	IonProton	34880489	22180923	3218934237	Paolo_Manghi	0
2022-10-19.MetaCardis_2020_a.relative_abundance.M0x14MCx1916	MetaCardis_2020_a	M0x14MCx1916	stool	control	IGT	67	senior	male	FRA	no	IonProton	34880489	21946465	3004489760	Paolo_Manghi	0
2022-10-19.MetaCardis_2020_a.relative_abundance.M0x14MCx1929	MetaCardis_2020_a	M0x14MCx1929	stool	control	healthy	66	senior	male	FRA	no	IonProton	34880489	20267298	3053756163	Paolo_Manghi	0
2022-10-19.MetaCardis_2020_a.relative_abundance.M0x14MCx1940	MetaCardis_2020_a	M0x14MCx1940	stool	control	MS	69	senior	male	FRA	no	IonProton	34880489	28474283	4060849157	Paolo_Manghi	0
2022-10-19.MetaCardis_2020_a.relative_abundance.M0x14MCx1943	MetaCardis_2020_a	M0x14MCx1943	stool	control	healthy	54	adult	female	FRA	no	IonProton	34880489	21972830	2889989410	Paolo_Manghi	0
2022-10-19.MetaCardis_2020_a.relative_abundance.M0x14MCx1953	MetaCardis_2020_a	M0x14MCx1953	stool	control	healthy	58	adult	female	FRA	no	IonProton	34880489	21407767	2715453630	Paolo_Manghi	0
2022-10-19.MetaCardis_2020_a.relative_abundance.M0x14MCx1965	MetaCardis_2020_a	M0x14MCx1965	stool	control	healthy	29	adult	female	FRA	no	IonProton	34880489	20395228	2934046959	Paolo_Manghi	0
2022-10-19.MetaCardis_2020_a.relative_abundance.M0x14MCx1997	MetaCardis_2020_a	M0x14MCx1997	stool	control	healthy	70	senior	female	FRA	no	IonProton	34880489	20673043	3115649319	Paolo_Manghi	0
2022-10-19.MetaCardis_2020_a.relative_abundance.M0x14MCx2055	MetaCardis_2020_a	M0x14MCx2055	stool	control	IGT	61	adult	male	FRA	no	IonProton	34880489	20153941	2862930891	Paolo_Manghi	0
2022-10-19.MetaCardis_2020_a.relative_abundance.M0x14MCx2088	MetaCardis_2020_a	M0x14MCx2088	stool	control	healthy	56	adult	female	FRA	no	IonProton	34880489	21265713	3186068045	Paolo_Manghi	0
2022-10-19.MetaCardis_2020_a.relative_abundance.M0x14MCx2162	MetaCardis_2020_a	M0x14MCx2162	stool	control	healthy	69	senior	male	FRA	no	IonProton	34880489	21081037	2755384100	Paolo_Manghi	0
2022-10-19.MetaCardis_2020_a.relative_abundance.M0x14MCx2193	MetaCardis_2020_a	M0x14MCx2193	stool	control	healthy	52	adult	male	FRA	no	IonProton	34880489	20248125	2962413003	Paolo_Manghi	0
2022-10-19.MetaCardis_2020_a.relative_abundance.M0x14MCx2220	MetaCardis_2020_a	M0x14MCx2220	stool	control	IGT	70	senior	female	FRA	no	IonProton	34880489	21169220	3056516636	Paolo_Manghi	0
2022-10-19.MetaCardis_2020_a.relative_abundance.M0x14MCx2237	MetaCardis_2020_a	M0x14MCx2237	stool	control	IGT	47	adult	male	FRA	no	IonProton	34880489	23458340	3123817553	Paolo_Manghi	0
2022-10-19.MetaCardis_2020_a.relative_abundance.M0x14MCx2263	MetaCardis_2020_a	M0x14MCx2263	stool	control	healthy	66	senior	male	FRA	no	IonProton	34880489	20110863	2861776004	Paolo_Manghi	0
2022-10-19.MetaCardis_2020_a.relative_abundance.M0x14MCx2269	MetaCardis_2020_a	M0x14MCx2269	stool	control	healthy	63	adult	male	FRA	no	IonProton	34880489	20607099	2689003841	Paolo_Manghi	0
2022-10-19.MetaCardis_2020_a.relative_abundance.M0x14MCx2325	MetaCardis_2020_a	M0x14MCx2325	stool	control	IGT	38	adult	female	FRA	no	IonProton	34880489	22897745	3051071195	Paolo_Manghi	0
2022-10-19.MetaCardis_2020_a.relative_abundance.M0x14MCx2355	MetaCardis_2020_a	M0x14MCx2355	stool	control	healthy	24	adult	female	FRA	no	IonProton	34880489	25104251	3651410177	Paolo_Manghi	0
2022-10-19.MetaCardis_2020_a.relative_abundance.M0x14MCx2365	MetaCardis_2020_a	M0x14MCx2365	stool	control	IGT	56	adult	female	FRA	no	IonProton	34880489	20832555	2933431805	Paolo_Manghi	0
2022-10-19.MetaCardis_2020_a.relative_abundance.M0x14MCx2381	MetaCardis_2020_a	M0x14MCx2381	stool	control	healthy	42	adult	female	FRA	no	IonProton	34880489	21015127	2987810401	Paolo_Manghi	0
2022-10-19.MetaCardis_2020_a.relative_abundance.M0x14MCx2393	MetaCardis_2020_a	M0x14MCx2393	stool	control	healthy	63	adult	male	FRA	no	IonProton	34880489	20367728	2958414190	Paolo_Manghi	0
2022-10-19.MetaCardis_2020_a.relative_abundance.M0x14MCx2420	MetaCardis_2020_a	M0x14MCx2420	stool	control	healthy	34	adult	female	FRA	no	IonProton	34880489	24422949	3281484656	Paolo_Manghi	0
2022-10-19.MetaCardis_2020_a.relative_abundance.M0x14MCx2429	MetaCardis_2020_a	M0x14MCx2429	stool	control	healthy	42	adult	male	FRA	no	IonProton	34880489	23803240	3124817403	Paolo_Manghi	0
2022-10-19.MetaCardis_2020_a.relative_abundance.M0x14MCx2437	MetaCardis_2020_a	M0x14MCx2437	stool	control	healthy	60	adult	female	FRA	no	IonProton	34880489	20675873	2662114227	Paolo_Manghi	0
2022-10-19.MetaCardis_2020_a.relative_abundance.M0x14MCx2453	MetaCardis_2020_a	M0x14MCx2453	stool	control	healthy	46	adult	female	FRA	no	IonProton	34880489	21108914	2712049935	Paolo_Manghi	0
2022-10-19.MetaCardis_2020_a.relative_abundance.M0x14MCx2468	MetaCardis_2020_a	M0x14MCx2468	stool	control	healthy	62	adult	male	FRA	no	IonProton	34880489	21239476	3025630431	Paolo_Manghi	0
2022-10-19.MetaCardis_2020_a.relative_abundance.M0x14MCx2479	MetaCardis_2020_a	M0x14MCx2479	stool	control	healthy	46	adult	female	FRA	no	IonProton	34880489	20010895	2842385343	Paolo_Manghi	0
2022-10-19.MetaCardis_2020_a.relative_abundance.M0x14MCx2494	MetaCardis_2020_a	M0x14MCx2494	stool	control	IGT	64	adult	female	FRA	no	IonProton	34880489	21219536	3015278457	Paolo_Manghi	0
2022-10-19.MetaCardis_2020_a.relative_abundance.M0x14MCx2498	MetaCardis_2020_a	M0x14MCx2498	stool	control	healthy	54	adult	male	FRA	no	IonProton	34880489	20190378	2794815201	Paolo_Manghi	0
2022-10-19.MetaCardis_2020_a.relative_abundance.M0x14MCx2510	MetaCardis_2020_a	M0x14MCx2510	stool	control	healthy	64	adult	female	FRA	no	IonProton	34880489	20679371	2973772450	Paolo_Manghi	0
2022-10-19.MetaCardis_2020_a.relative_abundance.M0x14MCx2563	MetaCardis_2020_a	M0x14MCx2563	stool	control	IGT	26	adult	male	FRA	no	IonProton	34880489	21197331	2852231839	Paolo_Manghi	0
2022-10-19.MetaCardis_2020_a.relative_abundance.M0x14MCx2587	MetaCardis_2020_a	M0x14MCx2587	stool	control	healthy	61	adult	female	FRA	no	IonProton	34880489	19662225	2818860360	Paolo_Manghi	0
2022-10-19.MetaCardis_2020_a.relative_abundance.M0x14MCx2601	MetaCardis_2020_a	M0x14MCx2601	stool	control	healthy	64	adult	female	FRA	no	IonProton	34880489	20311272	2902528897	Paolo_Manghi	0
2022-10-19.MetaCardis_2020_a.relative_abundance.M0x14MCx2641	MetaCardis_2020_a	M0x14MCx2641	stool	control	healthy	29	adult	female	FRA	no	IonProton	34880489	20946427	3061250149	Paolo_Manghi	0
2022-10-19.MetaCardis_2020_a.relative_abundance.M0x14MCx2645	MetaCardis_2020_a	M0x14MCx2645	stool	control	IGT	61	adult	female	FRA	no	IonProton	34880489	20414000	2931938053	Paolo_Manghi	0
2022-10-19.MetaCardis_2020_a.relative_abundance.M0x14MCx2670	MetaCardis_2020_a	M0x14MCx2670	stool	control	IGT	69	senior	male	FRA	no	IonProton	34880489	20185195	2691335036	Paolo_Manghi	0
2022-10-19.MetaCardis_2020_a.relative_abundance.M0x14MCx2682	MetaCardis_2020_a	M0x14MCx2682	stool	control	healthy	39	adult	female	FRA	no	IonProton	34880489	21816556	3106246107	Paolo_Manghi	0
2022-10-19.MetaCardis_2020_a.relative_abundance.M0x14MCx2741	MetaCardis_2020_a	M0x14MCx2741	stool	control	healthy	38	adult	female	FRA	no	IonProton	34880489	20848050	2589149525	Paolo_Manghi	0
2022-10-19.MetaCardis_2020_a.relative_abundance.M0x14MCx2749	MetaCardis_2020_a	M0x14MCx2749	stool	control	healthy	54	adult	male	FRA	no	IonProton	34880489	21826251	2850452315	Paolo_Manghi	0
2022-10-19.MetaCardis_2020_a.relative_abundance.M0x14MCx2756	MetaCardis_2020_a	M0x14MCx2756	stool	control	healthy	32	adult	female	FRA	no	IonProton	34880489	20593060	2554761472	Paolo_Manghi	0
2022-10-19.MetaCardis_2020_a.relative_abundance.M0x14MCx2814	MetaCardis_2020_a	M0x14MCx2814	stool	control	healthy	50	adult	female	FRA	no	IonProton	34880489	20370646	2839907494	Paolo_Manghi	0
2022-10-19.MetaCardis_2020_a.relative_abundance.M0x14MCx2818	MetaCardis_2020_a	M0x14MCx2818	stool	control	healthy	55	adult	male	FRA	no	IonProton	34880489	22424551	2921842048	Paolo_Manghi	0
2022-10-19.MetaCardis_2020_a.relative_abundance.M0x14MCx2842	MetaCardis_2020_a	M0x14MCx2842	stool	control	healthy	60	adult	male	FRA	no	IonProton	34880489	20935145	2980164740	Paolo_Manghi	0
2022-10-19.MetaCardis_2020_a.relative_abundance.M0x14MCx2903	MetaCardis_2020_a	M0x14MCx2903	stool	control	IGT	54	adult	female	FRA	no	IonProton	34880489	20986946	3102190461	Paolo_Manghi	0
2022-10-19.MetaCardis_2020_a.relative_abundance.M0x14MCx2932	MetaCardis_2020_a	M0x14MCx2932	stool	control	healthy	49	adult	female	FRA	no	IonProton	34880489	20243173	2916135811	Paolo_Manghi	0
2022-10-19.MetaCardis_2020_a.relative_abundance.M0x14MCx2945	MetaCardis_2020_a	M0x14MCx2945	stool	control	healthy	67	senior	male	FRA	no	IonProton	34880489	21240088	3141641021	Paolo_Manghi	0
2022-10-19.MetaCardis_2020_a.relative_abundance.M0x14MCx2961	MetaCardis_2020_a	M0x14MCx2961	stool	control	IGT	64	adult	male	FRA	no	IonProton	34880489	20915076	3042487490	Paolo_Manghi	0
2022-10-19.MetaCardis_2020_a.relative_abundance.M0x14MCx2968	MetaCardis_2020_a	M0x14MCx2968	stool	control	IGT	70	senior	male	FRA	no	IonProton	34880489	21467413	2848610954	Paolo_Manghi	0
2022-10-19.MetaCardis_2020_a.relative_abundance.M0x14MCx2979	MetaCardis_2020_a	M0x14MCx2979	stool	control	healthy	66	senior	male	FRA	no	IonProton	34880489	20071554	2923849494	Paolo_Manghi	0
2022-10-19.MetaCardis_2020_a.relative_abundance.M0x14MCx2986	MetaCardis_2020_a	M0x14MCx2986	stool	control	IGT	58	adult	female	FRA	no	IonProton	34880489	20256158	2918218210	Paolo_Manghi	0
2022-10-19.MetaCardis_2020_a.relative_abundance.M0x14MCx2998	MetaCardis_2020_a	M0x14MCx2998	stool	control	healthy	42	adult	male	FRA	no	IonProton	34880489	20311636	2712921918	Paolo_Manghi	0
2022-10-19.MetaCardis_2020_a.relative_abundance.M0x14MCx3041	MetaCardis_2020_a	M0x14MCx3041	stool	control	IGT	66	senior	female	FRA	no	IonProton	34880489	20257207	2932497096	Paolo_Manghi	0
2022-10-19.MetaCardis_2020_a.relative_abundance.M0x14MCx3050	MetaCardis_2020_a	M0x14MCx3050	stool	control	healthy	62	adult	male	FRA	no	IonProton	34880489	22772191	2997369804	Paolo_Manghi	0
2022-10-19.MetaCardis_2020_a.relative_abundance.M0x14MCx3150	MetaCardis_2020_a	M0x14MCx3150	stool	control	healthy	22	adult	female	FRA	no	IonProton	34880489	20499151	2981584694	Paolo_Manghi	0
2022-10-19.MetaCardis_2020_a.relative_abundance.M0x14MCx3229	MetaCardis_2020_a	M0x14MCx3229	stool	control	healthy	44	adult	male	FRA	no	IonProton	34880489	21273393	2751336024	Paolo_Manghi	0
2022-10-19.MetaCardis_2020_a.relative_abundance.M0x14MCx3258	MetaCardis_2020_a	M0x14MCx3258	stool	control	healthy	55	adult	female	FRA	no	IonProton	34880489	22134605	2925073926	Paolo_Manghi	0
2022-10-19.MetaCardis_2020_a.relative_abundance.M0x14MCx3320	MetaCardis_2020_a	M0x14MCx3320	stool	control	IGT	66	senior	male	FRA	no	IonProton	34880489	24248462	3395701052	Paolo_Manghi	0
2022-10-19.MetaCardis_2020_a.relative_abundance.M0x14MCx3348	MetaCardis_2020_a	M0x14MCx3348	stool	control	healthy	63	adult	female	FRA	no	IonProton	34880489	25930069	3902868547	Paolo_Manghi	0
2022-10-19.MetaCardis_2020_a.relative_abundance.M0x14MCx3378	MetaCardis_2020_a	M0x14MCx3378	stool	control	healthy	57	adult	male	FRA	no	IonProton	34880489	20759211	2992913512	Paolo_Manghi	0
2022-10-19.MetaCardis_2020_a.relative_abundance.M0x14MCx3397	MetaCardis_2020_a	M0x14MCx3397	stool	control	healthy	36	adult	female	FRA	no	IonProton	34880489	20732147	3065957739	Paolo_Manghi	0
2022-10-19.MetaCardis_2020_a.relative_abundance.M0x14MCx3405	MetaCardis_2020_a	M0x14MCx3405	stool	control	healthy	53	adult	female	FRA	no	IonProton	34880489	21123838	3066359347	Paolo_Manghi	0
2022-10-19.MetaCardis_2020_a.relative_abundance.M0x14MCx3410	MetaCardis_2020_a	M0x14MCx3410	stool	control	healthy	53	adult	male	FRA	no	IonProton	34880489	20454918	2831134290	Paolo_Manghi	0
2022-10-19.MetaCardis_2020_a.relative_abundance.M0x20MCx1115	MetaCardis_2020_a	M0x20MCx1115	stool	control	healthy	44	adult	female	DEU	no	IonProton	34880489	20310563	2834487417	Paolo_Manghi	0
2022-10-19.MetaCardis_2020_a.relative_abundance.M0x20MCx1119	MetaCardis_2020_a	M0x20MCx1119	stool	control	MS	28	adult	female	DEU	no	IonProton	34880489	20736392	3111890821	Paolo_Manghi	0
2022-10-19.MetaCardis_2020_a.relative_abundance.M0x20MCx1120	MetaCardis_2020_a	M0x20MCx1120	stool	control	MS	44	adult	female	DEU	no	IonProton	34880489	20548869	3099755835	Paolo_Manghi	0
2022-10-19.MetaCardis_2020_a.relative_abundance.M0x20MCx1121	MetaCardis_2020_a	M0x20MCx1121	stool	control	MS	43	adult	female	DEU	no	IonProton	34880489	21958064	3253267041	Paolo_Manghi	0
2022-10-19.MetaCardis_2020_a.relative_abundance.M0x20MCx1122	MetaCardis_2020_a	M0x20MCx1122	stool	control	healthy	24	adult	female	DEU	no	IonProton	34880489	20162189	2883743224	Paolo_Manghi	0
2022-10-19.MetaCardis_2020_a.relative_abundance.M0x20MCx1123	MetaCardis_2020_a	M0x20MCx1123	stool	control	MS	42	adult	female	DEU	no	IonProton	34880489	23252674	3315396933	Paolo_Manghi	0
2022-10-19.MetaCardis_2020_a.relative_abundance.M0x20MCx1125	MetaCardis_2020_a	M0x20MCx1125	stool	control	IGT	69	senior	male	DEU	no	IonProton	34880489	22843502	3480032321	Paolo_Manghi	0
2022-10-19.MetaCardis_2020_a.relative_abundance.M0x20MCx1126	MetaCardis_2020_a	M0x20MCx1126	stool	control	MS	25	adult	female	DEU	no	IonProton	34880489	20200679	2915074578	Paolo_Manghi	0
2022-10-19.MetaCardis_2020_a.relative_abundance.M0x20MCx1127	MetaCardis_2020_a	M0x20MCx1127	stool	control	MS	33	adult	male	DEU	no	IonProton	34880489	21776442	2854890299	Paolo_Manghi	0
2022-10-19.MetaCardis_2020_a.relative_abundance.M0x20MCx1131	MetaCardis_2020_a	M0x20MCx1131	stool	T2D	T2D	66	senior	male	DEU	no	IonProton	34880489	20728053	3083393805	Paolo_Manghi	1
2022-10-19.MetaCardis_2020_a.relative_abundance.M0x20MCx1136	MetaCardis_2020_a	M0x20MCx1136	stool	T2D	T2D	68	senior	male	DEU	no	IonProton	34880489	35530875	4829662736	Paolo_Manghi	1
2022-10-19.MetaCardis_2020_a.relative_abundance.M0x20MCx1148	MetaCardis_2020_a	M0x20MCx1148	stool	control	MS	46	adult	female	DEU	no	IonProton	34880489	48573858	6396394150	Paolo_Manghi	0
2022-10-19.MetaCardis_2020_a.relative_abundance.M0x20MCx1152	MetaCardis_2020_a	M0x20MCx1152	stool	control	MS	32	adult	female	DEU	no	IonProton	34880489	20365819	2706407223	Paolo_Manghi	0
2022-10-19.MetaCardis_2020_a.relative_abundance.M0x20MCx1156	MetaCardis_2020_a	M0x20MCx1156	stool	T2D	T2D	65	senior	male	DEU	no	IonProton	34880489	20794374	2942047839	Paolo_Manghi	1
2022-10-19.MetaCardis_2020_a.relative_abundance.M0x20MCx1157	MetaCardis_2020_a	M0x20MCx1157	stool	T2D	T2D	75	senior	male	DEU	no	IonProton	34880489	20159105	3063029099	Paolo_Manghi	1
2022-10-19.MetaCardis_2020_a.relative_abundance.M0x20MCx1166	MetaCardis_2020_a	M0x20MCx1166	stool	control	MS	65	senior	female	DEU	no	IonProton	34880489	20583902	3183579552	Paolo_Manghi	0
2022-10-19.MetaCardis_2020_a.relative_abundance.M0x20MCx1167	MetaCardis_2020_a	M0x20MCx1167	stool	T2D	T2D	70	senior	male	DEU	no	IonProton	34880489	24244456	3378318578	Paolo_Manghi	1
2022-10-19.MetaCardis_2020_a.relative_abundance.M0x20MCx1168	MetaCardis_2020_a	M0x20MCx1168	stool	control	MS	40	adult	female	DEU	no	IonProton	34880489	21136330	3300408286	Paolo_Manghi	0
2022-10-19.MetaCardis_2020_a.relative_abundance.M0x20MCx1173	MetaCardis_2020_a	M0x20MCx1173	stool	T2D	T2D	71	senior	male	DEU	no	IonProton	34880489	20500477	3132117262	Paolo_Manghi	1
2022-10-19.MetaCardis_2020_a.relative_abundance.M0x20MCx1181	MetaCardis_2020_a	M0x20MCx1181	stool	control	healthy	37	adult	female	DEU	no	IonProton	34880489	20566537	3022432549	Paolo_Manghi	0
2022-10-19.MetaCardis_2020_a.relative_abundance.M0x20MCx1184	MetaCardis_2020_a	M0x20MCx1184	stool	control	healthy	50	adult	female	DEU	no	IonProton	34880489	22330209	3331075914	Paolo_Manghi	0
2022-10-19.MetaCardis_2020_a.relative_abundance.M0x20MCx1186	MetaCardis_2020_a	M0x20MCx1186	stool	T2D	T2D	54	adult	female	DEU	no	IonProton	34880489	20619265	2909208951	Paolo_Manghi	1
2022-10-19.MetaCardis_2020_a.relative_abundance.M0x20MCx1191	MetaCardis_2020_a	M0x20MCx1191	stool	control	MS	48	adult	female	DEU	no	IonProton	34880489	22384404	3323456259	Paolo_Manghi	0
2022-10-19.MetaCardis_2020_a.relative_abundance.M0x20MCx1192	MetaCardis_2020_a	M0x20MCx1192	stool	control	MS	50	adult	female	DEU	no	IonProton	34880489	22755129	3690576460	Paolo_Manghi	0
2022-10-19.MetaCardis_2020_a.relative_abundance.M0x20MCx1198	MetaCardis_2020_a	M0x20MCx1198	stool	T2D	T2D	65	senior	male	DEU	no	IonProton	34880489	20341302	2956364497	Paolo_Manghi	1
2022-10-19.MetaCardis_2020_a.relative_abundance.M0x20MCx1203	MetaCardis_2020_a	M0x20MCx1203	stool	control	healthy	26	adult	male	DEU	no	IonProton	34880489	21276950	3112406635	Paolo_Manghi	0
2022-10-19.MetaCardis_2020_a.relative_abundance.M0x20MCx1207	MetaCardis_2020_a	M0x20MCx1207	stool	T2D	T2D	69	senior	male	DEU	no	IonProton	34880489	20466200	3165260855	Paolo_Manghi	1
2022-10-19.MetaCardis_2020_a.relative_abundance.M0x20MCx1213	MetaCardis_2020_a	M0x20MCx1213	stool	control	MS	46	adult	female	DEU	no	IonProton	34880489	26512869	3613199576	Paolo_Manghi	0
2022-10-19.MetaCardis_2020_a.relative_abundance.M0x20MCx1221	MetaCardis_2020_a	M0x20MCx1221	stool	T2D	T2D	63	adult	male	DEU	no	IonProton	34880489	21465352	3031846312	Paolo_Manghi	1
2022-10-19.MetaCardis_2020_a.relative_abundance.M0x20MCx1222	MetaCardis_2020_a	M0x20MCx1222	stool	T2D	T2D	71	senior	male	DEU	no	IonProton	34880489	20435426	2848941204	Paolo_Manghi	1
2022-10-19.MetaCardis_2020_a.relative_abundance.M0x20MCx1223	MetaCardis_2020_a	M0x20MCx1223	stool	T2D	T2D	67	senior	female	DEU	no	IonProton	34880489	20786214	3258449887	Paolo_Manghi	1
2022-10-19.MetaCardis_2020_a.relative_abundance.M0x20MCx1224	MetaCardis_2020_a	M0x20MCx1224	stool	control	MS	49	adult	female	DEU	no	IonProton	34880489	20954434	3059231739	Paolo_Manghi	0
2022-10-19.MetaCardis_2020_a.relative_abundance.M0x20MCx1232	MetaCardis_2020_a	M0x20MCx1232	stool	T2D	T2D	68	senior	male	DEU	no	IonProton	34880489	26319185	3718910501	Paolo_Manghi	1
2022-10-19.MetaCardis_2020_a.relative_abundance.M0x20MCx1233	MetaCardis_2020_a	M0x20MCx1233	stool	control	MS	31	adult	female	DEU	no	IonProton	34880489	23188744	3168429965	Paolo_Manghi	0
2022-10-19.MetaCardis_2020_a.relative_abundance.M0x20MCx1239	MetaCardis_2020_a	M0x20MCx1239	stool	T2D	T2D	73	senior	male	DEU	no	IonProton	34880489	21997652	2991552572	Paolo_Manghi	1
2022-10-19.MetaCardis_2020_a.relative_abundance.M0x20MCx1241	MetaCardis_2020_a	M0x20MCx1241	stool	T2D	T2D	69	senior	male	DEU	no	IonProton	34880489	20588292	3092451677	Paolo_Manghi	1
2022-10-19.MetaCardis_2020_a.relative_abundance.M0x20MCx1252	MetaCardis_2020_a	M0x20MCx1252	stool	control	healthy	52	adult	male	DEU	no	IonProton	34880489	22149332	3220697534	Paolo_Manghi	0
2022-10-19.MetaCardis_2020_a.relative_abundance.M0x20MCx1255	MetaCardis_2020_a	M0x20MCx1255	stool	T2D	T2D	63	adult	female	DEU	no	IonProton	34880489	21350799	3120240515	Paolo_Manghi	1
2022-10-19.MetaCardis_2020_a.relative_abundance.M0x20MCx1257	MetaCardis_2020_a	M0x20MCx1257	stool	control	MS	37	adult	female	DEU	no	IonProton	34880489	20197501	3044762515	Paolo_Manghi	0
2022-10-19.MetaCardis_2020_a.relative_abundance.M0x20MCx1263	MetaCardis_2020_a	M0x20MCx1263	stool	control	healthy	50	adult	female	DEU	no	IonProton	34880489	20769676	3113766178	Paolo_Manghi	0
2022-10-19.MetaCardis_2020_a.relative_abundance.M0x20MCx1264	MetaCardis_2020_a	M0x20MCx1264	stool	control	healthy	54	adult	male	DEU	no	IonProton	34880489	20770664	3127318701	Paolo_Manghi	0
2022-10-19.MetaCardis_2020_a.relative_abundance.M0x20MCx1278	MetaCardis_2020_a	M0x20MCx1278	stool	control	healthy	69	senior	female	DEU	no	IonProton	34880489	21842305	3243268563	Paolo_Manghi	0
2022-10-19.MetaCardis_2020_a.relative_abundance.M0x20MCx1281	MetaCardis_2020_a	M0x20MCx1281	stool	control	MS	34	adult	female	DEU	no	IonProton	34880489	26458398	3678177540	Paolo_Manghi	0
2022-10-19.MetaCardis_2020_a.relative_abundance.M0x20MCx1286	MetaCardis_2020_a	M0x20MCx1286	stool	control	MS	53	adult	male	DEU	no	IonProton	34880489	20704271	2985160961	Paolo_Manghi	0
2022-10-19.MetaCardis_2020_a.relative_abundance.M0x20MCx1290	MetaCardis_2020_a	M0x20MCx1290	stool	T2D	T2D	63	adult	male	DEU	no	IonProton	34880489	21400276	3033062220	Paolo_Manghi	1
2022-10-19.MetaCardis_2020_a.relative_abundance.M0x20MCx1298	MetaCardis_2020_a	M0x20MCx1298	stool	T2D	T2D	71	senior	male	DEU	no	IonProton	34880489	21856793	3079139349	Paolo_Manghi	1
2022-10-19.MetaCardis_2020_a.relative_abundance.M0x20MCx1322	MetaCardis_2020_a	M0x20MCx1322	stool	control	MS	47	adult	female	DEU	no	IonProton	34880489	20957781	2734311271	Paolo_Manghi	0
2022-10-19.MetaCardis_2020_a.relative_abundance.M0x20MCx1324	MetaCardis_2020_a	M0x20MCx1324	stool	T2D	T2D	72	senior	male	DEU	no	IonProton	34880489	22186342	3147201596	Paolo_Manghi	1
2022-10-19.MetaCardis_2020_a.relative_abundance.M0x20MCx1325	MetaCardis_2020_a	M0x20MCx1325	stool	control	MS	57	adult	female	DEU	no	IonProton	34880489	20596754	2882163750	Paolo_Manghi	0
2022-10-19.MetaCardis_2020_a.relative_abundance.M0x20MCx1332	MetaCardis_2020_a	M0x20MCx1332	stool	control	healthy	74	senior	male	DEU	no	IonProton	34880489	20108016	3088455724	Paolo_Manghi	0
2022-10-19.MetaCardis_2020_a.relative_abundance.M0x20MCx1334	MetaCardis_2020_a	M0x20MCx1334	stool	T2D	T2D	67	adult	female	DEU	no	IonProton	34880489	21354577	2979439603	Paolo_Manghi	1
2022-10-19.MetaCardis_2020_a.relative_abundance.M0x20MCx1339	MetaCardis_2020_a	M0x20MCx1339	stool	T2D	T2D	69	senior	female	DEU	no	IonProton	34880489	20908649	3074663813	Paolo_Manghi	1
2022-10-19.MetaCardis_2020_a.relative_abundance.M0x20MCx1341	MetaCardis_2020_a	M0x20MCx1341	stool	control	MS	39	adult	male	DEU	no	IonProton	34880489	20961933	3121632104	Paolo_Manghi	0
2022-10-19.MetaCardis_2020_a.relative_abundance.M0x20MCx1345	MetaCardis_2020_a	M0x20MCx1345	stool	T2D	T2D	62	adult	female	DEU	no	IonProton	34880489	20701774	3007368171	Paolo_Manghi	1
2022-10-19.MetaCardis_2020_a.relative_abundance.M0x20MCx1351	MetaCardis_2020_a	M0x20MCx1351	stool	control	healthy	28	adult	female	DEU	no	IonProton	34880489	20812625	3255315465	Paolo_Manghi	0
2022-10-19.MetaCardis_2020_a.relative_abundance.M0x20MCx1352	MetaCardis_2020_a	M0x20MCx1352	stool	T2D	T2D	69	senior	female	DEU	no	IonProton	34880489	20418922	2881772698	Paolo_Manghi	1
2022-10-19.MetaCardis_2020_a.relative_abundance.M0x20MCx1366	MetaCardis_2020_a	M0x20MCx1366	stool	control	healthy	37	adult	female	DEU	no	IonProton	34880489	20361168	2995095705	Paolo_Manghi	0
2022-10-19.MetaCardis_2020_a.relative_abundance.M0x20MCx1367	MetaCardis_2020_a	M0x20MCx1367	stool	T2D	T2D	49	adult	female	DEU	no	IonProton	34880489	20124466	2926913605	Paolo_Manghi	1
2022-10-19.MetaCardis_2020_a.relative_abundance.M0x20MCx1369	MetaCardis_2020_a	M0x20MCx1369	stool	T2D	T2D	64	adult	female	DEU	no	IonProton	34880489	30488179	4062524071	Paolo_Manghi	1
2022-10-19.MetaCardis_2020_a.relative_abundance.M0x20MCx1375	MetaCardis_2020_a	M0x20MCx1375	stool	T2D	T2D	53	adult	male	DEU	no	IonProton	34880489	20396605	3115962651	Paolo_Manghi	1
2022-10-19.MetaCardis_2020_a.relative_abundance.M0x20MCx1376	MetaCardis_2020_a	M0x20MCx1376	stool	control	MS	33	adult	female	DEU	no	IonProton	34880489	21173563	3006321760	Paolo_Manghi	0
2022-10-19.MetaCardis_2020_a.relative_abundance.M0x20MCx1382	MetaCardis_2020_a	M0x20MCx1382	stool	control	MS	35	adult	female	DEU	no	IonProton	34880489	20367170	2940284912	Paolo_Manghi	0
2022-10-19.MetaCardis_2020_a.relative_abundance.M0x20MCx1389	MetaCardis_2020_a	M0x20MCx1389	stool	control	MS	22	adult	male	DEU	no	IonProton	34880489	24941122	3465508579	Paolo_Manghi	0
2022-10-19.MetaCardis_2020_a.relative_abundance.M0x20MCx1393	MetaCardis_2020_a	M0x20MCx1393	stool	control	healthy	33	adult	male	DEU	no	IonProton	34880489	21141833	3172367721	Paolo_Manghi	0
2022-10-19.MetaCardis_2020_a.relative_abundance.M0x20MCx1403	MetaCardis_2020_a	M0x20MCx1403	stool	T2D	T2D	64	adult	male	DEU	no	IonProton	34880489	21931204	3127896185	Paolo_Manghi	1
2022-10-19.MetaCardis_2020_a.relative_abundance.M0x20MCx1408	MetaCardis_2020_a	M0x20MCx1408	stool	T2D	T2D	64	adult	female	DEU	no	IonProton	34880489	20042420	2827276964	Paolo_Manghi	1
2022-10-19.MetaCardis_2020_a.relative_abundance.M0x20MCx1421	MetaCardis_2020_a	M0x20MCx1421	stool	T2D	T2D	70	senior	female	DEU	no	IonProton	34880489	20231594	2933787868	Paolo_Manghi	1
2022-10-19.MetaCardis_2020_a.relative_abundance.M0x20MCx1422	MetaCardis_2020_a	M0x20MCx1422	stool	T2D	T2D	62	adult	male	DEU	no	IonProton	34880489	17659329	2378803501	Paolo_Manghi	1
2022-10-19.MetaCardis_2020_a.relative_abundance.M0x20MCx1424	MetaCardis_2020_a	M0x20MCx1424	stool	control	healthy	41	adult	female	DEU	no	IonProton	34880489	19989442	2965206582	Paolo_Manghi	0
2022-10-19.MetaCardis_2020_a.relative_abundance.M0x20MCx1432	MetaCardis_2020_a	M0x20MCx1432	stool	T2D	T2D	70	senior	female	DEU	no	IonProton	34880489	21101279	3162388751	Paolo_Manghi	1
2022-10-19.MetaCardis_2020_a.relative_abundance.M0x20MCx1434	MetaCardis_2020_a	M0x20MCx1434	stool	T2D	T2D	64	adult	female	DEU	no	IonProton	34880489	21257232	2974116487	Paolo_Manghi	1
2022-10-19.MetaCardis_2020_a.relative_abundance.M0x20MCx1435	MetaCardis_2020_a	M0x20MCx1435	stool	control	MS	25	adult	female	DEU	no	IonProton	34880489	20494715	3040767743	Paolo_Manghi	0
2022-10-19.MetaCardis_2020_a.relative_abundance.M0x20MCx1438	MetaCardis_2020_a	M0x20MCx1438	stool	T2D	T2D	61	adult	male	DEU	no	IonProton	34880489	24057003	3512293362	Paolo_Manghi	1
2022-10-19.MetaCardis_2020_a.relative_abundance.M0x20MCx1443	MetaCardis_2020_a	M0x20MCx1443	stool	control	MS	58	adult	male	DEU	no	IonProton	34880489	21426742	2949471466	Paolo_Manghi	0
2022-10-19.MetaCardis_2020_a.relative_abundance.M0x20MCx1455	MetaCardis_2020_a	M0x20MCx1455	stool	T2D	T2D	65	senior	male	DEU	no	IonProton	34880489	20779231	3003773297	Paolo_Manghi	1
2022-10-19.MetaCardis_2020_a.relative_abundance.M0x20MCx1459	MetaCardis_2020_a	M0x20MCx1459	stool	control	MS	56	adult	male	DEU	no	IonProton	34880489	20680361	2935287251	Paolo_Manghi	0
2022-10-19.MetaCardis_2020_a.relative_abundance.M0x20MCx1464	MetaCardis_2020_a	M0x20MCx1464	stool	T2D	T2D	63	adult	male	DEU	no	IonProton	34880489	21834894	3153829413	Paolo_Manghi	1
2022-10-19.MetaCardis_2020_a.relative_abundance.M0x20MCx1469	MetaCardis_2020_a	M0x20MCx1469	stool	control	healthy	47	adult	female	DEU	no	IonProton	34880489	20809142	2990314829	Paolo_Manghi	0
2022-10-19.MetaCardis_2020_a.relative_abundance.M0x20MCx1470	MetaCardis_2020_a	M0x20MCx1470	stool	control	MS	26	adult	female	DEU	no	IonProton	34880489	20608881	2915092070	Paolo_Manghi	0
2022-10-19.MetaCardis_2020_a.relative_abundance.M0x20MCx1478	MetaCardis_2020_a	M0x20MCx1478	stool	control	healthy	59	adult	female	DEU	no	IonProton	34880489	22238621	3013556295	Paolo_Manghi	0
2022-10-19.MetaCardis_2020_a.relative_abundance.M0x20MCx1482	MetaCardis_2020_a	M0x20MCx1482	stool	control	MS	28	adult	female	DEU	no	IonProton	34880489	20858907	3003150890	Paolo_Manghi	0
2022-10-19.MetaCardis_2020_a.relative_abundance.M0x20MCx1487	MetaCardis_2020_a	M0x20MCx1487	stool	T2D	T2D	69	senior	male	DEU	no	IonProton	34880489	21060653	3073689663	Paolo_Manghi	1
2022-10-19.MetaCardis_2020_a.relative_abundance.M0x20MCx1489	MetaCardis_2020_a	M0x20MCx1489	stool	control	MS	49	adult	female	DEU	no	IonProton	34880489	20467177	3352303834	Paolo_Manghi	0
2022-10-19.MetaCardis_2020_a.relative_abundance.M0x20MCx1492	MetaCardis_2020_a	M0x20MCx1492	stool	control	healthy	65	senior	male	DEU	no	IonProton	34880489	20370537	3095466095	Paolo_Manghi	0
2022-10-19.MetaCardis_2020_a.relative_abundance.M0x20MCx1501	MetaCardis_2020_a	M0x20MCx1501	stool	T2D	T2D	66	senior	female	DEU	no	IonProton	34880489	20182917	2940546712	Paolo_Manghi	1
2022-10-19.MetaCardis_2020_a.relative_abundance.M0x20MCx1504	MetaCardis_2020_a	M0x20MCx1504	stool	control	MS	55	adult	male	DEU	no	IonProton	34880489	46361760	6399634222	Paolo_Manghi	0
2022-10-19.MetaCardis_2020_a.relative_abundance.M0x20MCx1507	MetaCardis_2020_a	M0x20MCx1507	stool	control	MS	62	adult	female	DEU	no	IonProton	34880489	20258756	2848442384	Paolo_Manghi	0
2022-10-19.MetaCardis_2020_a.relative_abundance.M0x20MCx1511	MetaCardis_2020_a	M0x20MCx1511	stool	control	MS	35	adult	female	DEU	no	IonProton	34880489	16242243	2370190145	Paolo_Manghi	0
2022-10-19.MetaCardis_2020_a.relative_abundance.M0x20MCx1512	MetaCardis_2020_a	M0x20MCx1512	stool	T2D	T2D	63	adult	male	DEU	no	IonProton	34880489	20193022	2936714955	Paolo_Manghi	1
2022-10-19.MetaCardis_2020_a.relative_abundance.M0x20MCx1514	MetaCardis_2020_a	M0x20MCx1514	stool	control	MS	43	adult	male	DEU	no	IonProton	34880489	20899645	2978097784	Paolo_Manghi	0
2022-10-19.MetaCardis_2020_a.relative_abundance.M0x20MCx1538	MetaCardis_2020_a	M0x20MCx1538	stool	control	MS	54	adult	female	DEU	no	IonProton	34880489	23884351	3292765609	Paolo_Manghi	0
2022-10-19.MetaCardis_2020_a.relative_abundance.M0x20MCx1559	MetaCardis_2020_a	M0x20MCx1559	stool	control	healthy	73	senior	female	DEU	no	IonProton	34880489	20419491	2947491577	Paolo_Manghi	0
2022-10-19.MetaCardis_2020_a.relative_abundance.M0x20MCx1562	MetaCardis_2020_a	M0x20MCx1562	stool	T2D	T2D	53	adult	male	DEU	no	IonProton	34880489	22149368	3121272687	Paolo_Manghi	1
2022-10-19.MetaCardis_2020_a.relative_abundance.M0x20MCx1565	MetaCardis_2020_a	M0x20MCx1565	stool	control	MS	65	senior	male	DEU	no	IonProton	34880489	21097917	2944887699	Paolo_Manghi	0
2022-10-19.MetaCardis_2020_a.relative_abundance.M0x20MCx1571	MetaCardis_2020_a	M0x20MCx1571	stool	control	MS	28	adult	female	DEU	no	IonProton	34880489	21402653	3262988446	Paolo_Manghi	0
2022-10-19.MetaCardis_2020_a.relative_abundance.M0x20MCx1572	MetaCardis_2020_a	M0x20MCx1572	stool	control	MS	51	adult	male	DEU	no	IonProton	34880489	20889203	2866399194	Paolo_Manghi	0
2022-10-19.MetaCardis_2020_a.relative_abundance.M0x20MCx1577	MetaCardis_2020_a	M0x20MCx1577	stool	control	MS	31	adult	female	DEU	no	IonProton	34880489	21059350	3509031173	Paolo_Manghi	0
2022-10-19.MetaCardis_2020_a.relative_abundance.M0x20MCx1584	MetaCardis_2020_a	M0x20MCx1584	stool	T2D	T2D	35	adult	female	DEU	no	IonProton	34880489	20725693	2949821824	Paolo_Manghi	1
2022-10-19.MetaCardis_2020_a.relative_abundance.M0x20MCx1589	MetaCardis_2020_a	M0x20MCx1589	stool	T2D	T2D	74	senior	female	DEU	no	IonProton	34880489	20442709	2824740001	Paolo_Manghi	1
2022-10-19.MetaCardis_2020_a.relative_abundance.M0x20MCx1593	MetaCardis_2020_a	M0x20MCx1593	stool	T2D	T2D	65	adult	female	DEU	no	IonProton	34880489	20002588	2843838000	Paolo_Manghi	1
2022-10-19.MetaCardis_2020_a.relative_abundance.M0x20MCx1599	MetaCardis_2020_a	M0x20MCx1599	stool	control	MS	48	adult	female	DEU	no	IonProton	34880489	20145662	2817038110	Paolo_Manghi	0
2022-10-19.MetaCardis_2020_a.relative_abundance.M0x20MCx1613	MetaCardis_2020_a	M0x20MCx1613	stool	control	MS	45	adult	male	DEU	no	IonProton	34880489	20639883	2887220542	Paolo_Manghi	0
2022-10-19.MetaCardis_2020_a.relative_abundance.M0x20MCx1614	MetaCardis_2020_a	M0x20MCx1614	stool	control	MS	48	adult	female	DEU	no	IonProton	34880489	20884581	2917661213	Paolo_Manghi	0
2022-10-19.MetaCardis_2020_a.relative_abundance.M0x20MCx1615	MetaCardis_2020_a	M0x20MCx1615	stool	T2D	T2D	67	senior	male	DEU	no	IonProton	34880489	16374349	2462381047	Paolo_Manghi	1
2022-10-19.MetaCardis_2020_a.relative_abundance.M0x20MCx1617	MetaCardis_2020_a	M0x20MCx1617	stool	control	MS	63	adult	male	DEU	no	IonProton	34880489	14860081	2096088504	Paolo_Manghi	0
2022-10-19.MetaCardis_2020_a.relative_abundance.M0x20MCx1619	MetaCardis_2020_a	M0x20MCx1619	stool	T2D	T2D	57	adult	female	DEU	no	IonProton	34880489	20113976	2650583445	Paolo_Manghi	1
2022-10-19.MetaCardis_2020_a.relative_abundance.M0x20MCx1620	MetaCardis_2020_a	M0x20MCx1620	stool	control	MS	74	senior	male	DEU	no	IonProton	34880489	20439523	2998205093	Paolo_Manghi	0
2022-10-19.MetaCardis_2020_a.relative_abundance.M0x20MCx1622	MetaCardis_2020_a	M0x20MCx1622	stool	T2D	T2D	57	adult	female	DEU	no	IonProton	34880489	14399696	2109925877	Paolo_Manghi	1
2022-10-19.MetaCardis_2020_a.relative_abundance.M0x20MCx1629	MetaCardis_2020_a	M0x20MCx1629	stool	T2D	T2D	61	adult	male	DEU	no	IonProton	34880489	21267684	2978036649	Paolo_Manghi	1
2022-10-19.MetaCardis_2020_a.relative_abundance.M0x20MCx1631	MetaCardis_2020_a	M0x20MCx1631	stool	control	healthy	75	senior	female	DEU	no	IonProton	34880489	21044331	2989885849	Paolo_Manghi	0
2022-10-19.MetaCardis_2020_a.relative_abundance.M0x20MCx1634	MetaCardis_2020_a	M0x20MCx1634	stool	control	healthy	64	adult	female	DEU	no	IonProton	34880489	20015493	2731785888	Paolo_Manghi	0
2022-10-19.MetaCardis_2020_a.relative_abundance.M0x20MCx1641	MetaCardis_2020_a	M0x20MCx1641	stool	control	MS	23	adult	male	DEU	no	IonProton	34880489	20603142	2827300775	Paolo_Manghi	0
2022-10-19.MetaCardis_2020_a.relative_abundance.M0x20MCx1654	MetaCardis_2020_a	M0x20MCx1654	stool	T2D	T2D	47	adult	male	DEU	no	IonProton	34880489	15264128	2414129709	Paolo_Manghi	1
2022-10-19.MetaCardis_2020_a.relative_abundance.M0x20MCx1660	MetaCardis_2020_a	M0x20MCx1660	stool	T2D	T2D	68	senior	male	DEU	no	IonProton	34880489	26212114	3747074384	Paolo_Manghi	1
2022-10-19.MetaCardis_2020_a.relative_abundance.M0x20MCx1661	MetaCardis_2020_a	M0x20MCx1661	stool	T2D	T2D	57	adult	female	DEU	no	IonProton	34880489	18686638	2476724234	Paolo_Manghi	1
2022-10-19.MetaCardis_2020_a.relative_abundance.M0x20MCx1663	MetaCardis_2020_a	M0x20MCx1663	stool	control	MS	54	adult	female	DEU	no	IonProton	34880489	22896992	3082445333	Paolo_Manghi	0
2022-10-19.MetaCardis_2020_a.relative_abundance.M0x20MCx1665	MetaCardis_2020_a	M0x20MCx1665	stool	control	healthy	46	adult	female	DEU	no	IonProton	34880489	20086381	3024942626	Paolo_Manghi	0
2022-10-19.MetaCardis_2020_a.relative_abundance.M0x20MCx1670	MetaCardis_2020_a	M0x20MCx1670	stool	T2D	T2D	66	senior	male	DEU	no	IonProton	34880489	21343764	2878401034	Paolo_Manghi	1
2022-10-19.MetaCardis_2020_a.relative_abundance.M0x20MCx1671	MetaCardis_2020_a	M0x20MCx1671	stool	T2D	T2D	67	senior	male	DEU	no	IonProton	34880489	20061045	3020453197	Paolo_Manghi	1
2022-10-19.MetaCardis_2020_a.relative_abundance.M0x20MCx1673	MetaCardis_2020_a	M0x20MCx1673	stool	control	healthy	42	adult	male	DEU	no	IonProton	34880489	21107036	3009551286	Paolo_Manghi	0
2022-10-19.MetaCardis_2020_a.relative_abundance.M0x20MCx1684	MetaCardis_2020_a	M0x20MCx1684	stool	T2D	T2D	60	adult	female	DEU	no	IonProton	34880489	20410891	2868389736	Paolo_Manghi	1
2022-10-19.MetaCardis_2020_a.relative_abundance.M0x20MCx1689	MetaCardis_2020_a	M0x20MCx1689	stool	T2D	T2D	72	senior	male	DEU	no	IonProton	34880489	21785940	3186374348	Paolo_Manghi	1
2022-10-19.MetaCardis_2020_a.relative_abundance.M0x20MCx1695	MetaCardis_2020_a	M0x20MCx1695	stool	T2D	T2D	73	senior	male	DEU	no	IonProton	34880489	19992019	2678970304	Paolo_Manghi	1
2022-10-19.MetaCardis_2020_a.relative_abundance.M0x20MCx1697	MetaCardis_2020_a	M0x20MCx1697	stool	T2D	T2D	59	adult	male	DEU	no	IonProton	34880489	21156733	3082527208	Paolo_Manghi	1
2022-10-19.MetaCardis_2020_a.relative_abundance.M0x20MCx1703	MetaCardis_2020_a	M0x20MCx1703	stool	T2D	T2D	65	senior	female	DEU	no	IonProton	34880489	23697996	3344293515	Paolo_Manghi	1
2022-10-19.MetaCardis_2020_a.relative_abundance.M0x20MCx1704	MetaCardis_2020_a	M0x20MCx1704	stool	T2D	T2D	66	senior	male	DEU	no	IonProton	34880489	16161476	2326689292	Paolo_Manghi	1
2022-10-19.MetaCardis_2020_a.relative_abundance.M0x20MCx1708	MetaCardis_2020_a	M0x20MCx1708	stool	control	healthy	57	adult	female	DEU	no	IonProton	34880489	31282798	4303884729	Paolo_Manghi	0
2022-10-19.MetaCardis_2020_a.relative_abundance.M0x20MCx1715	MetaCardis_2020_a	M0x20MCx1715	stool	T2D	T2D	64	adult	female	DEU	no	IonProton	34880489	20916808	2916369503	Paolo_Manghi	1
2022-10-19.MetaCardis_2020_a.relative_abundance.M0x20MCx1716	MetaCardis_2020_a	M0x20MCx1716	stool	control	MS	50	adult	male	DEU	no	IonProton	34880489	21161571	2942219001	Paolo_Manghi	0
2022-10-19.MetaCardis_2020_a.relative_abundance.M0x20MCx1717	MetaCardis_2020_a	M0x20MCx1717	stool	control	healthy	59	adult	male	DEU	no	IonProton	34880489	20831879	2988664719	Paolo_Manghi	0
2022-10-19.MetaCardis_2020_a.relative_abundance.M0x20MCx1728	MetaCardis_2020_a	M0x20MCx1728	stool	T2D	T2D	47	adult	female	DEU	no	IonProton	34880489	15941541	2389170172	Paolo_Manghi	1
2022-10-19.MetaCardis_2020_a.relative_abundance.M0x20MCx1729	MetaCardis_2020_a	M0x20MCx1729	stool	control	MS	46	adult	female	DEU	no	IonProton	34880489	21430057	3076836673	Paolo_Manghi	0
2022-10-19.MetaCardis_2020_a.relative_abundance.M0x20MCx1732	MetaCardis_2020_a	M0x20MCx1732	stool	T2D	T2D	73	senior	male	DEU	no	IonProton	34880489	19976536	2795087771	Paolo_Manghi	1
2022-10-19.MetaCardis_2020_a.relative_abundance.M0x20MCx1733	MetaCardis_2020_a	M0x20MCx1733	stool	T2D	T2D	69	senior	female	DEU	no	IonProton	34880489	22776731	3119614225	Paolo_Manghi	1
2022-10-19.MetaCardis_2020_a.relative_abundance.M0x20MCx1734	MetaCardis_2020_a	M0x20MCx1734	stool	control	healthy	42	adult	female	DEU	no	IonProton	34880489	21042502	3042220106	Paolo_Manghi	0
2022-10-19.MetaCardis_2020_a.relative_abundance.M0x20MCx1735	MetaCardis_2020_a	M0x20MCx1735	stool	T2D	T2D	60	adult	female	DEU	no	IonProton	34880489	15429455	2293204122	Paolo_Manghi	1
2022-10-19.MetaCardis_2020_a.relative_abundance.M0x20MCx1740	MetaCardis_2020_a	M0x20MCx1740	stool	control	MS	43	adult	female	DEU	no	IonProton	34880489	19910920	3012387184	Paolo_Manghi	0
2022-10-19.MetaCardis_2020_a.relative_abundance.M0x20MCx1742	MetaCardis_2020_a	M0x20MCx1742	stool	control	MS	66	senior	female	DEU	no	IonProton	34880489	20993556	2986736157	Paolo_Manghi	0
2022-10-19.MetaCardis_2020_a.relative_abundance.M0x20MCx1753	MetaCardis_2020_a	M0x20MCx1753	stool	T2D	T2D	57	adult	male	DEU	no	IonProton	34880489	17814309	2516401232	Paolo_Manghi	1
2022-10-19.MetaCardis_2020_a.relative_abundance.M0x20MCx1756	MetaCardis_2020_a	M0x20MCx1756	stool	control	healthy	64	adult	female	DEU	no	IonProton	34880489	20789142	3232968947	Paolo_Manghi	0
2022-10-19.MetaCardis_2020_a.relative_abundance.M0x20MCx1763	MetaCardis_2020_a	M0x20MCx1763	stool	T2D	T2D	63	adult	female	DEU	no	IonProton	34880489	23658098	3075279356	Paolo_Manghi	1
2022-10-19.MetaCardis_2020_a.relative_abundance.M0x20MCx1766	MetaCardis_2020_a	M0x20MCx1766	stool	T2D	T2D	28	adult	female	DEU	no	IonProton	34880489	21669278	3311970115	Paolo_Manghi	1
2022-10-19.MetaCardis_2020_a.relative_abundance.M0x20MCx1770	MetaCardis_2020_a	M0x20MCx1770	stool	control	MS	54	adult	female	DEU	no	IonProton	34880489	20795136	2940222773	Paolo_Manghi	0
2022-10-19.MetaCardis_2020_a.relative_abundance.M0x20MCx1772	MetaCardis_2020_a	M0x20MCx1772	stool	T2D	T2D	59	adult	female	DEU	no	IonProton	34880489	22704648	3121510234	Paolo_Manghi	1
2022-10-19.MetaCardis_2020_a.relative_abundance.M0x20MCx1776	MetaCardis_2020_a	M0x20MCx1776	stool	control	MS	48	adult	male	DEU	no	IonProton	34880489	20365498	2957914959	Paolo_Manghi	0
2022-10-19.MetaCardis_2020_a.relative_abundance.M0x20MCx1777	MetaCardis_2020_a	M0x20MCx1777	stool	T2D	T2D	70	senior	male	DEU	no	IonProton	34880489	14332410	2077034792	Paolo_Manghi	1
2022-10-19.MetaCardis_2020_a.relative_abundance.M0x20MCx1780	MetaCardis_2020_a	M0x20MCx1780	stool	control	healthy	48	adult	female	DEU	no	IonProton	34880489	26466261	3533669200	Paolo_Manghi	0
2022-10-19.MetaCardis_2020_a.relative_abundance.M0x20MCx1790	MetaCardis_2020_a	M0x20MCx1790	stool	control	healthy	35	adult	male	DEU	no	IonProton	34880489	20012871	2958220332	Paolo_Manghi	0
2022-10-19.MetaCardis_2020_a.relative_abundance.M0x20MCx1804	MetaCardis_2020_a	M0x20MCx1804	stool	control	MS	49	adult	female	DEU	no	IonProton	34880489	20992910	2999471813	Paolo_Manghi	0
2022-10-19.MetaCardis_2020_a.relative_abundance.M0x20MCx1812	MetaCardis_2020_a	M0x20MCx1812	stool	T2D	T2D	63	adult	male	DEU	no	IonProton	34880489	15374062	2326962418	Paolo_Manghi	1
2022-10-19.MetaCardis_2020_a.relative_abundance.M0x20MCx1815	MetaCardis_2020_a	M0x20MCx1815	stool	control	MS	44	adult	male	DEU	no	IonProton	34880489	20618818	2828970112	Paolo_Manghi	0
2022-10-19.MetaCardis_2020_a.relative_abundance.M0x20MCx1819	MetaCardis_2020_a	M0x20MCx1819	stool	T2D	T2D	68	senior	female	DEU	no	IonProton	34880489	22956475	3464846661	Paolo_Manghi	1
2022-10-19.MetaCardis_2020_a.relative_abundance.M0x20MCx1820	MetaCardis_2020_a	M0x20MCx1820	stool	control	MS	31	adult	female	DEU	no	IonProton	34880489	20350710	2870937539	Paolo_Manghi	0
2022-10-19.MetaCardis_2020_a.relative_abundance.M0x20MCx1821	MetaCardis_2020_a	M0x20MCx1821	stool	T2D	T2D	64	adult	female	DEU	no	IonProton	34880489	21941824	3198778924	Paolo_Manghi	1
2022-10-19.MetaCardis_2020_a.relative_abundance.M0x20MCx1825	MetaCardis_2020_a	M0x20MCx1825	stool	T2D	T2D	62	adult	male	DEU	no	IonProton	34880489	11232120	1586703338	Paolo_Manghi	1
2022-10-19.MetaCardis_2020_a.relative_abundance.M0x20MCx1829	MetaCardis_2020_a	M0x20MCx1829	stool	control	MS	71	senior	female	DEU	no	IonProton	34880489	20222818	2909674257	Paolo_Manghi	0
2022-10-19.MetaCardis_2020_a.relative_abundance.M0x20MCx1834	MetaCardis_2020_a	M0x20MCx1834	stool	T2D	T2D	65	senior	female	DEU	no	IonProton	34880489	21748003	2998641890	Paolo_Manghi	1
2022-10-19.MetaCardis_2020_a.relative_abundance.M0x20MCx1837	MetaCardis_2020_a	M0x20MCx1837	stool	control	healthy	43	adult	female	DEU	no	IonProton	34880489	21765630	2670934873	Paolo_Manghi	0
2022-10-19.MetaCardis_2020_a.relative_abundance.M0x20MCx1845	MetaCardis_2020_a	M0x20MCx1845	stool	control	MS	43	adult	female	DEU	no	IonProton	34880489	20975867	3014586632	Paolo_Manghi	0
2022-10-19.MetaCardis_2020_a.relative_abundance.M0x20MCx1848	MetaCardis_2020_a	M0x20MCx1848	stool	T2D	T2D	71	senior	male	DEU	no	IonProton	34880489	15643423	2270687376	Paolo_Manghi	1
2022-10-19.MetaCardis_2020_a.relative_abundance.M0x20MCx1854	MetaCardis_2020_a	M0x20MCx1854	stool	control	healthy	32	adult	female	DEU	no	IonProton	34880489	20291395	2831603834	Paolo_Manghi	0
2022-10-19.MetaCardis_2020_a.relative_abundance.M0x20MCx1866	MetaCardis_2020_a	M0x20MCx1866	stool	T2D	T2D	67	senior	female	DEU	no	IonProton	34880489	21014033	3102775351	Paolo_Manghi	1
2022-10-19.MetaCardis_2020_a.relative_abundance.M0x20MCx1868	MetaCardis_2020_a	M0x20MCx1868	stool	control	IGT	50	adult	female	DEU	no	IonProton	34880489	20291062	2847198153	Paolo_Manghi	0
2022-10-19.MetaCardis_2020_a.relative_abundance.M0x20MCx1870	MetaCardis_2020_a	M0x20MCx1870	stool	T2D	T2D	70	senior	female	DEU	no	IonProton	34880489	20357521	2766462272	Paolo_Manghi	1
2022-10-19.MetaCardis_2020_a.relative_abundance.M0x20MCx1871	MetaCardis_2020_a	M0x20MCx1871	stool	control	healthy	34	adult	male	DEU	no	IonProton	34880489	21623279	3187564023	Paolo_Manghi	0
2022-10-19.MetaCardis_2020_a.relative_abundance.M0x20MCx1884	MetaCardis_2020_a	M0x20MCx1884	stool	T2D	T2D	64	adult	female	DEU	no	IonProton	34880489	20162913	2901812483	Paolo_Manghi	1
2022-10-19.MetaCardis_2020_a.relative_abundance.M0x20MCx1889	MetaCardis_2020_a	M0x20MCx1889	stool	T2D	T2D	67	senior	male	DEU	no	IonProton	34880489	15715694	2143851048	Paolo_Manghi	1
2022-10-19.MetaCardis_2020_a.relative_abundance.M0x20MCx1897	MetaCardis_2020_a	M0x20MCx1897	stool	control	MS	35	adult	female	DEU	no	IonProton	34880489	21208304	2858095012	Paolo_Manghi	0
2022-10-19.MetaCardis_2020_a.relative_abundance.M0x20MCx1898	MetaCardis_2020_a	M0x20MCx1898	stool	T2D	T2D	61	adult	male	DEU	no	IonProton	34880489	11827363	1778691744	Paolo_Manghi	1
2022-10-19.MetaCardis_2020_a.relative_abundance.M0x20MCx1899	MetaCardis_2020_a	M0x20MCx1899	stool	control	MS	68	senior	female	DEU	no	IonProton	34880489	21175354	3225883316	Paolo_Manghi	0
2022-10-19.MetaCardis_2020_a.relative_abundance.M0x20MCx1905	MetaCardis_2020_a	M0x20MCx1905	stool	control	MS	60	adult	female	DEU	no	IonProton	34880489	20554413	2944939863	Paolo_Manghi	0
2022-10-19.MetaCardis_2020_a.relative_abundance.M0x20MCx1912	MetaCardis_2020_a	M0x20MCx1912	stool	T2D	T2D	67	senior	female	DEU	no	IonProton	34880489	21255194	3027496465	Paolo_Manghi	1
2022-10-19.MetaCardis_2020_a.relative_abundance.M0x20MCx1920	MetaCardis_2020_a	M0x20MCx1920	stool	control	MS	34	adult	male	DEU	no	IonProton	34880489	20929252	2943808561	Paolo_Manghi	0
2022-10-19.MetaCardis_2020_a.relative_abundance.M0x20MCx1921	MetaCardis_2020_a	M0x20MCx1921	stool	control	MS	36	adult	female	DEU	no	IonProton	34880489	21064640	2977513198	Paolo_Manghi	0
2022-10-19.MetaCardis_2020_a.relative_abundance.M0x20MCx1925	MetaCardis_2020_a	M0x20MCx1925	stool	control	healthy	56	adult	female	DEU	no	IonProton	34880489	21594792	3108284606	Paolo_Manghi	0
2022-10-19.MetaCardis_2020_a.relative_abundance.M0x20MCx1941	MetaCardis_2020_a	M0x20MCx1941	stool	control	healthy	34	adult	female	DEU	no	IonProton	34880489	22769494	3220680485	Paolo_Manghi	0
2022-10-19.MetaCardis_2020_a.relative_abundance.M0x20MCx1948	MetaCardis_2020_a	M0x20MCx1948	stool	control	MS	22	adult	male	DEU	no	IonProton	34880489	21703034	3166728701	Paolo_Manghi	0
2022-10-19.MetaCardis_2020_a.relative_abundance.M0x20MCx1950	MetaCardis_2020_a	M0x20MCx1950	stool	T2D	T2D	57	adult	female	DEU	no	IonProton	34880489	18120396	2522852289	Paolo_Manghi	1
2022-10-19.MetaCardis_2020_a.relative_abundance.M0x20MCx1954	MetaCardis_2020_a	M0x20MCx1954	stool	T2D	T2D	61	adult	female	DEU	no	IonProton	34880489	18137276	2721489777	Paolo_Manghi	1
2022-10-19.MetaCardis_2020_a.relative_abundance.M0x20MCx1955	MetaCardis_2020_a	M0x20MCx1955	stool	control	MS	26	adult	female	DEU	no	IonProton	34880489	20261658	2769624298	Paolo_Manghi	0
2022-10-19.MetaCardis_2020_a.relative_abundance.M0x20MCx1959	MetaCardis_2020_a	M0x20MCx1959	stool	control	healthy	53	adult	female	DEU	no	IonProton	34880489	20488983	3050815341	Paolo_Manghi	0
2022-10-19.MetaCardis_2020_a.relative_abundance.M0x20MCx1961	MetaCardis_2020_a	M0x20MCx1961	stool	T2D	T2D	50	adult	male	DEU	no	IonProton	34880489	3012399	437207151	Paolo_Manghi	1
2022-10-19.MetaCardis_2020_a.relative_abundance.M0x20MCx1967	MetaCardis_2020_a	M0x20MCx1967	stool	T2D	T2D	72	senior	female	DEU	no	IonProton	34880489	23399175	3424146409	Paolo_Manghi	1
2022-10-19.MetaCardis_2020_a.relative_abundance.M0x20MCx1973	MetaCardis_2020_a	M0x20MCx1973	stool	control	MS	46	adult	male	DEU	no	IonProton	34880489	20080926	2951653105	Paolo_Manghi	0
2022-10-19.MetaCardis_2020_a.relative_abundance.M0x20MCx1974	MetaCardis_2020_a	M0x20MCx1974	stool	control	MS	53	adult	male	DEU	no	IonProton	34880489	20162859	2743554777	Paolo_Manghi	0
2022-10-19.MetaCardis_2020_a.relative_abundance.M0x20MCx1981	MetaCardis_2020_a	M0x20MCx1981	stool	T2D	T2D	52	adult	male	DEU	no	IonProton	34880489	19980255	2881406141	Paolo_Manghi	1
2022-10-19.MetaCardis_2020_a.relative_abundance.M0x20MCx1986	MetaCardis_2020_a	M0x20MCx1986	stool	control	healthy	51	adult	female	DEU	no	IonProton	34880489	20545852	2976226350	Paolo_Manghi	0
2022-10-19.MetaCardis_2020_a.relative_abundance.M0x20MCx1999	MetaCardis_2020_a	M0x20MCx1999	stool	control	MS	39	adult	female	DEU	no	IonProton	34880489	20824703	2983530256	Paolo_Manghi	0
2022-10-19.MetaCardis_2020_a.relative_abundance.M0x20MCx2000	MetaCardis_2020_a	M0x20MCx2000	stool	control	healthy	42	adult	female	DEU	no	IonProton	34880489	21776658	3253347417	Paolo_Manghi	0
2022-10-19.MetaCardis_2020_a.relative_abundance.M0x20MCx2001	MetaCardis_2020_a	M0x20MCx2001	stool	T2D	T2D	61	adult	female	DEU	no	IonProton	34880489	21378495	2927468171	Paolo_Manghi	1
2022-10-19.MetaCardis_2020_a.relative_abundance.M0x20MCx2006	MetaCardis_2020_a	M0x20MCx2006	stool	control	MS	56	adult	female	DEU	no	IonProton	34880489	41235591	5730687015	Paolo_Manghi	0
2022-10-19.MetaCardis_2020_a.relative_abundance.M0x20MCx2007	MetaCardis_2020_a	M0x20MCx2007	stool	T2D	T2D	68	senior	male	DEU	no	IonProton	34880489	22338951	2982317912	Paolo_Manghi	1
2022-10-19.MetaCardis_2020_a.relative_abundance.M0x20MCx2008	MetaCardis_2020_a	M0x20MCx2008	stool	control	MS	59	adult	female	DEU	no	IonProton	34880489	17334769	2500536877	Paolo_Manghi	0
2022-10-19.MetaCardis_2020_a.relative_abundance.M0x20MCx2010	MetaCardis_2020_a	M0x20MCx2010	stool	T2D	T2D	72	senior	male	DEU	no	IonProton	34880489	16142399	2365215069	Paolo_Manghi	1
2022-10-19.MetaCardis_2020_a.relative_abundance.M0x20MCx2016	MetaCardis_2020_a	M0x20MCx2016	stool	control	healthy	49	adult	female	DEU	no	IonProton	34880489	21533731	2951866127	Paolo_Manghi	0
2022-10-19.MetaCardis_2020_a.relative_abundance.M0x20MCx2017	MetaCardis_2020_a	M0x20MCx2017	stool	T2D	T2D	59	adult	male	DEU	no	IonProton	34880489	21209164	3015670108	Paolo_Manghi	1
2022-10-19.MetaCardis_2020_a.relative_abundance.M0x20MCx2019	MetaCardis_2020_a	M0x20MCx2019	stool	T2D	T2D	58	adult	male	DEU	no	IonProton	34880489	4413711	581980639	Paolo_Manghi	1
2022-10-19.MetaCardis_2020_a.relative_abundance.M0x20MCx2024	MetaCardis_2020_a	M0x20MCx2024	stool	control	healthy	60	adult	female	DEU	no	IonProton	34880489	19991543	3092363373	Paolo_Manghi	0
2022-10-19.MetaCardis_2020_a.relative_abundance.M0x20MCx2025	MetaCardis_2020_a	M0x20MCx2025	stool	T2D	T2D	66	senior	male	DEU	no	IonProton	34880489	20288348	2758318421	Paolo_Manghi	1
2022-10-19.MetaCardis_2020_a.relative_abundance.M0x20MCx2038	MetaCardis_2020_a	M0x20MCx2038	stool	T2D	T2D	76	senior	female	DEU	no	IonProton	34880489	23379071	3482559765	Paolo_Manghi	1
2022-10-19.MetaCardis_2020_a.relative_abundance.M0x20MCx2039	MetaCardis_2020_a	M0x20MCx2039	stool	control	healthy	71	senior	female	DEU	no	IonProton	34880489	20185872	3101850157	Paolo_Manghi	0
2022-10-19.MetaCardis_2020_a.relative_abundance.M0x20MCx2045	MetaCardis_2020_a	M0x20MCx2045	stool	T2D	T2D	68	senior	male	DEU	no	IonProton	34880489	18545135	2626770007	Paolo_Manghi	1
2022-10-19.MetaCardis_2020_a.relative_abundance.M0x20MCx2049	MetaCardis_2020_a	M0x20MCx2049	stool	control	MS	42	adult	female	DEU	no	IonProton	34880489	19984531	2751840676	Paolo_Manghi	0
2022-10-19.MetaCardis_2020_a.relative_abundance.M0x20MCx2057	MetaCardis_2020_a	M0x20MCx2057	stool	T2D	T2D	65	senior	male	DEU	no	IonProton	34880489	20648617	3028047538	Paolo_Manghi	1
2022-10-19.MetaCardis_2020_a.relative_abundance.M0x20MCx2063	MetaCardis_2020_a	M0x20MCx2063	stool	T2D	T2D	69	senior	male	DEU	no	IonProton	34880489	21717500	2970089175	Paolo_Manghi	1
2022-10-19.MetaCardis_2020_a.relative_abundance.M0x20MCx2067	MetaCardis_2020_a	M0x20MCx2067	stool	T2D	T2D	71	senior	female	DEU	no	IonProton	34880489	21139026	2916671324	Paolo_Manghi	1
2022-10-19.MetaCardis_2020_a.relative_abundance.M0x20MCx2078	MetaCardis_2020_a	M0x20MCx2078	stool	control	MS	50	adult	male	DEU	no	IonProton	34880489	15735322	2290459766	Paolo_Manghi	0
2022-10-19.MetaCardis_2020_a.relative_abundance.M0x20MCx2083	MetaCardis_2020_a	M0x20MCx2083	stool	T2D	T2D	74	senior	male	DEU	no	IonProton	34880489	20991151	3356543378	Paolo_Manghi	1
2022-10-19.MetaCardis_2020_a.relative_abundance.M0x20MCx2084	MetaCardis_2020_a	M0x20MCx2084	stool	control	MS	47	adult	male	DEU	no	IonProton	34880489	22644691	3214469564	Paolo_Manghi	0
2022-10-19.MetaCardis_2020_a.relative_abundance.M0x20MCx2085	MetaCardis_2020_a	M0x20MCx2085	stool	control	healthy	66	senior	female	DEU	no	IonProton	34880489	20543359	2940530790	Paolo_Manghi	0
2022-10-19.MetaCardis_2020_a.relative_abundance.M0x20MCx2086	MetaCardis_2020_a	M0x20MCx2086	stool	T2D	T2D	63	adult	male	DEU	no	IonProton	34880489	22521472	3280075208	Paolo_Manghi	1
2022-10-19.MetaCardis_2020_a.relative_abundance.M0x20MCx2087	MetaCardis_2020_a	M0x20MCx2087	stool	T2D	T2D	71	senior	male	DEU	no	IonProton	34880489	24888809	3553224502	Paolo_Manghi	1
2022-10-19.MetaCardis_2020_a.relative_abundance.M0x20MCx2091	MetaCardis_2020_a	M0x20MCx2091	stool	control	MS	25	adult	female	DEU	no	IonProton	34880489	22521685	3070982326	Paolo_Manghi	0
2022-10-19.MetaCardis_2020_a.relative_abundance.M0x20MCx2093	MetaCardis_2020_a	M0x20MCx2093	stool	T2D	T2D	75	senior	male	DEU	no	IonProton	34880489	21258155	2899354063	Paolo_Manghi	1
2022-10-19.MetaCardis_2020_a.relative_abundance.M0x20MCx2094	MetaCardis_2020_a	M0x20MCx2094	stool	control	MS	36	adult	male	DEU	no	IonProton	34880489	19947608	2689642192	Paolo_Manghi	0
2022-10-19.MetaCardis_2020_a.relative_abundance.M0x20MCx2103	MetaCardis_2020_a	M0x20MCx2103	stool	control	MS	63	adult	male	DEU	no	IonProton	34880489	24424663	3630844249	Paolo_Manghi	0
2022-10-19.MetaCardis_2020_a.relative_abundance.M0x20MCx2105	MetaCardis_2020_a	M0x20MCx2105	stool	T2D	T2D	56	adult	male	DEU	no	IonProton	34880489	13371024	1779364929	Paolo_Manghi	1
2022-10-19.MetaCardis_2020_a.relative_abundance.M0x20MCx2106	MetaCardis_2020_a	M0x20MCx2106	stool	T2D	T2D	26	adult	female	DEU	no	IonProton	34880489	10608590	1710939117	Paolo_Manghi	1
2022-10-19.MetaCardis_2020_a.relative_abundance.M0x20MCx2108	MetaCardis_2020_a	M0x20MCx2108	stool	T2D	T2D	57	adult	female	DEU	no	IonProton	34880489	20951239	3040466066	Paolo_Manghi	1
2022-10-19.MetaCardis_2020_a.relative_abundance.M0x20MCx2114	MetaCardis_2020_a	M0x20MCx2114	stool	control	healthy	34	adult	male	DEU	no	IonProton	34880489	21797280	3112221866	Paolo_Manghi	0
2022-10-19.MetaCardis_2020_a.relative_abundance.M0x20MCx2115	MetaCardis_2020_a	M0x20MCx2115	stool	T2D	T2D	65	senior	female	DEU	no	IonProton	34880489	21602431	3086959663	Paolo_Manghi	1
2022-10-19.MetaCardis_2020_a.relative_abundance.M0x20MCx2118	MetaCardis_2020_a	M0x20MCx2118	stool	control	healthy	20	adult	female	DEU	no	IonProton	34880489	20465156	2823670082	Paolo_Manghi	0
2022-10-19.MetaCardis_2020_a.relative_abundance.M0x20MCx2119	MetaCardis_2020_a	M0x20MCx2119	stool	control	healthy	52	adult	male	DEU	no	IonProton	34880489	20296034	2818451733	Paolo_Manghi	0
2022-10-19.MetaCardis_2020_a.relative_abundance.M0x20MCx2125	MetaCardis_2020_a	M0x20MCx2125	stool	control	MS	61	adult	female	DEU	no	IonProton	34880489	20598370	2734224446	Paolo_Manghi	0
2022-10-19.MetaCardis_2020_a.relative_abundance.M0x20MCx2133	MetaCardis_2020_a	M0x20MCx2133	stool	T2D	T2D	66	senior	female	DEU	no	IonProton	34880489	15926186	2425967723	Paolo_Manghi	1
2022-10-19.MetaCardis_2020_a.relative_abundance.M0x20MCx2135	MetaCardis_2020_a	M0x20MCx2135	stool	T2D	T2D	70	senior	male	DEU	no	IonProton	34880489	16674982	2365803622	Paolo_Manghi	1
2022-10-19.MetaCardis_2020_a.relative_abundance.M0x20MCx2141	MetaCardis_2020_a	M0x20MCx2141	stool	control	MS	60	adult	female	DEU	no	IonProton	34880489	22427342	3302772843	Paolo_Manghi	0
2022-10-19.MetaCardis_2020_a.relative_abundance.M0x20MCx2145	MetaCardis_2020_a	M0x20MCx2145	stool	T2D	T2D	68	senior	male	DEU	no	IonProton	34880489	7021422	1048364963	Paolo_Manghi	1
2022-10-19.MetaCardis_2020_a.relative_abundance.M0x20MCx2161	MetaCardis_2020_a	M0x20MCx2161	stool	control	MS	25	adult	female	DEU	no	IonProton	34880489	20655050	3067628268	Paolo_Manghi	0
2022-10-19.MetaCardis_2020_a.relative_abundance.M0x20MCx2167	MetaCardis_2020_a	M0x20MCx2167	stool	control	MS	42	adult	female	DEU	no	IonProton	34880489	20164926	3046066376	Paolo_Manghi	0
2022-10-19.MetaCardis_2020_a.relative_abundance.M0x20MCx2171	MetaCardis_2020_a	M0x20MCx2171	stool	T2D	T2D	68	senior	female	DEU	no	IonProton	34880489	17498006	2383908607	Paolo_Manghi	1
2022-10-19.MetaCardis_2020_a.relative_abundance.M0x20MCx2175	MetaCardis_2020_a	M0x20MCx2175	stool	control	MS	61	adult	female	DEU	no	IonProton	34880489	21878410	2921619868	Paolo_Manghi	0
2022-10-19.MetaCardis_2020_a.relative_abundance.M0x20MCx2186	MetaCardis_2020_a	M0x20MCx2186	stool	control	MS	55	adult	female	DEU	no	IonProton	34880489	20527460	3017179495	Paolo_Manghi	0
2022-10-19.MetaCardis_2020_a.relative_abundance.M0x20MCx2187	MetaCardis_2020_a	M0x20MCx2187	stool	T2D	T2D	54	adult	male	DEU	no	IonProton	34880489	13539606	1866937414	Paolo_Manghi	1
2022-10-19.MetaCardis_2020_a.relative_abundance.M0x20MCx2196	MetaCardis_2020_a	M0x20MCx2196	stool	control	MS	64	adult	female	DEU	no	IonProton	34880489	21322729	3101006586	Paolo_Manghi	0
2022-10-19.MetaCardis_2020_a.relative_abundance.M0x20MCx2199	MetaCardis_2020_a	M0x20MCx2199	stool	T2D	T2D	67	senior	male	DEU	no	IonProton	34880489	14613965	1986898006	Paolo_Manghi	1
2022-10-19.MetaCardis_2020_a.relative_abundance.M0x20MCx2210	MetaCardis_2020_a	M0x20MCx2210	stool	control	MS	35	adult	female	DEU	no	IonProton	34880489	22936630	3095730800	Paolo_Manghi	0
2022-10-19.MetaCardis_2020_a.relative_abundance.M0x20MCx2215	MetaCardis_2020_a	M0x20MCx2215	stool	control	MS	18	adult	female	DEU	no	IonProton	34880489	21501414	3157044809	Paolo_Manghi	0
2022-10-19.MetaCardis_2020_a.relative_abundance.M0x20MCx2216	MetaCardis_2020_a	M0x20MCx2216	stool	T2D	T2D	72	senior	male	DEU	no	IonProton	34880489	15794629	2306219656	Paolo_Manghi	1
2022-10-19.MetaCardis_2020_a.relative_abundance.M0x20MCx2221	MetaCardis_2020_a	M0x20MCx2221	stool	T2D	T2D	59	adult	male	DEU	no	IonProton	34880489	15986360	2459346678	Paolo_Manghi	1
2022-10-19.MetaCardis_2020_a.relative_abundance.M0x20MCx2225	MetaCardis_2020_a	M0x20MCx2225	stool	T2D	T2D	66	senior	male	DEU	no	IonProton	34880489	20742529	3032631354	Paolo_Manghi	1
2022-10-19.MetaCardis_2020_a.relative_abundance.M0x20MCx2230	MetaCardis_2020_a	M0x20MCx2230	stool	T2D	T2D	52	adult	female	DEU	no	IonProton	34880489	20909438	2956016352	Paolo_Manghi	1
2022-10-19.MetaCardis_2020_a.relative_abundance.M0x20MCx2231	MetaCardis_2020_a	M0x20MCx2231	stool	T2D	T2D	74	senior	male	DEU	no	IonProton	34880489	15042681	2034434446	Paolo_Manghi	1
2022-10-19.MetaCardis_2020_a.relative_abundance.M0x20MCx2233	MetaCardis_2020_a	M0x20MCx2233	stool	control	healthy	65	adult	female	DEU	no	IonProton	34880489	22052625	3357354636	Paolo_Manghi	0
2022-10-19.MetaCardis_2020_a.relative_abundance.M0x20MCx2234	MetaCardis_2020_a	M0x20MCx2234	stool	T2D	T2D	73	senior	male	DEU	no	IonProton	34880489	15333632	2315093007	Paolo_Manghi	1
2022-10-19.MetaCardis_2020_a.relative_abundance.M0x20MCx2235	MetaCardis_2020_a	M0x20MCx2235	stool	control	MS	28	adult	female	DEU	no	IonProton	34880489	20163179	2957537006	Paolo_Manghi	0
2022-10-19.MetaCardis_2020_a.relative_abundance.M0x20MCx2239	MetaCardis_2020_a	M0x20MCx2239	stool	control	MS	42	adult	female	DEU	no	IonProton	34880489	20515564	3049898212	Paolo_Manghi	0
2022-10-19.MetaCardis_2020_a.relative_abundance.M0x20MCx2242	MetaCardis_2020_a	M0x20MCx2242	stool	control	MS	63	adult	male	DEU	no	IonProton	34880489	17395218	2534864763	Paolo_Manghi	0
2022-10-19.MetaCardis_2020_a.relative_abundance.M0x20MCx2244	MetaCardis_2020_a	M0x20MCx2244	stool	control	MS	61	adult	male	DEU	no	IonProton	34880489	20042093	3026600833	Paolo_Manghi	0
2022-10-19.MetaCardis_2020_a.relative_abundance.M0x20MCx2245	MetaCardis_2020_a	M0x20MCx2245	stool	T2D	T2D	59	adult	male	DEU	no	IonProton	34880489	18984577	2583635204	Paolo_Manghi	1
2022-10-19.MetaCardis_2020_a.relative_abundance.M0x20MCx2247	MetaCardis_2020_a	M0x20MCx2247	stool	control	MS	47	adult	male	DEU	no	IonProton	34880489	20634327	2824565467	Paolo_Manghi	0
2022-10-19.MetaCardis_2020_a.relative_abundance.M0x20MCx2250	MetaCardis_2020_a	M0x20MCx2250	stool	T2D	T2D	59	adult	female	DEU	no	IonProton	34880489	14720316	2103956392	Paolo_Manghi	1
2022-10-19.MetaCardis_2020_a.relative_abundance.M0x20MCx2251	MetaCardis_2020_a	M0x20MCx2251	stool	control	IGT	39	adult	female	DEU	no	IonProton	34880489	21151004	3217338147	Paolo_Manghi	0
2022-10-19.MetaCardis_2020_a.relative_abundance.M0x20MCx2254	MetaCardis_2020_a	M0x20MCx2254	stool	T2D	T2D	59	adult	female	DEU	no	IonProton	34880489	16920303	2530026240	Paolo_Manghi	1
2022-10-19.MetaCardis_2020_a.relative_abundance.M0x20MCx2256	MetaCardis_2020_a	M0x20MCx2256	stool	control	MS	49	adult	female	DEU	no	IonProton	34880489	21340022	3090009683	Paolo_Manghi	0
2022-10-19.MetaCardis_2020_a.relative_abundance.M0x20MCx2260	MetaCardis_2020_a	M0x20MCx2260	stool	T2D	T2D	74	senior	female	DEU	no	IonProton	34880489	14272166	2207363866	Paolo_Manghi	1
2022-10-19.MetaCardis_2020_a.relative_abundance.M0x20MCx2265	MetaCardis_2020_a	M0x20MCx2265	stool	control	healthy	52	adult	female	DEU	no	IonProton	34880489	20598399	2891948705	Paolo_Manghi	0
2022-10-19.MetaCardis_2020_a.relative_abundance.M0x20MCx2274	MetaCardis_2020_a	M0x20MCx2274	stool	control	MS	48	adult	female	DEU	no	IonProton	34880489	20967604	2942162587	Paolo_Manghi	0
2022-10-19.MetaCardis_2020_a.relative_abundance.M0x20MCx2276	MetaCardis_2020_a	M0x20MCx2276	stool	control	MS	43	adult	female	DEU	no	IonProton	34880489	18717096	2583112414	Paolo_Manghi	0
2022-10-19.MetaCardis_2020_a.relative_abundance.M0x20MCx2283	MetaCardis_2020_a	M0x20MCx2283	stool	T2D	T2D	65	senior	female	DEU	no	IonProton	34880489	17280302	2321463463	Paolo_Manghi	1
2022-10-19.MetaCardis_2020_a.relative_abundance.M0x20MCx2288	MetaCardis_2020_a	M0x20MCx2288	stool	T2D	T2D	49	adult	male	DEU	no	IonProton	34880489	15413149	2309668639	Paolo_Manghi	1
2022-10-19.MetaCardis_2020_a.relative_abundance.M0x20MCx2289	MetaCardis_2020_a	M0x20MCx2289	stool	T2D	T2D	68	senior	male	DEU	no	IonProton	34880489	10685630	1461523145	Paolo_Manghi	1
2022-10-19.MetaCardis_2020_a.relative_abundance.M0x20MCx2299	MetaCardis_2020_a	M0x20MCx2299	stool	T2D	T2D	66	senior	female	DEU	no	IonProton	34880489	16802590	2321197840	Paolo_Manghi	1
2022-10-19.MetaCardis_2020_a.relative_abundance.M0x20MCx2304	MetaCardis_2020_a	M0x20MCx2304	stool	T2D	T2D	67	senior	male	DEU	no	IonProton	34880489	17172429	2490349587	Paolo_Manghi	1
2022-10-19.MetaCardis_2020_a.relative_abundance.M0x20MCx2307	MetaCardis_2020_a	M0x20MCx2307	stool	control	healthy	71	senior	female	DEU	no	IonProton	34880489	20554015	2927979258	Paolo_Manghi	0
2022-10-19.MetaCardis_2020_a.relative_abundance.M0x20MCx2309	MetaCardis_2020_a	M0x20MCx2309	stool	T2D	T2D	53	adult	male	DEU	no	IonProton	34880489	10597884	1505282568	Paolo_Manghi	1
2022-10-19.MetaCardis_2020_a.relative_abundance.M0x20MCx2310	MetaCardis_2020_a	M0x20MCx2310	stool	control	MS	52	adult	female	DEU	no	IonProton	34880489	21585412	3277371873	Paolo_Manghi	0
2022-10-19.MetaCardis_2020_a.relative_abundance.M0x20MCx2311	MetaCardis_2020_a	M0x20MCx2311	stool	control	MS	39	adult	male	DEU	no	IonProton	34880489	20549190	3181957515	Paolo_Manghi	0
2022-10-19.MetaCardis_2020_a.relative_abundance.M0x20MCx2322	MetaCardis_2020_a	M0x20MCx2322	stool	control	MS	58	adult	female	DEU	no	IonProton	34880489	23892948	3496814416	Paolo_Manghi	0
2022-10-19.MetaCardis_2020_a.relative_abundance.M0x20MCx2328	MetaCardis_2020_a	M0x20MCx2328	stool	control	healthy	23	adult	female	DEU	no	IonProton	34880489	20393883	3109666170	Paolo_Manghi	0
2022-10-19.MetaCardis_2020_a.relative_abundance.M0x20MCx2335	MetaCardis_2020_a	M0x20MCx2335	stool	T2D	T2D	71	senior	female	DEU	no	IonProton	34880489	17367750	2387166935	Paolo_Manghi	1
2022-10-19.MetaCardis_2020_a.relative_abundance.M0x20MCx2338	MetaCardis_2020_a	M0x20MCx2338	stool	control	MS	54	adult	female	DEU	no	IonProton	34880489	21472315	3248014922	Paolo_Manghi	0
2022-10-19.MetaCardis_2020_a.relative_abundance.M0x20MCx2343	MetaCardis_2020_a	M0x20MCx2343	stool	T2D	T2D	65	senior	female	DEU	no	IonProton	34880489	20744168	3228127176	Paolo_Manghi	1
2022-10-19.MetaCardis_2020_a.relative_abundance.M0x20MCx2344	MetaCardis_2020_a	M0x20MCx2344	stool	control	healthy	26	adult	female	DEU	no	IonProton	34880489	20308700	2842235029	Paolo_Manghi	0
2022-10-19.MetaCardis_2020_a.relative_abundance.M0x20MCx2345	MetaCardis_2020_a	M0x20MCx2345	stool	T2D	T2D	73	senior	female	DEU	no	IonProton	34880489	20039446	3047573837	Paolo_Manghi	1
2022-10-19.MetaCardis_2020_a.relative_abundance.M0x20MCx2348	MetaCardis_2020_a	M0x20MCx2348	stool	T2D	T2D	73	senior	female	DEU	no	IonProton	34880489	8791882	1269531706	Paolo_Manghi	1
2022-10-19.MetaCardis_2020_a.relative_abundance.M0x20MCx2350	MetaCardis_2020_a	M0x20MCx2350	stool	T2D	T2D	69	senior	male	DEU	no	IonProton	34880489	18254285	2547724552	Paolo_Manghi	1
2022-10-19.MetaCardis_2020_a.relative_abundance.M0x20MCx2351	MetaCardis_2020_a	M0x20MCx2351	stool	control	healthy	66	senior	female	DEU	no	IonProton	34880489	20311037	2798239932	Paolo_Manghi	0
2022-10-19.MetaCardis_2020_a.relative_abundance.M0x20MCx2362	MetaCardis_2020_a	M0x20MCx2362	stool	control	MS	48	adult	female	DEU	no	IonProton	34880489	21113591	2967439672	Paolo_Manghi	0
2022-10-19.MetaCardis_2020_a.relative_abundance.M0x20MCx2366	MetaCardis_2020_a	M0x20MCx2366	stool	control	MS	35	adult	female	DEU	no	IonProton	34880489	21785901	3238072634	Paolo_Manghi	0
2022-10-19.MetaCardis_2020_a.relative_abundance.M0x20MCx2372	MetaCardis_2020_a	M0x20MCx2372	stool	T2D	T2D	66	senior	male	DEU	no	IonProton	34880489	20336826	3033219321	Paolo_Manghi	1
2022-10-19.MetaCardis_2020_a.relative_abundance.M0x20MCx2373	MetaCardis_2020_a	M0x20MCx2373	stool	T2D	T2D	61	adult	male	DEU	no	IonProton	34880489	15038613	2172354627	Paolo_Manghi	1
2022-10-19.MetaCardis_2020_a.relative_abundance.M0x20MCx2377	MetaCardis_2020_a	M0x20MCx2377	stool	control	MS	32	adult	male	DEU	no	IonProton	34880489	22369977	3228834329	Paolo_Manghi	0
2022-10-19.MetaCardis_2020_a.relative_abundance.M0x20MCx2385	MetaCardis_2020_a	M0x20MCx2385	stool	control	MS	39	adult	female	DEU	no	IonProton	34880489	20083173	2687898244	Paolo_Manghi	0
2022-10-19.MetaCardis_2020_a.relative_abundance.M0x20MCx2395	MetaCardis_2020_a	M0x20MCx2395	stool	control	MS	37	adult	male	DEU	no	IonProton	34880489	20650209	2936282418	Paolo_Manghi	0
2022-10-19.MetaCardis_2020_a.relative_abundance.M0x20MCx2397	MetaCardis_2020_a	M0x20MCx2397	stool	control	MS	56	adult	female	DEU	no	IonProton	34880489	24464973	3236276959	Paolo_Manghi	0
2022-10-19.MetaCardis_2020_a.relative_abundance.M0x20MCx2400	MetaCardis_2020_a	M0x20MCx2400	stool	control	MS	26	adult	female	DEU	no	IonProton	34880489	23568596	3215711398	Paolo_Manghi	0
2022-10-19.MetaCardis_2020_a.relative_abundance.M0x20MCx2421	MetaCardis_2020_a	M0x20MCx2421	stool	T2D	T2D	73	senior	female	DEU	no	IonProton	34880489	12898376	1980454692	Paolo_Manghi	1
2022-10-19.MetaCardis_2020_a.relative_abundance.M0x20MCx2422	MetaCardis_2020_a	M0x20MCx2422	stool	T2D	T2D	62	adult	male	DEU	no	IonProton	34880489	21963122	3335331349	Paolo_Manghi	1
2022-10-19.MetaCardis_2020_a.relative_abundance.M0x20MCx2465	MetaCardis_2020_a	M0x20MCx2465	stool	control	healthy	69	senior	female	DEU	no	IonProton	34880489	20945720	3121819974	Paolo_Manghi	0
2022-10-19.MetaCardis_2020_a.relative_abundance.M0x20MCx2469	MetaCardis_2020_a	M0x20MCx2469	stool	control	MS	41	adult	female	DEU	no	IonProton	34880489	23117869	3046886693	Paolo_Manghi	0
2022-10-19.MetaCardis_2020_a.relative_abundance.M0x20MCx2475	MetaCardis_2020_a	M0x20MCx2475	stool	T2D	T2D	65	senior	male	DEU	no	IonProton	34880489	16246009	2283108740	Paolo_Manghi	1
2022-10-19.MetaCardis_2020_a.relative_abundance.M0x20MCx2477	MetaCardis_2020_a	M0x20MCx2477	stool	T2D	T2D	62	adult	male	DEU	no	IonProton	34880489	18748735	2787122993	Paolo_Manghi	1
2022-10-19.MetaCardis_2020_a.relative_abundance.M0x20MCx2483	MetaCardis_2020_a	M0x20MCx2483	stool	control	healthy	53	adult	female	DEU	no	IonProton	34880489	20288671	2908136438	Paolo_Manghi	0
2022-10-19.MetaCardis_2020_a.relative_abundance.M0x20MCx2484	MetaCardis_2020_a	M0x20MCx2484	stool	control	MS	51	adult	female	DEU	no	IonProton	34880489	10656480	1512893240	Paolo_Manghi	0
2022-10-19.MetaCardis_2020_a.relative_abundance.M0x20MCx2495	MetaCardis_2020_a	M0x20MCx2495	stool	T2D	T2D	60	adult	female	DEU	no	IonProton	34880489	14928412	2207232052	Paolo_Manghi	1
2022-10-19.MetaCardis_2020_a.relative_abundance.M0x20MCx2508	MetaCardis_2020_a	M0x20MCx2508	stool	control	MS	64	adult	female	DEU	no	IonProton	34880489	20352038	2994651255	Paolo_Manghi	0
2022-10-19.MetaCardis_2020_a.relative_abundance.M0x20MCx2509	MetaCardis_2020_a	M0x20MCx2509	stool	control	MS	57	adult	female	DEU	no	IonProton	34880489	21089951	3203378881	Paolo_Manghi	0
2022-10-19.MetaCardis_2020_a.relative_abundance.M0x20MCx2517	MetaCardis_2020_a	M0x20MCx2517	stool	T2D	T2D	71	senior	male	DEU	no	IonProton	34880489	15795948	2240787494	Paolo_Manghi	1
2022-10-19.MetaCardis_2020_a.relative_abundance.M0x20MCx2519	MetaCardis_2020_a	M0x20MCx2519	stool	T2D	T2D	66	senior	male	DEU	no	IonProton	34880489	20615834	2814525953	Paolo_Manghi	1
2022-10-19.MetaCardis_2020_a.relative_abundance.M0x20MCx2524	MetaCardis_2020_a	M0x20MCx2524	stool	control	MS	36	adult	male	DEU	no	IonProton	34880489	21158844	2999981212	Paolo_Manghi	0
2022-10-19.MetaCardis_2020_a.relative_abundance.M0x20MCx2533	MetaCardis_2020_a	M0x20MCx2533	stool	control	MS	39	adult	female	DEU	no	IonProton	34880489	22216325	3068820529	Paolo_Manghi	0
2022-10-19.MetaCardis_2020_a.relative_abundance.M0x20MCx2542	MetaCardis_2020_a	M0x20MCx2542	stool	control	healthy	46	adult	female	DEU	no	IonProton	34880489	20434293	3086980394	Paolo_Manghi	0
2022-10-19.MetaCardis_2020_a.relative_abundance.M0x20MCx2546	MetaCardis_2020_a	M0x20MCx2546	stool	T2D	T2D	59	adult	male	DEU	no	IonProton	34880489	19040312	2698488392	Paolo_Manghi	1
2022-10-19.MetaCardis_2020_a.relative_abundance.M0x20MCx2547	MetaCardis_2020_a	M0x20MCx2547	stool	control	MS	30	adult	female	DEU	no	IonProton	34880489	20469219	2813084544	Paolo_Manghi	0
2022-10-19.MetaCardis_2020_a.relative_abundance.M0x20MCx2553	MetaCardis_2020_a	M0x20MCx2553	stool	T2D	T2D	33	adult	female	DEU	no	IonProton	34880489	21528852	3095243410	Paolo_Manghi	1
2022-10-19.MetaCardis_2020_a.relative_abundance.M0x20MCx2556	MetaCardis_2020_a	M0x20MCx2556	stool	T2D	T2D	58	adult	female	DEU	no	IonProton	34880489	20162342	2999862315	Paolo_Manghi	1
2022-10-19.MetaCardis_2020_a.relative_abundance.M0x20MCx2557	MetaCardis_2020_a	M0x20MCx2557	stool	T2D	T2D	52	adult	female	DEU	no	IonProton	34880489	20121587	2959779148	Paolo_Manghi	1
2022-10-19.MetaCardis_2020_a.relative_abundance.M0x20MCx2559	MetaCardis_2020_a	M0x20MCx2559	stool	control	healthy	38	adult	female	DEU	no	IonProton	34880489	20561639	2880034092	Paolo_Manghi	0
2022-10-19.MetaCardis_2020_a.relative_abundance.M0x20MCx2571	MetaCardis_2020_a	M0x20MCx2571	stool	T2D	T2D	58	adult	male	DEU	no	IonProton	34880489	20286515	2794085091	Paolo_Manghi	1
2022-10-19.MetaCardis_2020_a.relative_abundance.M0x20MCx2581	MetaCardis_2020_a	M0x20MCx2581	stool	control	healthy	35	adult	female	DEU	no	IonProton	34880489	20958595	3127479590	Paolo_Manghi	0
2022-10-19.MetaCardis_2020_a.relative_abundance.M0x20MCx2591	MetaCardis_2020_a	M0x20MCx2591	stool	control	MS	31	adult	female	DEU	no	IonProton	34880489	20503118	3255274944	Paolo_Manghi	0
2022-10-19.MetaCardis_2020_a.relative_abundance.M0x20MCx2603	MetaCardis_2020_a	M0x20MCx2603	stool	T2D	T2D	60	adult	female	DEU	no	IonProton	34880489	15799217	2248474991	Paolo_Manghi	1
2022-10-19.MetaCardis_2020_a.relative_abundance.M0x20MCx2606	MetaCardis_2020_a	M0x20MCx2606	stool	T2D	T2D	49	adult	female	DEU	no	IonProton	34880489	20579915	3323129480	Paolo_Manghi	1
2022-10-19.MetaCardis_2020_a.relative_abundance.M0x20MCx2615	MetaCardis_2020_a	M0x20MCx2615	stool	control	MS	46	adult	female	DEU	no	IonProton	34880489	21705150	2872705187	Paolo_Manghi	0
2022-10-19.MetaCardis_2020_a.relative_abundance.M0x20MCx2617	MetaCardis_2020_a	M0x20MCx2617	stool	control	MS	34	adult	female	DEU	no	IonProton	34880489	23104873	3184017927	Paolo_Manghi	0
2022-10-19.MetaCardis_2020_a.relative_abundance.M0x20MCx2622	MetaCardis_2020_a	M0x20MCx2622	stool	control	MS	50	adult	female	DEU	no	IonProton	34880489	20979549	3046860346	Paolo_Manghi	0
2022-10-19.MetaCardis_2020_a.relative_abundance.M0x20MCx2623	MetaCardis_2020_a	M0x20MCx2623	stool	control	MS	58	adult	female	DEU	no	IonProton	34880489	20746186	2988348308	Paolo_Manghi	0
2022-10-19.MetaCardis_2020_a.relative_abundance.M0x20MCx2626	MetaCardis_2020_a	M0x20MCx2626	stool	T2D	T2D	66	adult	female	DEU	no	IonProton	34880489	23466479	3217761930	Paolo_Manghi	1
2022-10-19.MetaCardis_2020_a.relative_abundance.M0x20MCx2628	MetaCardis_2020_a	M0x20MCx2628	stool	control	healthy	50	adult	female	DEU	no	IonProton	34880489	20966681	3157188883	Paolo_Manghi	0
2022-10-19.MetaCardis_2020_a.relative_abundance.M0x20MCx2631	MetaCardis_2020_a	M0x20MCx2631	stool	control	healthy	75	senior	male	DEU	no	IonProton	34880489	20152035	3197914888	Paolo_Manghi	0
2022-10-19.MetaCardis_2020_a.relative_abundance.M0x20MCx2634	MetaCardis_2020_a	M0x20MCx2634	stool	control	healthy	32	adult	female	DEU	no	IonProton	34880489	20818230	2867556756	Paolo_Manghi	0
2022-10-19.MetaCardis_2020_a.relative_abundance.M0x20MCx2635	MetaCardis_2020_a	M0x20MCx2635	stool	control	MS	51	adult	female	DEU	no	IonProton	34880489	20230594	3079865887	Paolo_Manghi	0
2022-10-19.MetaCardis_2020_a.relative_abundance.M0x20MCx2642	MetaCardis_2020_a	M0x20MCx2642	stool	control	healthy	73	senior	female	DEU	no	IonProton	34880489	20220127	3008246211	Paolo_Manghi	0
2022-10-19.MetaCardis_2020_a.relative_abundance.M0x20MCx2650	MetaCardis_2020_a	M0x20MCx2650	stool	T2D	T2D	64	adult	female	DEU	no	IonProton	34880489	20284373	2815367535	Paolo_Manghi	1
2022-10-19.MetaCardis_2020_a.relative_abundance.M0x20MCx2652	MetaCardis_2020_a	M0x20MCx2652	stool	control	MS	44	adult	female	DEU	no	IonProton	34880489	21666796	3236669170	Paolo_Manghi	0
2022-10-19.MetaCardis_2020_a.relative_abundance.M0x20MCx2657	MetaCardis_2020_a	M0x20MCx2657	stool	control	MS	66	senior	male	DEU	no	IonProton	34880489	13885244	2139333341	Paolo_Manghi	0
2022-10-19.MetaCardis_2020_a.relative_abundance.M0x20MCx2659	MetaCardis_2020_a	M0x20MCx2659	stool	control	MS	39	adult	female	DEU	no	IonProton	34880489	20750013	3033031369	Paolo_Manghi	0
2022-10-19.MetaCardis_2020_a.relative_abundance.M0x20MCx2664	MetaCardis_2020_a	M0x20MCx2664	stool	control	MS	53	adult	female	DEU	no	IonProton	34880489	21416570	3004660675	Paolo_Manghi	0
2022-10-19.MetaCardis_2020_a.relative_abundance.M0x20MCx2669	MetaCardis_2020_a	M0x20MCx2669	stool	T2D	T2D	67	senior	male	DEU	no	IonProton	34880489	21607615	3177320719	Paolo_Manghi	1
2022-10-19.MetaCardis_2020_a.relative_abundance.M0x20MCx2673	MetaCardis_2020_a	M0x20MCx2673	stool	control	MS	62	adult	female	DEU	no	IonProton	34880489	14566617	2037727778	Paolo_Manghi	0
2022-10-19.MetaCardis_2020_a.relative_abundance.M0x20MCx2677	MetaCardis_2020_a	M0x20MCx2677	stool	control	healthy	50	adult	female	DEU	no	IonProton	34880489	21418413	3254627444	Paolo_Manghi	0
2022-10-19.MetaCardis_2020_a.relative_abundance.M0x20MCx2678	MetaCardis_2020_a	M0x20MCx2678	stool	control	MS	57	adult	female	DEU	no	IonProton	34880489	22177865	3096897715	Paolo_Manghi	0
2022-10-19.MetaCardis_2020_a.relative_abundance.M0x20MCx2687	MetaCardis_2020_a	M0x20MCx2687	stool	control	MS	27	adult	male	DEU	no	IonProton	34880489	22391454	3007458882	Paolo_Manghi	0
2022-10-19.MetaCardis_2020_a.relative_abundance.M0x20MCx2688	MetaCardis_2020_a	M0x20MCx2688	stool	control	MS	45	adult	male	DEU	no	IonProton	34880489	20551113	2571235347	Paolo_Manghi	0
2022-10-19.MetaCardis_2020_a.relative_abundance.M0x20MCx2696	MetaCardis_2020_a	M0x20MCx2696	stool	T2D	T2D	63	adult	male	DEU	no	IonProton	34880489	21306882	2920564889	Paolo_Manghi	1
2022-10-19.MetaCardis_2020_a.relative_abundance.M0x20MCx2697	MetaCardis_2020_a	M0x20MCx2697	stool	T2D	T2D	67	senior	female	DEU	no	IonProton	34880489	10200154	1469085162	Paolo_Manghi	1
2022-10-19.MetaCardis_2020_a.relative_abundance.M0x20MCx2702	MetaCardis_2020_a	M0x20MCx2702	stool	T2D	T2D	74	senior	male	DEU	no	IonProton	34880489	22795227	3285238799	Paolo_Manghi	1
2022-10-19.MetaCardis_2020_a.relative_abundance.M0x20MCx2711	MetaCardis_2020_a	M0x20MCx2711	stool	T2D	T2D	67	senior	female	DEU	no	IonProton	34880489	20699503	3135848531	Paolo_Manghi	1
2022-10-19.MetaCardis_2020_a.relative_abundance.M0x20MCx2712	MetaCardis_2020_a	M0x20MCx2712	stool	T2D	T2D	71	senior	male	DEU	no	IonProton	34880489	24315820	3728496551	Paolo_Manghi	1
2022-10-19.MetaCardis_2020_a.relative_abundance.M0x20MCx2716	MetaCardis_2020_a	M0x20MCx2716	stool	control	MS	61	adult	female	DEU	no	IonProton	34880489	20188030	2890521436	Paolo_Manghi	0
2022-10-19.MetaCardis_2020_a.relative_abundance.M0x20MCx2717	MetaCardis_2020_a	M0x20MCx2717	stool	control	healthy	62	adult	female	DEU	no	IonProton	34880489	20265460	2980136271	Paolo_Manghi	0
2022-10-19.MetaCardis_2020_a.relative_abundance.M0x20MCx2718	MetaCardis_2020_a	M0x20MCx2718	stool	T2D	T2D	57	adult	female	DEU	no	IonProton	34880489	20608075	2893816785	Paolo_Manghi	1
2022-10-19.MetaCardis_2020_a.relative_abundance.M0x20MCx2729	MetaCardis_2020_a	M0x20MCx2729	stool	T2D	T2D	61	adult	male	DEU	no	IonProton	34880489	21193351	2964338273	Paolo_Manghi	1
2022-10-19.MetaCardis_2020_a.relative_abundance.M0x20MCx2737	MetaCardis_2020_a	M0x20MCx2737	stool	control	MS	55	adult	male	DEU	no	IonProton	34880489	21778414	3194227031	Paolo_Manghi	0
2022-10-19.MetaCardis_2020_a.relative_abundance.M0x20MCx2742	MetaCardis_2020_a	M0x20MCx2742	stool	T2D	T2D	60	adult	male	DEU	no	IonProton	34880489	22656645	3074546717	Paolo_Manghi	1
2022-10-19.MetaCardis_2020_a.relative_abundance.M0x20MCx2745	MetaCardis_2020_a	M0x20MCx2745	stool	control	healthy	24	adult	female	DEU	no	IonProton	34880489	21483145	3248022695	Paolo_Manghi	0
2022-10-19.MetaCardis_2020_a.relative_abundance.M0x20MCx2759	MetaCardis_2020_a	M0x20MCx2759	stool	control	healthy	30	adult	male	DEU	no	IonProton	34880489	20589823	3101957279	Paolo_Manghi	0
2022-10-19.MetaCardis_2020_a.relative_abundance.M0x20MCx2761	MetaCardis_2020_a	M0x20MCx2761	stool	control	healthy	41	adult	female	DEU	no	IonProton	34880489	20649051	3001817265	Paolo_Manghi	0
2022-10-19.MetaCardis_2020_a.relative_abundance.M0x20MCx2764	MetaCardis_2020_a	M0x20MCx2764	stool	T2D	T2D	66	senior	female	DEU	no	IonProton	34880489	20519836	3138159464	Paolo_Manghi	1
2022-10-19.MetaCardis_2020_a.relative_abundance.M0x20MCx2773	MetaCardis_2020_a	M0x20MCx2773	stool	control	healthy	28	adult	female	DEU	no	IonProton	34880489	20746451	2830220333	Paolo_Manghi	0
2022-10-19.MetaCardis_2020_a.relative_abundance.M0x20MCx2784	MetaCardis_2020_a	M0x20MCx2784	stool	control	MS	44	adult	female	DEU	no	IonProton	34880489	21700416	3021483516	Paolo_Manghi	0
2022-10-19.MetaCardis_2020_a.relative_abundance.M0x20MCx2786	MetaCardis_2020_a	M0x20MCx2786	stool	control	MS	57	adult	male	DEU	no	IonProton	34880489	22312898	3448625545	Paolo_Manghi	0
2022-10-19.MetaCardis_2020_a.relative_abundance.M0x20MCx2787	MetaCardis_2020_a	M0x20MCx2787	stool	control	healthy	48	adult	female	DEU	no	IonProton	34880489	21026475	2961578852	Paolo_Manghi	0
2022-10-19.MetaCardis_2020_a.relative_abundance.M0x20MCx2793	MetaCardis_2020_a	M0x20MCx2793	stool	control	MS	29	adult	female	DEU	no	IonProton	34880489	12107949	1721172173	Paolo_Manghi	0
2022-10-19.MetaCardis_2020_a.relative_abundance.M0x20MCx2797	MetaCardis_2020_a	M0x20MCx2797	stool	control	MS	40	adult	female	DEU	no	IonProton	34880489	21031224	3020042352	Paolo_Manghi	0
2022-10-19.MetaCardis_2020_a.relative_abundance.M0x20MCx2802	MetaCardis_2020_a	M0x20MCx2802	stool	control	MS	26	adult	female	DEU	no	IonProton	34880489	20195587	3094271463	Paolo_Manghi	0
2022-10-19.MetaCardis_2020_a.relative_abundance.M0x20MCx2807	MetaCardis_2020_a	M0x20MCx2807	stool	control	MS	56	adult	female	DEU	no	IonProton	34880489	21047685	3161704670	Paolo_Manghi	0
2022-10-19.MetaCardis_2020_a.relative_abundance.M0x20MCx2808	MetaCardis_2020_a	M0x20MCx2808	stool	T2D	T2D	69	senior	male	DEU	no	IonProton	34880489	22541383	3399299482	Paolo_Manghi	1
2022-10-19.MetaCardis_2020_a.relative_abundance.M0x20MCx2815	MetaCardis_2020_a	M0x20MCx2815	stool	control	MS	54	adult	female	DEU	no	IonProton	34880489	20389782	2990071717	Paolo_Manghi	0
2022-10-19.MetaCardis_2020_a.relative_abundance.M0x20MCx2816	MetaCardis_2020_a	M0x20MCx2816	stool	T2D	T2D	66	senior	male	DEU	no	IonProton	34880489	15633948	2152873892	Paolo_Manghi	1
2022-10-19.MetaCardis_2020_a.relative_abundance.M0x20MCx2820	MetaCardis_2020_a	M0x20MCx2820	stool	T2D	T2D	70	senior	female	DEU	no	IonProton	34880489	20203535	3134840878	Paolo_Manghi	1
2022-10-19.MetaCardis_2020_a.relative_abundance.M0x20MCx2821	MetaCardis_2020_a	M0x20MCx2821	stool	T2D	T2D	66	senior	female	DEU	no	IonProton	34880489	21623439	3275007739	Paolo_Manghi	1
2022-10-19.MetaCardis_2020_a.relative_abundance.M0x20MCx2823	MetaCardis_2020_a	M0x20MCx2823	stool	T2D	T2D	72	senior	male	DEU	no	IonProton	34880489	34000386	4719518609	Paolo_Manghi	1
2022-10-19.MetaCardis_2020_a.relative_abundance.M0x20MCx2832	MetaCardis_2020_a	M0x20MCx2832	stool	control	MS	29	adult	female	DEU	no	IonProton	34880489	20210085	2881967178	Paolo_Manghi	0
2022-10-19.MetaCardis_2020_a.relative_abundance.M0x20MCx2835	MetaCardis_2020_a	M0x20MCx2835	stool	control	MS	31	adult	female	DEU	no	IonProton	34880489	20744202	3022340229	Paolo_Manghi	0
2022-10-19.MetaCardis_2020_a.relative_abundance.M0x20MCx2841	MetaCardis_2020_a	M0x20MCx2841	stool	T2D	T2D	67	senior	female	DEU	no	IonProton	34880489	20985201	3167005123	Paolo_Manghi	1
2022-10-19.MetaCardis_2020_a.relative_abundance.M0x20MCx2844	MetaCardis_2020_a	M0x20MCx2844	stool	control	MS	54	adult	female	DEU	no	IonProton	34880489	21169317	3368269266	Paolo_Manghi	0
2022-10-19.MetaCardis_2020_a.relative_abundance.M0x20MCx2848	MetaCardis_2020_a	M0x20MCx2848	stool	control	MS	65	senior	female	DEU	no	IonProton	34880489	20018284	2942029190	Paolo_Manghi	0
2022-10-19.MetaCardis_2020_a.relative_abundance.M0x20MCx2854	MetaCardis_2020_a	M0x20MCx2854	stool	control	MS	62	adult	female	DEU	no	IonProton	34880489	15822787	2154403621	Paolo_Manghi	0
2022-10-19.MetaCardis_2020_a.relative_abundance.M0x20MCx2857	MetaCardis_2020_a	M0x20MCx2857	stool	control	MS	26	adult	male	DEU	no	IonProton	34880489	20253227	3104170206	Paolo_Manghi	0
2022-10-19.MetaCardis_2020_a.relative_abundance.M0x20MCx2859	MetaCardis_2020_a	M0x20MCx2859	stool	T2D	T2D	62	adult	female	DEU	no	IonProton	34880489	14068364	2037019646	Paolo_Manghi	1
2022-10-19.MetaCardis_2020_a.relative_abundance.M0x20MCx2863	MetaCardis_2020_a	M0x20MCx2863	stool	control	MS	40	adult	male	DEU	no	IonProton	34880489	17679146	2532091035	Paolo_Manghi	0
2022-10-19.MetaCardis_2020_a.relative_abundance.M0x20MCx2867	MetaCardis_2020_a	M0x20MCx2867	stool	T2D	T2D	50	adult	female	DEU	no	IonProton	34880489	20700686	3009630003	Paolo_Manghi	1
2022-10-19.MetaCardis_2020_a.relative_abundance.M0x20MCx2870	MetaCardis_2020_a	M0x20MCx2870	stool	control	healthy	52	adult	female	DEU	no	IonProton	34880489	28564767	4255242021	Paolo_Manghi	0
2022-10-19.MetaCardis_2020_a.relative_abundance.M0x20MCx2872	MetaCardis_2020_a	M0x20MCx2872	stool	control	MS	50	adult	female	DEU	no	IonProton	34880489	21450292	3137448048	Paolo_Manghi	0
2022-10-19.MetaCardis_2020_a.relative_abundance.M0x20MCx2874	MetaCardis_2020_a	M0x20MCx2874	stool	T2D	T2D	74	senior	male	DEU	no	IonProton	34880489	24259026	3580067113	Paolo_Manghi	1
2022-10-19.MetaCardis_2020_a.relative_abundance.M0x20MCx2878	MetaCardis_2020_a	M0x20MCx2878	stool	T2D	T2D	62	adult	female	DEU	no	IonProton	34880489	21058080	3079907327	Paolo_Manghi	1
2022-10-19.MetaCardis_2020_a.relative_abundance.M0x20MCx2884	MetaCardis_2020_a	M0x20MCx2884	stool	control	MS	46	adult	female	DEU	no	IonProton	34880489	21848485	3301237846	Paolo_Manghi	0
2022-10-19.MetaCardis_2020_a.relative_abundance.M0x20MCx2885	MetaCardis_2020_a	M0x20MCx2885	stool	control	healthy	63	adult	female	DEU	no	IonProton	34880489	19874996	2873975822	Paolo_Manghi	0
2022-10-19.MetaCardis_2020_a.relative_abundance.M0x20MCx2888	MetaCardis_2020_a	M0x20MCx2888	stool	control	MS	62	adult	male	DEU	no	IonProton	34880489	22502765	3474115127	Paolo_Manghi	0
2022-10-19.MetaCardis_2020_a.relative_abundance.M0x20MCx2893	MetaCardis_2020_a	M0x20MCx2893	stool	control	MS	25	adult	female	DEU	no	IonProton	34880489	19972154	2821017447	Paolo_Manghi	0
2022-10-19.MetaCardis_2020_a.relative_abundance.M0x20MCx2895	MetaCardis_2020_a	M0x20MCx2895	stool	control	healthy	31	adult	female	DEU	no	IonProton	34880489	20049949	2877802543	Paolo_Manghi	0
2022-10-19.MetaCardis_2020_a.relative_abundance.M0x20MCx2896	MetaCardis_2020_a	M0x20MCx2896	stool	control	healthy	53	adult	male	DEU	no	IonProton	34880489	20415996	2850402619	Paolo_Manghi	0
2022-10-19.MetaCardis_2020_a.relative_abundance.M0x20MCx2899	MetaCardis_2020_a	M0x20MCx2899	stool	T2D	T2D	70	senior	male	DEU	no	IonProton	34880489	20464830	3109556815	Paolo_Manghi	1
2022-10-19.MetaCardis_2020_a.relative_abundance.M0x20MCx2902	MetaCardis_2020_a	M0x20MCx2902	stool	control	MS	46	adult	female	DEU	no	IonProton	34880489	25728444	3602592452	Paolo_Manghi	0
2022-10-19.MetaCardis_2020_a.relative_abundance.M0x20MCx2904	MetaCardis_2020_a	M0x20MCx2904	stool	control	MS	45	adult	female	DEU	no	IonProton	34880489	20150918	3088274753	Paolo_Manghi	0
2022-10-19.MetaCardis_2020_a.relative_abundance.M0x20MCx2905	MetaCardis_2020_a	M0x20MCx2905	stool	T2D	T2D	59	adult	female	DEU	no	IonProton	34880489	20747675	3023832829	Paolo_Manghi	1
2022-10-19.MetaCardis_2020_a.relative_abundance.M0x20MCx2913	MetaCardis_2020_a	M0x20MCx2913	stool	T2D	T2D	70	senior	male	DEU	no	IonProton	34880489	23738249	3582499845	Paolo_Manghi	1
2022-10-19.MetaCardis_2020_a.relative_abundance.M0x20MCx2916	MetaCardis_2020_a	M0x20MCx2916	stool	T2D	T2D	66	adult	male	DEU	no	IonProton	34880489	19968163	2942838770	Paolo_Manghi	1
2022-10-19.MetaCardis_2020_a.relative_abundance.M0x20MCx2922	MetaCardis_2020_a	M0x20MCx2922	stool	T2D	T2D	62	adult	male	DEU	no	IonProton	34880489	20422995	2800253295	Paolo_Manghi	1
2022-10-19.MetaCardis_2020_a.relative_abundance.M0x20MCx2923	MetaCardis_2020_a	M0x20MCx2923	stool	T2D	T2D	57	adult	male	DEU	no	IonProton	34880489	23673267	3297159874	Paolo_Manghi	1
2022-10-19.MetaCardis_2020_a.relative_abundance.M0x20MCx2927	MetaCardis_2020_a	M0x20MCx2927	stool	T2D	T2D	71	senior	male	DEU	no	IonProton	34880489	24804587	3634596771	Paolo_Manghi	1
2022-10-19.MetaCardis_2020_a.relative_abundance.M0x20MCx2928	MetaCardis_2020_a	M0x20MCx2928	stool	T2D	T2D	64	adult	male	DEU	no	IonProton	34880489	12848849	1822546798	Paolo_Manghi	1
2022-10-19.MetaCardis_2020_a.relative_abundance.M0x20MCx2929	MetaCardis_2020_a	M0x20MCx2929	stool	control	healthy	56	adult	female	DEU	no	IonProton	34880489	20435834	2911092484	Paolo_Manghi	0
2022-10-19.MetaCardis_2020_a.relative_abundance.M0x20MCx2934	MetaCardis_2020_a	M0x20MCx2934	stool	control	MS	20	adult	male	DEU	no	IonProton	34880489	20651966	2995586352	Paolo_Manghi	0
2022-10-19.MetaCardis_2020_a.relative_abundance.M0x20MCx2943	MetaCardis_2020_a	M0x20MCx2943	stool	control	MS	24	adult	female	DEU	no	IonProton	34880489	20853843	2937487603	Paolo_Manghi	0
2022-10-19.MetaCardis_2020_a.relative_abundance.M0x20MCx2946	MetaCardis_2020_a	M0x20MCx2946	stool	T2D	T2D	49	adult	female	DEU	no	IonProton	34880489	20999885	2964256196	Paolo_Manghi	1
2022-10-19.MetaCardis_2020_a.relative_abundance.M0x20MCx2952	MetaCardis_2020_a	M0x20MCx2952	stool	control	MS	62	adult	female	DEU	no	IonProton	34880489	26778268	3852428512	Paolo_Manghi	0
2022-10-19.MetaCardis_2020_a.relative_abundance.M0x20MCx2955	MetaCardis_2020_a	M0x20MCx2955	stool	T2D	T2D	44	adult	female	DEU	no	IonProton	34880489	20684070	3118039844	Paolo_Manghi	1
2022-10-19.MetaCardis_2020_a.relative_abundance.M0x20MCx2959	MetaCardis_2020_a	M0x20MCx2959	stool	control	MS	25	adult	female	DEU	no	IonProton	34880489	20320197	2989300666	Paolo_Manghi	0
2022-10-19.MetaCardis_2020_a.relative_abundance.M0x20MCx2964	MetaCardis_2020_a	M0x20MCx2964	stool	control	MS	28	adult	female	DEU	no	IonProton	34880489	21909446	2715861150	Paolo_Manghi	0
2022-10-19.MetaCardis_2020_a.relative_abundance.M0x20MCx2967	MetaCardis_2020_a	M0x20MCx2967	stool	control	MS	51	adult	female	DEU	no	IonProton	34880489	20626734	3038934964	Paolo_Manghi	0
2022-10-19.MetaCardis_2020_a.relative_abundance.M0x20MCx2969	MetaCardis_2020_a	M0x20MCx2969	stool	control	healthy	56	adult	female	DEU	no	IonProton	34880489	20540618	3204199336	Paolo_Manghi	0
2022-10-19.MetaCardis_2020_a.relative_abundance.M0x20MCx2971	MetaCardis_2020_a	M0x20MCx2971	stool	control	MS	52	adult	female	DEU	no	IonProton	34880489	22046303	3178844462	Paolo_Manghi	0
2022-10-19.MetaCardis_2020_a.relative_abundance.M0x20MCx2972	MetaCardis_2020_a	M0x20MCx2972	stool	control	MS	24	adult	female	DEU	no	IonProton	34880489	20517150	2939823398	Paolo_Manghi	0
2022-10-19.MetaCardis_2020_a.relative_abundance.M0x20MCx2975	MetaCardis_2020_a	M0x20MCx2975	stool	control	healthy	49	adult	female	DEU	no	IonProton	34880489	20634687	2876331925	Paolo_Manghi	0
2022-10-19.MetaCardis_2020_a.relative_abundance.M0x20MCx2978	MetaCardis_2020_a	M0x20MCx2978	stool	control	MS	35	adult	male	DEU	no	IonProton	34880489	20726580	3048424585	Paolo_Manghi	0
2022-10-19.MetaCardis_2020_a.relative_abundance.M0x20MCx2985	MetaCardis_2020_a	M0x20MCx2985	stool	T2D	T2D	64	adult	male	DEU	no	IonProton	34880489	21484874	2985502241	Paolo_Manghi	1
2022-10-19.MetaCardis_2020_a.relative_abundance.M0x20MCx2988	MetaCardis_2020_a	M0x20MCx2988	stool	control	healthy	41	adult	male	DEU	no	IonProton	34880489	25776079	3390354387	Paolo_Manghi	0
2022-10-19.MetaCardis_2020_a.relative_abundance.M0x20MCx2994	MetaCardis_2020_a	M0x20MCx2994	stool	control	MS	34	adult	female	DEU	no	IonProton	34880489	20543983	2933055536	Paolo_Manghi	0
2022-10-19.MetaCardis_2020_a.relative_abundance.M0x20MCx3005	MetaCardis_2020_a	M0x20MCx3005	stool	T2D	T2D	73	senior	male	DEU	no	IonProton	34880489	20374827	2984123079	Paolo_Manghi	1
2022-10-19.MetaCardis_2020_a.relative_abundance.M0x20MCx3011	MetaCardis_2020_a	M0x20MCx3011	stool	T2D	T2D	56	adult	female	DEU	no	IonProton	34880489	20066021	2736417041	Paolo_Manghi	1
2022-10-19.MetaCardis_2020_a.relative_abundance.M0x20MCx3020	MetaCardis_2020_a	M0x20MCx3020	stool	control	healthy	66	senior	female	DEU	no	IonProton	34880489	22086064	3361410041	Paolo_Manghi	0
2022-10-19.MetaCardis_2020_a.relative_abundance.M0x20MCx3027	MetaCardis_2020_a	M0x20MCx3027	stool	T2D	T2D	68	senior	male	DEU	no	IonProton	34880489	20914910	2888068623	Paolo_Manghi	1
2022-10-19.MetaCardis_2020_a.relative_abundance.M0x20MCx3033	MetaCardis_2020_a	M0x20MCx3033	stool	control	MS	31	adult	female	DEU	no	IonProton	34880489	22689308	3219846165	Paolo_Manghi	0
2022-10-19.MetaCardis_2020_a.relative_abundance.M0x20MCx3036	MetaCardis_2020_a	M0x20MCx3036	stool	control	MS	48	adult	female	DEU	no	IonProton	34880489	21176607	3254290238	Paolo_Manghi	0
2022-10-19.MetaCardis_2020_a.relative_abundance.M0x20MCx3040	MetaCardis_2020_a	M0x20MCx3040	stool	T2D	T2D	62	adult	male	DEU	no	IonProton	34880489	20791036	3076049590	Paolo_Manghi	1
2022-10-19.MetaCardis_2020_a.relative_abundance.M0x20MCx3044	MetaCardis_2020_a	M0x20MCx3044	stool	control	healthy	38	adult	female	DEU	no	IonProton	34880489	20590477	2953734467	Paolo_Manghi	0
2022-10-19.MetaCardis_2020_a.relative_abundance.M0x20MCx3048	MetaCardis_2020_a	M0x20MCx3048	stool	control	healthy	32	adult	male	DEU	no	IonProton	34880489	20027564	2933499658	Paolo_Manghi	0
2022-10-19.MetaCardis_2020_a.relative_abundance.M0x20MCx3049	MetaCardis_2020_a	M0x20MCx3049	stool	T2D	T2D	71	senior	female	DEU	no	IonProton	34880489	20714423	3005931063	Paolo_Manghi	1
2022-10-19.MetaCardis_2020_a.relative_abundance.M0x20MCx3067	MetaCardis_2020_a	M0x20MCx3067	stool	T2D	T2D	72	senior	female	DEU	no	IonProton	34880489	20653057	2795951083	Paolo_Manghi	1
2022-10-19.MetaCardis_2020_a.relative_abundance.M0x20MCx3079	MetaCardis_2020_a	M0x20MCx3079	stool	T2D	T2D	75	senior	female	DEU	no	IonProton	34880489	21049860	3176635423	Paolo_Manghi	1
2022-10-19.MetaCardis_2020_a.relative_abundance.M0x20MCx3088	MetaCardis_2020_a	M0x20MCx3088	stool	T2D	T2D	69	senior	male	DEU	no	IonProton	34880489	15525451	2326158966	Paolo_Manghi	1
2022-10-19.MetaCardis_2020_a.relative_abundance.M0x20MCx3094	MetaCardis_2020_a	M0x20MCx3094	stool	control	MS	31	adult	female	DEU	no	IonProton	34880489	22016742	2995599639	Paolo_Manghi	0
2022-10-19.MetaCardis_2020_a.relative_abundance.M0x20MCx3097	MetaCardis_2020_a	M0x20MCx3097	stool	T2D	T2D	51	adult	female	DEU	no	IonProton	34880489	20138149	3024643630	Paolo_Manghi	1
2022-10-19.MetaCardis_2020_a.relative_abundance.M0x20MCx3099	MetaCardis_2020_a	M0x20MCx3099	stool	control	MS	57	adult	female	DEU	no	IonProton	34880489	20855376	3121019271	Paolo_Manghi	0
2022-10-19.MetaCardis_2020_a.relative_abundance.M0x20MCx3102	MetaCardis_2020_a	M0x20MCx3102	stool	control	MS	58	adult	female	DEU	no	IonProton	34880489	21801688	3033432770	Paolo_Manghi	0
2022-10-19.MetaCardis_2020_a.relative_abundance.M0x20MCx3107	MetaCardis_2020_a	M0x20MCx3107	stool	T2D	T2D	64	adult	male	DEU	no	IonProton	34880489	20693070	2933518477	Paolo_Manghi	1
2022-10-19.MetaCardis_2020_a.relative_abundance.M0x20MCx3108	MetaCardis_2020_a	M0x20MCx3108	stool	control	healthy	72	senior	male	DEU	no	IonProton	34880489	19954693	3062073985	Paolo_Manghi	0
2022-10-19.MetaCardis_2020_a.relative_abundance.M0x20MCx3109	MetaCardis_2020_a	M0x20MCx3109	stool	control	MS	25	adult	male	DEU	no	IonProton	34880489	20032798	3087515145	Paolo_Manghi	0
2022-10-19.MetaCardis_2020_a.relative_abundance.M0x20MCx3119	MetaCardis_2020_a	M0x20MCx3119	stool	control	healthy	76	adult	male	DEU	no	IonProton	34880489	20149057	2859038061	Paolo_Manghi	0
2022-10-19.MetaCardis_2020_a.relative_abundance.M0x20MCx3122	MetaCardis_2020_a	M0x20MCx3122	stool	control	MS	25	adult	female	DEU	no	IonProton	34880489	20205351	2847694176	Paolo_Manghi	0
2022-10-19.MetaCardis_2020_a.relative_abundance.M0x20MCx3126	MetaCardis_2020_a	M0x20MCx3126	stool	T2D	T2D	69	senior	male	DEU	no	IonProton	34880489	19693013	2859679614	Paolo_Manghi	1
2022-10-19.MetaCardis_2020_a.relative_abundance.M0x20MCx3127	MetaCardis_2020_a	M0x20MCx3127	stool	T2D	T2D	71	senior	male	DEU	no	IonProton	34880489	21294264	3242865642	Paolo_Manghi	1
2022-10-19.MetaCardis_2020_a.relative_abundance.M0x20MCx3136	MetaCardis_2020_a	M0x20MCx3136	stool	T2D	T2D	62	adult	male	DEU	no	IonProton	34880489	32397827	4467434249	Paolo_Manghi	1
2022-10-19.MetaCardis_2020_a.relative_abundance.M0x20MCx3138	MetaCardis_2020_a	M0x20MCx3138	stool	control	MS	45	adult	female	DEU	no	IonProton	34880489	20068741	2734624006	Paolo_Manghi	0
2022-10-19.MetaCardis_2020_a.relative_abundance.M0x20MCx3148	MetaCardis_2020_a	M0x20MCx3148	stool	T2D	T2D	62	adult	female	DEU	no	IonProton	34880489	20378376	2779164647	Paolo_Manghi	1
2022-10-19.MetaCardis_2020_a.relative_abundance.M0x20MCx3151	MetaCardis_2020_a	M0x20MCx3151	stool	control	MS	59	adult	female	DEU	no	IonProton	34880489	20433158	2899606685	Paolo_Manghi	0
2022-10-19.MetaCardis_2020_a.relative_abundance.M0x20MCx3162	MetaCardis_2020_a	M0x20MCx3162	stool	T2D	T2D	52	adult	male	DEU	no	IonProton	34880489	20943062	2994547647	Paolo_Manghi	1
2022-10-19.MetaCardis_2020_a.relative_abundance.M0x20MCx3177	MetaCardis_2020_a	M0x20MCx3177	stool	control	MS	51	adult	male	DEU	no	IonProton	34880489	20691131	2932651300	Paolo_Manghi	0
2022-10-19.MetaCardis_2020_a.relative_abundance.M0x20MCx3178	MetaCardis_2020_a	M0x20MCx3178	stool	control	MS	37	adult	female	DEU	no	IonProton	34880489	20334720	3044426772	Paolo_Manghi	0
2022-10-19.MetaCardis_2020_a.relative_abundance.M0x20MCx3182	MetaCardis_2020_a	M0x20MCx3182	stool	control	MS	50	adult	female	DEU	no	IonProton	34880489	22563617	2612514121	Paolo_Manghi	0
2022-10-19.MetaCardis_2020_a.relative_abundance.M0x20MCx3188	MetaCardis_2020_a	M0x20MCx3188	stool	control	MS	72	senior	female	DEU	no	IonProton	34880489	20162447	2967289452	Paolo_Manghi	0
2022-10-19.MetaCardis_2020_a.relative_abundance.M0x20MCx3199	MetaCardis_2020_a	M0x20MCx3199	stool	T2D	T2D	70	senior	female	DEU	no	IonProton	34880489	21089043	3049735189	Paolo_Manghi	1
2022-10-19.MetaCardis_2020_a.relative_abundance.M0x20MCx3200	MetaCardis_2020_a	M0x20MCx3200	stool	control	MS	53	adult	male	DEU	no	IonProton	34880489	20683635	2920696926	Paolo_Manghi	0
2022-10-19.MetaCardis_2020_a.relative_abundance.M0x20MCx3201	MetaCardis_2020_a	M0x20MCx3201	stool	control	MS	29	adult	female	DEU	no	IonProton	34880489	20401131	2898732820	Paolo_Manghi	0
2022-10-19.MetaCardis_2020_a.relative_abundance.M0x20MCx3210	MetaCardis_2020_a	M0x20MCx3210	stool	control	MS	23	adult	male	DEU	no	IonProton	34880489	20290783	3060806556	Paolo_Manghi	0
2022-10-19.MetaCardis_2020_a.relative_abundance.M0x20MCx3211	MetaCardis_2020_a	M0x20MCx3211	stool	T2D	T2D	62	adult	male	DEU	no	IonProton	34880489	20832653	3075507048	Paolo_Manghi	1
2022-10-19.MetaCardis_2020_a.relative_abundance.M0x20MCx3212	MetaCardis_2020_a	M0x20MCx3212	stool	control	MS	51	adult	male	DEU	no	IonProton	34880489	21333750	3253704861	Paolo_Manghi	0
2022-10-19.MetaCardis_2020_a.relative_abundance.M0x20MCx3216	MetaCardis_2020_a	M0x20MCx3216	stool	T2D	T2D	64	adult	female	DEU	no	IonProton	34880489	15869272	2244600361	Paolo_Manghi	1
2022-10-19.MetaCardis_2020_a.relative_abundance.M0x20MCx3217	MetaCardis_2020_a	M0x20MCx3217	stool	control	MS	30	adult	female	DEU	no	IonProton	34880489	20513858	2875210933	Paolo_Manghi	0
2022-10-19.MetaCardis_2020_a.relative_abundance.M0x20MCx3228	MetaCardis_2020_a	M0x20MCx3228	stool	control	healthy	58	adult	female	DEU	no	IonProton	34880489	22547059	3133343712	Paolo_Manghi	0
2022-10-19.MetaCardis_2020_a.relative_abundance.M0x20MCx3241	MetaCardis_2020_a	M0x20MCx3241	stool	control	healthy	22	adult	female	DEU	no	IonProton	34880489	20498979	2893385076	Paolo_Manghi	0
2022-10-19.MetaCardis_2020_a.relative_abundance.M0x20MCx3262	MetaCardis_2020_a	M0x20MCx3262	stool	control	MS	28	adult	male	DEU	no	IonProton	34880489	20520201	2905754829	Paolo_Manghi	0
2022-10-19.MetaCardis_2020_a.relative_abundance.M0x20MCx3264	MetaCardis_2020_a	M0x20MCx3264	stool	control	MS	47	adult	male	DEU	no	IonProton	34880489	26378737	3776733956	Paolo_Manghi	0
2022-10-19.MetaCardis_2020_a.relative_abundance.M0x20MCx3281	MetaCardis_2020_a	M0x20MCx3281	stool	T2D	T2D	60	adult	male	DEU	no	IonProton	34880489	20565521	2921233527	Paolo_Manghi	1
2022-10-19.MetaCardis_2020_a.relative_abundance.M0x20MCx3283	MetaCardis_2020_a	M0x20MCx3283	stool	T2D	T2D	68	senior	female	DEU	no	IonProton	34880489	18584627	2702026741	Paolo_Manghi	1
2022-10-19.MetaCardis_2020_a.relative_abundance.M0x20MCx3284	MetaCardis_2020_a	M0x20MCx3284	stool	T2D	T2D	70	senior	female	DEU	no	IonProton	34880489	21673609	2920101539	Paolo_Manghi	1
2022-10-19.MetaCardis_2020_a.relative_abundance.M0x20MCx3294	MetaCardis_2020_a	M0x20MCx3294	stool	control	MS	44	adult	female	DEU	no	IonProton	34880489	20950924	2913849768	Paolo_Manghi	0
2022-10-19.MetaCardis_2020_a.relative_abundance.M0x20MCx3296	MetaCardis_2020_a	M0x20MCx3296	stool	T2D	T2D	58	adult	female	DEU	no	IonProton	34880489	20455741	3115869950	Paolo_Manghi	1
2022-10-19.MetaCardis_2020_a.relative_abundance.M0x20MCx3298	MetaCardis_2020_a	M0x20MCx3298	stool	T2D	T2D	59	adult	male	DEU	no	IonProton	34880489	21445290	3315242583	Paolo_Manghi	1
2022-10-19.MetaCardis_2020_a.relative_abundance.M0x20MCx3299	MetaCardis_2020_a	M0x20MCx3299	stool	T2D	T2D	59	adult	female	DEU	no	IonProton	34880489	21488475	3207400045	Paolo_Manghi	1
2022-10-19.MetaCardis_2020_a.relative_abundance.M0x20MCx3306	MetaCardis_2020_a	M0x20MCx3306	stool	control	MS	29	adult	male	DEU	no	IonProton	34880489	21468192	3131848886	Paolo_Manghi	0
2022-10-19.MetaCardis_2020_a.relative_abundance.M0x20MCx3308	MetaCardis_2020_a	M0x20MCx3308	stool	control	healthy	52	adult	male	DEU	no	IonProton	34880489	20886145	3379206992	Paolo_Manghi	0
2022-10-19.MetaCardis_2020_a.relative_abundance.M0x20MCx3310	MetaCardis_2020_a	M0x20MCx3310	stool	T2D	T2D	64	adult	female	DEU	no	IonProton	34880489	18028720	2479272124	Paolo_Manghi	1
2022-10-19.MetaCardis_2020_a.relative_abundance.M0x20MCx3321	MetaCardis_2020_a	M0x20MCx3321	stool	T2D	T2D	71	senior	female	DEU	no	IonProton	34880489	18324478	2559528875	Paolo_Manghi	1
2022-10-19.MetaCardis_2020_a.relative_abundance.M0x20MCx3323	MetaCardis_2020_a	M0x20MCx3323	stool	T2D	T2D	60	adult	male	DEU	no	IonProton	34880489	20108544	3008312232	Paolo_Manghi	1
2022-10-19.MetaCardis_2020_a.relative_abundance.M0x20MCx3324	MetaCardis_2020_a	M0x20MCx3324	stool	T2D	T2D	62	adult	female	DEU	no	IonProton	34880489	20474706	2922181964	Paolo_Manghi	1
2022-10-19.MetaCardis_2020_a.relative_abundance.M0x20MCx3325	MetaCardis_2020_a	M0x20MCx3325	stool	T2D	T2D	66	senior	male	DEU	no	IonProton	34880489	20778104	2985373339	Paolo_Manghi	1
2022-10-19.MetaCardis_2020_a.relative_abundance.M0x20MCx3331	MetaCardis_2020_a	M0x20MCx3331	stool	control	MS	28	adult	female	DEU	no	IonProton	34880489	21190857	3007738377	Paolo_Manghi	0
2022-10-19.MetaCardis_2020_a.relative_abundance.M0x20MCx3332	MetaCardis_2020_a	M0x20MCx3332	stool	control	MS	37	adult	female	DEU	no	IonProton	34880489	21483931	2961364469	Paolo_Manghi	0
2022-10-19.MetaCardis_2020_a.relative_abundance.M0x20MCx3335	MetaCardis_2020_a	M0x20MCx3335	stool	control	healthy	63	adult	female	DEU	no	IonProton	34880489	21108962	3375282696	Paolo_Manghi	0
2022-10-19.MetaCardis_2020_a.relative_abundance.M0x20MCx3337	MetaCardis_2020_a	M0x20MCx3337	stool	control	healthy	64	adult	male	DEU	no	IonProton	34880489	21029183	2987286097	Paolo_Manghi	0
2022-10-19.MetaCardis_2020_a.relative_abundance.M0x20MCx3343	MetaCardis_2020_a	M0x20MCx3343	stool	T2D	T2D	51	adult	female	DEU	no	IonProton	34880489	22778786	3588707624	Paolo_Manghi	1
2022-10-19.MetaCardis_2020_a.relative_abundance.M0x20MCx3350	MetaCardis_2020_a	M0x20MCx3350	stool	T2D	T2D	62	adult	female	DEU	no	IonProton	34880489	20344760	2881950403	Paolo_Manghi	1
2022-10-19.MetaCardis_2020_a.relative_abundance.M0x20MCx3352	MetaCardis_2020_a	M0x20MCx3352	stool	control	MS	58	adult	female	DEU	no	IonProton	34880489	20743946	3024038261	Paolo_Manghi	0
2022-10-19.MetaCardis_2020_a.relative_abundance.M0x20MCx3368	MetaCardis_2020_a	M0x20MCx3368	stool	T2D	T2D	68	senior	female	DEU	no	IonProton	34880489	21979810	3285248537	Paolo_Manghi	1
2022-10-19.MetaCardis_2020_a.relative_abundance.M0x20MCx3371	MetaCardis_2020_a	M0x20MCx3371	stool	T2D	T2D	42	adult	female	DEU	no	IonProton	34880489	22022668	3030698825	Paolo_Manghi	1
2022-10-19.MetaCardis_2020_a.relative_abundance.M0x20MCx3374	MetaCardis_2020_a	M0x20MCx3374	stool	control	MS	37	adult	female	DEU	no	IonProton	34880489	20991852	3101354532	Paolo_Manghi	0
2022-10-19.MetaCardis_2020_a.relative_abundance.M0x20MCx3386	MetaCardis_2020_a	M0x20MCx3386	stool	control	MS	46	adult	male	DEU	no	IonProton	34880489	20057626	2818142320	Paolo_Manghi	0
2022-10-19.MetaCardis_2020_a.relative_abundance.M0x20MCx3389	MetaCardis_2020_a	M0x20MCx3389	stool	control	MS	38	adult	male	DEU	no	IonProton	34880489	20340153	2959535159	Paolo_Manghi	0
2022-10-19.MetaCardis_2020_a.relative_abundance.M0x20MCx3402	MetaCardis_2020_a	M0x20MCx3402	stool	control	healthy	25	adult	male	DEU	no	IonProton	34880489	22938424	3132553362	Paolo_Manghi	0
2022-10-19.MetaCardis_2020_a.relative_abundance.M0x20MCx3409	MetaCardis_2020_a	M0x20MCx3409	stool	control	MS	45	adult	female	DEU	no	IonProton	34880489	25098835	3905357448	Paolo_Manghi	0
2022-10-19.MetaCardis_2020_a.relative_abundance.M0x20MCx3417	MetaCardis_2020_a	M0x20MCx3417	stool	T2D	T2D	70	senior	male	DEU	no	IonProton	34880489	20879210	3030517317	Paolo_Manghi	1
2022-10-19.MetaCardis_2020_a.relative_abundance.M0x20MCx3418	MetaCardis_2020_a	M0x20MCx3418	stool	control	MS	31	adult	female	DEU	no	IonProton	34880489	20353155	3085760000	Paolo_Manghi	0
2022-10-19.MetaCardis_2020_a.relative_abundance.M0x30MCx1112	MetaCardis_2020_a	M0x30MCx1112	stool	control	healthy	NA	adult	NA	DNK	no	IonProton	34880489	27589434	3823232199	Paolo_Manghi	0
2022-10-19.MetaCardis_2020_a.relative_abundance.M0x30MCx1116	MetaCardis_2020_a	M0x30MCx1116	stool	control	IGT	NA	adult	NA	DNK	no	IonProton	34880489	25706672	3591975301	Paolo_Manghi	0
2022-10-19.MetaCardis_2020_a.relative_abundance.M0x30MCx1117	MetaCardis_2020_a	M0x30MCx1117	stool	T2D	T2D	NA	adult	NA	DNK	no	IonProton	34880489	21521297	3046709642	Paolo_Manghi	1
2022-10-19.MetaCardis_2020_a.relative_abundance.M0x30MCx1139	MetaCardis_2020_a	M0x30MCx1139	stool	control	MS	NA	adult	NA	DNK	no	IonProton	34880489	21152280	3108937074	Paolo_Manghi	0
2022-10-19.MetaCardis_2020_a.relative_abundance.M0x30MCx1163	MetaCardis_2020_a	M0x30MCx1163	stool	control	MS	NA	adult	NA	DNK	no	IonProton	34880489	62661428	8363387149	Paolo_Manghi	0
2022-10-19.MetaCardis_2020_a.relative_abundance.M0x30MCx1170	MetaCardis_2020_a	M0x30MCx1170	stool	control	healthy	NA	adult	NA	DNK	no	IonProton	34880489	24354253	3241085056	Paolo_Manghi	0
2022-10-19.MetaCardis_2020_a.relative_abundance.M0x30MCx1172	MetaCardis_2020_a	M0x30MCx1172	stool	control	healthy	NA	adult	NA	DNK	no	IonProton	34880489	24715044	3346394144	Paolo_Manghi	0
2022-10-19.MetaCardis_2020_a.relative_abundance.M0x30MCx1174	MetaCardis_2020_a	M0x30MCx1174	stool	control	MS	NA	adult	NA	DNK	no	IonProton	34880489	21771675	3024249820	Paolo_Manghi	0
2022-10-19.MetaCardis_2020_a.relative_abundance.M0x30MCx1193	MetaCardis_2020_a	M0x30MCx1193	stool	control	MS	NA	adult	NA	DNK	no	IonProton	34880489	20500045	2910780766	Paolo_Manghi	0
2022-10-19.MetaCardis_2020_a.relative_abundance.M0x30MCx1197	MetaCardis_2020_a	M0x30MCx1197	stool	control	MS	NA	adult	NA	DNK	no	IonProton	34880489	25875912	3637537143	Paolo_Manghi	0
2022-10-19.MetaCardis_2020_a.relative_abundance.M0x30MCx1200	MetaCardis_2020_a	M0x30MCx1200	stool	T2D	T2D	NA	adult	NA	DNK	no	IonProton	34880489	21091511	3026311193	Paolo_Manghi	1
2022-10-19.MetaCardis_2020_a.relative_abundance.M0x30MCx1201	MetaCardis_2020_a	M0x30MCx1201	stool	control	healthy	NA	adult	NA	DNK	no	IonProton	34880489	22663666	3330582884	Paolo_Manghi	0
2022-10-19.MetaCardis_2020_a.relative_abundance.M0x30MCx1226	MetaCardis_2020_a	M0x30MCx1226	stool	control	healthy	NA	adult	NA	DNK	no	IonProton	34880489	21729946	2926471094	Paolo_Manghi	0
2022-10-19.MetaCardis_2020_a.relative_abundance.M0x30MCx1235	MetaCardis_2020_a	M0x30MCx1235	stool	control	MS	NA	adult	NA	DNK	no	IonProton	34880489	31577480	4460213056	Paolo_Manghi	0
2022-10-19.MetaCardis_2020_a.relative_abundance.M0x30MCx1258	MetaCardis_2020_a	M0x30MCx1258	stool	control	MS	NA	adult	NA	DNK	no	IonProton	34880489	22116312	3104037088	Paolo_Manghi	0
2022-10-19.MetaCardis_2020_a.relative_abundance.M0x30MCx1259	MetaCardis_2020_a	M0x30MCx1259	stool	control	healthy	NA	adult	NA	DNK	no	IonProton	34880489	19933298	2788055448	Paolo_Manghi	0
2022-10-19.MetaCardis_2020_a.relative_abundance.M0x30MCx1266	MetaCardis_2020_a	M0x30MCx1266	stool	control	MS	NA	adult	NA	DNK	no	IonProton	34880489	20248474	2920019332	Paolo_Manghi	0
2022-10-19.MetaCardis_2020_a.relative_abundance.M0x30MCx1270	MetaCardis_2020_a	M0x30MCx1270	stool	control	healthy	NA	adult	NA	DNK	no	IonProton	34880489	20748110	2899354500	Paolo_Manghi	0
2022-10-19.MetaCardis_2020_a.relative_abundance.M0x30MCx1284	MetaCardis_2020_a	M0x30MCx1284	stool	T2D	T2D	NA	adult	NA	DNK	no	IonProton	34880489	21738517	3115105112	Paolo_Manghi	1
2022-10-19.MetaCardis_2020_a.relative_abundance.M0x30MCx1308	MetaCardis_2020_a	M0x30MCx1308	stool	control	healthy	NA	adult	NA	DNK	no	IonProton	34880489	21708326	2883730360	Paolo_Manghi	0
2022-10-19.MetaCardis_2020_a.relative_abundance.M0x30MCx1314	MetaCardis_2020_a	M0x30MCx1314	stool	control	healthy	NA	adult	NA	DNK	no	IonProton	34880489	20488556	2871667614	Paolo_Manghi	0
2022-10-19.MetaCardis_2020_a.relative_abundance.M0x30MCx1321	MetaCardis_2020_a	M0x30MCx1321	stool	control	healthy	NA	adult	NA	DNK	no	IonProton	34880489	20390730	2932047450	Paolo_Manghi	0
2022-10-19.MetaCardis_2020_a.relative_abundance.M0x30MCx1336	MetaCardis_2020_a	M0x30MCx1336	stool	control	MS	NA	adult	NA	DNK	no	IonProton	34880489	21194711	2924698857	Paolo_Manghi	0
2022-10-19.MetaCardis_2020_a.relative_abundance.M0x30MCx1355	MetaCardis_2020_a	M0x30MCx1355	stool	control	MS	NA	adult	NA	DNK	no	IonProton	34880489	28190828	3942722332	Paolo_Manghi	0
2022-10-19.MetaCardis_2020_a.relative_abundance.M0x30MCx1370	MetaCardis_2020_a	M0x30MCx1370	stool	T2D	T2D	NA	adult	NA	DNK	no	IonProton	34880489	24606799	3481231392	Paolo_Manghi	1
2022-10-19.MetaCardis_2020_a.relative_abundance.M0x30MCx1373	MetaCardis_2020_a	M0x30MCx1373	stool	control	MS	NA	adult	NA	DNK	no	IonProton	34880489	21405801	3010726126	Paolo_Manghi	0
2022-10-19.MetaCardis_2020_a.relative_abundance.M0x30MCx1379	MetaCardis_2020_a	M0x30MCx1379	stool	control	MS	NA	adult	NA	DNK	no	IonProton	34880489	20432122	2894560226	Paolo_Manghi	0
2022-10-19.MetaCardis_2020_a.relative_abundance.M0x30MCx1405	MetaCardis_2020_a	M0x30MCx1405	stool	control	MS	NA	adult	NA	DNK	no	IonProton	34880489	27911648	3837448109	Paolo_Manghi	0
2022-10-19.MetaCardis_2020_a.relative_abundance.M0x30MCx1406	MetaCardis_2020_a	M0x30MCx1406	stool	T2D	T2D	NA	adult	NA	DNK	no	IonProton	34880489	24186550	3293453755	Paolo_Manghi	1
2022-10-19.MetaCardis_2020_a.relative_abundance.M0x30MCx1411	MetaCardis_2020_a	M0x30MCx1411	stool	T2D	T2D	NA	adult	NA	DNK	no	IonProton	34880489	17124831	2616159949	Paolo_Manghi	1
2022-10-19.MetaCardis_2020_a.relative_abundance.M0x30MCx1417	MetaCardis_2020_a	M0x30MCx1417	stool	control	IGT	NA	adult	NA	DNK	no	IonProton	34880489	19973597	2723989557	Paolo_Manghi	0
2022-10-19.MetaCardis_2020_a.relative_abundance.M0x30MCx1451	MetaCardis_2020_a	M0x30MCx1451	stool	control	healthy	NA	adult	NA	DNK	no	IonProton	34880489	20778944	2937788999	Paolo_Manghi	0
2022-10-19.MetaCardis_2020_a.relative_abundance.M0x30MCx1476	MetaCardis_2020_a	M0x30MCx1476	stool	control	healthy	NA	adult	NA	DNK	no	IonProton	34880489	22044845	3110495342	Paolo_Manghi	0
2022-10-19.MetaCardis_2020_a.relative_abundance.M0x30MCx1479	MetaCardis_2020_a	M0x30MCx1479	stool	control	MS	NA	adult	NA	DNK	no	IonProton	34880489	21241591	3792162061	Paolo_Manghi	0
2022-10-19.MetaCardis_2020_a.relative_abundance.M0x30MCx1496	MetaCardis_2020_a	M0x30MCx1496	stool	T2D	T2D	NA	adult	NA	DNK	no	IonProton	34880489	20551011	3014456189	Paolo_Manghi	1
2022-10-19.MetaCardis_2020_a.relative_abundance.M0x30MCx1497	MetaCardis_2020_a	M0x30MCx1497	stool	control	MS	NA	adult	NA	DNK	no	IonProton	34880489	20599384	2921149894	Paolo_Manghi	0
2022-10-19.MetaCardis_2020_a.relative_abundance.M0x30MCx1503	MetaCardis_2020_a	M0x30MCx1503	stool	control	healthy	NA	adult	NA	DNK	no	IonProton	34880489	23339720	3377721305	Paolo_Manghi	0
2022-10-19.MetaCardis_2020_a.relative_abundance.M0x30MCx1516	MetaCardis_2020_a	M0x30MCx1516	stool	control	MS	NA	adult	NA	DNK	no	IonProton	34880489	32376739	4718201589	Paolo_Manghi	0
2022-10-19.MetaCardis_2020_a.relative_abundance.M0x30MCx1517	MetaCardis_2020_a	M0x30MCx1517	stool	control	healthy	NA	adult	NA	DNK	no	IonProton	34880489	24520709	3471400742	Paolo_Manghi	0
2022-10-19.MetaCardis_2020_a.relative_abundance.M0x30MCx1524	MetaCardis_2020_a	M0x30MCx1524	stool	T2D	T2D	NA	adult	NA	DNK	no	IonProton	34880489	20253423	2925636604	Paolo_Manghi	1
2022-10-19.MetaCardis_2020_a.relative_abundance.M0x30MCx1527	MetaCardis_2020_a	M0x30MCx1527	stool	control	MS	NA	adult	NA	DNK	no	IonProton	34880489	29293834	4201777531	Paolo_Manghi	0
2022-10-19.MetaCardis_2020_a.relative_abundance.M0x30MCx1556	MetaCardis_2020_a	M0x30MCx1556	stool	control	healthy	NA	adult	NA	DNK	no	IonProton	34880489	23430819	3145907851	Paolo_Manghi	0
2022-10-19.MetaCardis_2020_a.relative_abundance.M0x30MCx1566	MetaCardis_2020_a	M0x30MCx1566	stool	control	MS	NA	adult	NA	DNK	no	IonProton	34880489	24887270	3389839087	Paolo_Manghi	0
2022-10-19.MetaCardis_2020_a.relative_abundance.M0x30MCx1569	MetaCardis_2020_a	M0x30MCx1569	stool	control	healthy	NA	adult	NA	DNK	no	IonProton	34880489	20072788	2865304512	Paolo_Manghi	0
2022-10-19.MetaCardis_2020_a.relative_abundance.M0x30MCx1586	MetaCardis_2020_a	M0x30MCx1586	stool	control	healthy	NA	adult	NA	DNK	no	IonProton	34880489	21631854	2867689478	Paolo_Manghi	0
2022-10-19.MetaCardis_2020_a.relative_abundance.M0x30MCx1592	MetaCardis_2020_a	M0x30MCx1592	stool	control	healthy	NA	adult	NA	DNK	no	IonProton	34880489	21235303	2837323159	Paolo_Manghi	0
2022-10-19.MetaCardis_2020_a.relative_abundance.M0x30MCx1597	MetaCardis_2020_a	M0x30MCx1597	stool	control	MS	NA	adult	NA	DNK	no	IonProton	34880489	29903985	4210246789	Paolo_Manghi	0
2022-10-19.MetaCardis_2020_a.relative_abundance.M0x30MCx1601	MetaCardis_2020_a	M0x30MCx1601	stool	control	MS	NA	adult	NA	DNK	no	IonProton	34880489	20523269	2947575103	Paolo_Manghi	0
2022-10-19.MetaCardis_2020_a.relative_abundance.M0x30MCx1611	MetaCardis_2020_a	M0x30MCx1611	stool	control	healthy	NA	adult	NA	DNK	no	IonProton	34880489	28923901	4002635525	Paolo_Manghi	0
2022-10-19.MetaCardis_2020_a.relative_abundance.M0x30MCx1618	MetaCardis_2020_a	M0x30MCx1618	stool	control	healthy	NA	adult	NA	DNK	no	IonProton	34880489	21650669	3051822296	Paolo_Manghi	0
2022-10-19.MetaCardis_2020_a.relative_abundance.M0x30MCx1623	MetaCardis_2020_a	M0x30MCx1623	stool	T2D	T2D	NA	adult	NA	DNK	no	IonProton	34880489	24794111	3707740756	Paolo_Manghi	1
2022-10-19.MetaCardis_2020_a.relative_abundance.M0x30MCx1628	MetaCardis_2020_a	M0x30MCx1628	stool	T2D	T2D	NA	adult	NA	DNK	no	IonProton	34880489	21062667	2959402294	Paolo_Manghi	1
2022-10-19.MetaCardis_2020_a.relative_abundance.M0x30MCx1636	MetaCardis_2020_a	M0x30MCx1636	stool	control	MS	NA	adult	NA	DNK	no	IonProton	34880489	20616180	3033585799	Paolo_Manghi	0
2022-10-19.MetaCardis_2020_a.relative_abundance.M0x30MCx1644	MetaCardis_2020_a	M0x30MCx1644	stool	T2D	T2D	NA	adult	NA	DNK	no	IonProton	34880489	20051322	2856645237	Paolo_Manghi	1
2022-10-19.MetaCardis_2020_a.relative_abundance.M0x30MCx1649	MetaCardis_2020_a	M0x30MCx1649	stool	control	MS	NA	adult	NA	DNK	no	IonProton	34880489	20811418	3018128729	Paolo_Manghi	0
2022-10-19.MetaCardis_2020_a.relative_abundance.M0x30MCx1677	MetaCardis_2020_a	M0x30MCx1677	stool	T2D	T2D	NA	adult	NA	DNK	no	IonProton	34880489	20503920	2881720862	Paolo_Manghi	1
2022-10-19.MetaCardis_2020_a.relative_abundance.M0x30MCx1682	MetaCardis_2020_a	M0x30MCx1682	stool	T2D	T2D	NA	adult	NA	DNK	no	IonProton	34880489	26925447	3812249718	Paolo_Manghi	1
2022-10-19.MetaCardis_2020_a.relative_abundance.M0x30MCx1693	MetaCardis_2020_a	M0x30MCx1693	stool	T2D	T2D	NA	adult	NA	DNK	no	IonProton	34880489	24843974	3400481851	Paolo_Manghi	1
2022-10-19.MetaCardis_2020_a.relative_abundance.M0x30MCx1705	MetaCardis_2020_a	M0x30MCx1705	stool	control	MS	NA	adult	NA	DNK	no	IonProton	34880489	24635201	3501897455	Paolo_Manghi	0
2022-10-19.MetaCardis_2020_a.relative_abundance.M0x30MCx1712	MetaCardis_2020_a	M0x30MCx1712	stool	control	MS	NA	adult	NA	DNK	no	IonProton	34880489	21147279	3089296234	Paolo_Manghi	0
2022-10-19.MetaCardis_2020_a.relative_abundance.M0x30MCx1722	MetaCardis_2020_a	M0x30MCx1722	stool	control	healthy	NA	adult	NA	DNK	no	IonProton	34880489	20896850	2888684051	Paolo_Manghi	0
2022-10-19.MetaCardis_2020_a.relative_abundance.M0x30MCx1748	MetaCardis_2020_a	M0x30MCx1748	stool	control	healthy	NA	adult	NA	DNK	no	IonProton	34880489	23178272	3144218032	Paolo_Manghi	0
2022-10-19.MetaCardis_2020_a.relative_abundance.M0x30MCx1765	MetaCardis_2020_a	M0x30MCx1765	stool	T2D	T2D	NA	adult	NA	DNK	no	IonProton	34880489	24432858	3600924865	Paolo_Manghi	1
2022-10-19.MetaCardis_2020_a.relative_abundance.M0x30MCx1774	MetaCardis_2020_a	M0x30MCx1774	stool	control	healthy	NA	adult	NA	DNK	no	IonProton	34880489	21209592	3066271167	Paolo_Manghi	0
2022-10-19.MetaCardis_2020_a.relative_abundance.M0x30MCx1779	MetaCardis_2020_a	M0x30MCx1779	stool	T2D	T2D	NA	adult	NA	DNK	no	IonProton	34880489	20415514	2909646342	Paolo_Manghi	1
2022-10-19.MetaCardis_2020_a.relative_abundance.M0x30MCx1782	MetaCardis_2020_a	M0x30MCx1782	stool	control	MS	NA	adult	NA	DNK	no	IonProton	34880489	20345956	2912172602	Paolo_Manghi	0
2022-10-19.MetaCardis_2020_a.relative_abundance.M0x30MCx1786	MetaCardis_2020_a	M0x30MCx1786	stool	control	healthy	NA	adult	NA	DNK	no	IonProton	34880489	20341968	2552452567	Paolo_Manghi	0
2022-10-19.MetaCardis_2020_a.relative_abundance.M0x30MCx1787	MetaCardis_2020_a	M0x30MCx1787	stool	control	healthy	NA	adult	NA	DNK	no	IonProton	34880489	20772418	2900331608	Paolo_Manghi	0
2022-10-19.MetaCardis_2020_a.relative_abundance.M0x30MCx1791	MetaCardis_2020_a	M0x30MCx1791	stool	control	healthy	NA	adult	NA	DNK	no	IonProton	34880489	21381147	2999984395	Paolo_Manghi	0
2022-10-19.MetaCardis_2020_a.relative_abundance.M0x30MCx1792	MetaCardis_2020_a	M0x30MCx1792	stool	control	healthy	NA	adult	NA	DNK	no	IonProton	34880489	19411944	2903555491	Paolo_Manghi	0
2022-10-19.MetaCardis_2020_a.relative_abundance.M0x30MCx1828	MetaCardis_2020_a	M0x30MCx1828	stool	control	IGT	NA	adult	NA	DNK	no	IonProton	34880489	20989320	2915673689	Paolo_Manghi	0
2022-10-19.MetaCardis_2020_a.relative_abundance.M0x30MCx1831	MetaCardis_2020_a	M0x30MCx1831	stool	control	MS	NA	adult	NA	DNK	no	IonProton	34880489	20075150	2808883595	Paolo_Manghi	0
2022-10-19.MetaCardis_2020_a.relative_abundance.M0x30MCx1838	MetaCardis_2020_a	M0x30MCx1838	stool	T2D	T2D	NA	adult	NA	DNK	no	IonProton	34880489	21646369	3041338380	Paolo_Manghi	1
2022-10-19.MetaCardis_2020_a.relative_abundance.M0x30MCx1860	MetaCardis_2020_a	M0x30MCx1860	stool	control	healthy	NA	adult	NA	DNK	no	IonProton	34880489	20201705	2750951058	Paolo_Manghi	0
2022-10-19.MetaCardis_2020_a.relative_abundance.M0x30MCx1872	MetaCardis_2020_a	M0x30MCx1872	stool	control	IGT	NA	adult	NA	DNK	no	IonProton	34880489	20561851	2949161303	Paolo_Manghi	0
2022-10-19.MetaCardis_2020_a.relative_abundance.M0x30MCx1878	MetaCardis_2020_a	M0x30MCx1878	stool	control	MS	NA	adult	NA	DNK	no	IonProton	34880489	20589329	2989718159	Paolo_Manghi	0
2022-10-19.MetaCardis_2020_a.relative_abundance.M0x30MCx1891	MetaCardis_2020_a	M0x30MCx1891	stool	T2D	T2D	NA	adult	NA	DNK	no	IonProton	34880489	32014533	4502562651	Paolo_Manghi	1
2022-10-19.MetaCardis_2020_a.relative_abundance.M0x30MCx1901	MetaCardis_2020_a	M0x30MCx1901	stool	control	MS	NA	adult	NA	DNK	no	IonProton	34880489	20777733	2764175596	Paolo_Manghi	0
2022-10-19.MetaCardis_2020_a.relative_abundance.M0x30MCx1911	MetaCardis_2020_a	M0x30MCx1911	stool	control	healthy	NA	adult	NA	DNK	no	IonProton	34880489	41173052	5911232924	Paolo_Manghi	0
2022-10-19.MetaCardis_2020_a.relative_abundance.M0x30MCx1917	MetaCardis_2020_a	M0x30MCx1917	stool	control	healthy	NA	adult	NA	DNK	no	IonProton	34880489	21242337	3111289464	Paolo_Manghi	0
2022-10-19.MetaCardis_2020_a.relative_abundance.M0x30MCx1926	MetaCardis_2020_a	M0x30MCx1926	stool	control	MS	NA	adult	NA	DNK	no	IonProton	34880489	21105153	2999819317	Paolo_Manghi	0
2022-10-19.MetaCardis_2020_a.relative_abundance.M0x30MCx1966	MetaCardis_2020_a	M0x30MCx1966	stool	control	healthy	NA	adult	NA	DNK	no	IonProton	34880489	20922947	2827175583	Paolo_Manghi	0
2022-10-19.MetaCardis_2020_a.relative_abundance.M0x30MCx1972	MetaCardis_2020_a	M0x30MCx1972	stool	control	MS	NA	adult	NA	DNK	no	IonProton	34880489	23209493	3261654502	Paolo_Manghi	0
2022-10-19.MetaCardis_2020_a.relative_abundance.M0x30MCx1980	MetaCardis_2020_a	M0x30MCx1980	stool	control	MS	NA	adult	NA	DNK	no	IonProton	34880489	23589073	3398077214	Paolo_Manghi	0
2022-10-19.MetaCardis_2020_a.relative_abundance.M0x30MCx1993	MetaCardis_2020_a	M0x30MCx1993	stool	control	healthy	NA	adult	NA	DNK	no	IonProton	34880489	24809046	3651595156	Paolo_Manghi	0
2022-10-19.MetaCardis_2020_a.relative_abundance.M0x30MCx2009	MetaCardis_2020_a	M0x30MCx2009	stool	control	healthy	NA	adult	NA	DNK	no	IonProton	34880489	21844908	3146618247	Paolo_Manghi	0
2022-10-19.MetaCardis_2020_a.relative_abundance.M0x30MCx2011	MetaCardis_2020_a	M0x30MCx2011	stool	control	MS	NA	adult	NA	DNK	no	IonProton	34880489	21641929	2943444908	Paolo_Manghi	0
2022-10-19.MetaCardis_2020_a.relative_abundance.M0x30MCx2022	MetaCardis_2020_a	M0x30MCx2022	stool	control	healthy	NA	adult	NA	DNK	no	IonProton	34880489	21117127	2999288247	Paolo_Manghi	0
2022-10-19.MetaCardis_2020_a.relative_abundance.M0x30MCx2023	MetaCardis_2020_a	M0x30MCx2023	stool	T2D	T2D	NA	adult	NA	DNK	no	IonProton	34880489	20552295	2944000795	Paolo_Manghi	1
2022-10-19.MetaCardis_2020_a.relative_abundance.M0x30MCx2041	MetaCardis_2020_a	M0x30MCx2041	stool	control	healthy	NA	adult	NA	DNK	no	IonProton	34880489	20188075	2852347081	Paolo_Manghi	0
2022-10-19.MetaCardis_2020_a.relative_abundance.M0x30MCx2059	MetaCardis_2020_a	M0x30MCx2059	stool	control	MS	NA	adult	NA	DNK	no	IonProton	34880489	22340609	3121371014	Paolo_Manghi	0
2022-10-19.MetaCardis_2020_a.relative_abundance.M0x30MCx2061	MetaCardis_2020_a	M0x30MCx2061	stool	control	MS	NA	adult	NA	DNK	no	IonProton	34880489	28116045	3919188895	Paolo_Manghi	0
2022-10-19.MetaCardis_2020_a.relative_abundance.M0x30MCx2081	MetaCardis_2020_a	M0x30MCx2081	stool	control	healthy	NA	adult	NA	DNK	no	IonProton	34880489	20393932	2863946367	Paolo_Manghi	0
2022-10-19.MetaCardis_2020_a.relative_abundance.M0x30MCx2082	MetaCardis_2020_a	M0x30MCx2082	stool	T2D	T2D	NA	adult	NA	DNK	no	IonProton	34880489	25247040	3643692794	Paolo_Manghi	1
2022-10-19.MetaCardis_2020_a.relative_abundance.M0x30MCx2089	MetaCardis_2020_a	M0x30MCx2089	stool	T2D	T2D	NA	adult	NA	DNK	no	IonProton	34880489	20359763	2839902918	Paolo_Manghi	1
2022-10-19.MetaCardis_2020_a.relative_abundance.M0x30MCx2099	MetaCardis_2020_a	M0x30MCx2099	stool	control	healthy	NA	adult	NA	DNK	no	IonProton	34880489	21164534	2999874680	Paolo_Manghi	0
2022-10-19.MetaCardis_2020_a.relative_abundance.M0x30MCx2107	MetaCardis_2020_a	M0x30MCx2107	stool	control	healthy	NA	adult	NA	DNK	no	IonProton	34880489	21481628	2988103083	Paolo_Manghi	0
2022-10-19.MetaCardis_2020_a.relative_abundance.M0x30MCx2131	MetaCardis_2020_a	M0x30MCx2131	stool	control	MS	NA	adult	NA	DNK	no	IonProton	34880489	23789367	3574436612	Paolo_Manghi	0
2022-10-19.MetaCardis_2020_a.relative_abundance.M0x30MCx2140	MetaCardis_2020_a	M0x30MCx2140	stool	control	MS	NA	adult	NA	DNK	no	IonProton	34880489	23857959	3545970389	Paolo_Manghi	0
2022-10-19.MetaCardis_2020_a.relative_abundance.M0x30MCx2149	MetaCardis_2020_a	M0x30MCx2149	stool	control	IGT	NA	adult	NA	DNK	no	IonProton	34880489	20213131	2793670873	Paolo_Manghi	0
2022-10-19.MetaCardis_2020_a.relative_abundance.M0x30MCx2158	MetaCardis_2020_a	M0x30MCx2158	stool	control	MS	NA	adult	NA	DNK	no	IonProton	34880489	20481416	2770216221	Paolo_Manghi	0
2022-10-19.MetaCardis_2020_a.relative_abundance.M0x30MCx2166	MetaCardis_2020_a	M0x30MCx2166	stool	control	healthy	NA	adult	NA	DNK	no	IonProton	34880489	20320551	2847820149	Paolo_Manghi	0
2022-10-19.MetaCardis_2020_a.relative_abundance.M0x30MCx2168	MetaCardis_2020_a	M0x30MCx2168	stool	control	healthy	NA	adult	NA	DNK	no	IonProton	34880489	20809378	2828484324	Paolo_Manghi	0
2022-10-19.MetaCardis_2020_a.relative_abundance.M0x30MCx2179	MetaCardis_2020_a	M0x30MCx2179	stool	control	healthy	NA	adult	NA	DNK	no	IonProton	34880489	21459276	3071749233	Paolo_Manghi	0
2022-10-19.MetaCardis_2020_a.relative_abundance.M0x30MCx2183	MetaCardis_2020_a	M0x30MCx2183	stool	control	MS	NA	adult	NA	DNK	no	IonProton	34880489	25276284	3681906751	Paolo_Manghi	0
2022-10-19.MetaCardis_2020_a.relative_abundance.M0x30MCx2188	MetaCardis_2020_a	M0x30MCx2188	stool	T2D	T2D	NA	adult	NA	DNK	no	IonProton	34880489	20860179	2944437798	Paolo_Manghi	1
2022-10-19.MetaCardis_2020_a.relative_abundance.M0x30MCx2201	MetaCardis_2020_a	M0x30MCx2201	stool	control	healthy	NA	adult	NA	DNK	no	IonProton	34880489	21910183	3115835263	Paolo_Manghi	0
2022-10-19.MetaCardis_2020_a.relative_abundance.M0x30MCx2204	MetaCardis_2020_a	M0x30MCx2204	stool	control	MS	NA	adult	NA	DNK	no	IonProton	34880489	28642564	3833961242	Paolo_Manghi	0
2022-10-19.MetaCardis_2020_a.relative_abundance.M0x30MCx2206	MetaCardis_2020_a	M0x30MCx2206	stool	control	MS	NA	adult	NA	DNK	no	IonProton	34880489	22689202	3118290078	Paolo_Manghi	0
2022-10-19.MetaCardis_2020_a.relative_abundance.M0x30MCx2257	MetaCardis_2020_a	M0x30MCx2257	stool	control	MS	NA	adult	NA	DNK	no	IonProton	34880489	21503058	2983406580	Paolo_Manghi	0
2022-10-19.MetaCardis_2020_a.relative_abundance.M0x30MCx2281	MetaCardis_2020_a	M0x30MCx2281	stool	control	MS	NA	adult	NA	DNK	no	IonProton	34880489	20926288	3054437236	Paolo_Manghi	0
2022-10-19.MetaCardis_2020_a.relative_abundance.M0x30MCx2298	MetaCardis_2020_a	M0x30MCx2298	stool	control	healthy	NA	adult	NA	DNK	no	IonProton	34880489	20671263	2813546105	Paolo_Manghi	0
2022-10-19.MetaCardis_2020_a.relative_abundance.M0x30MCx2314	MetaCardis_2020_a	M0x30MCx2314	stool	T2D	T2D	NA	adult	NA	DNK	no	IonProton	34880489	52032231	6838901523	Paolo_Manghi	1
2022-10-19.MetaCardis_2020_a.relative_abundance.M0x30MCx2316	MetaCardis_2020_a	M0x30MCx2316	stool	control	MS	NA	adult	NA	DNK	no	IonProton	34880489	21093298	2970775383	Paolo_Manghi	0
2022-10-19.MetaCardis_2020_a.relative_abundance.M0x30MCx2318	MetaCardis_2020_a	M0x30MCx2318	stool	T2D	T2D	NA	adult	NA	DNK	no	IonProton	34880489	20374490	3013704064	Paolo_Manghi	1
2022-10-19.MetaCardis_2020_a.relative_abundance.M0x30MCx2327	MetaCardis_2020_a	M0x30MCx2327	stool	control	healthy	NA	adult	NA	DNK	no	IonProton	34880489	21325669	3158778722	Paolo_Manghi	0
2022-10-19.MetaCardis_2020_a.relative_abundance.M0x30MCx2334	MetaCardis_2020_a	M0x30MCx2334	stool	control	healthy	NA	adult	NA	DNK	no	IonProton	34880489	25866775	3615979650	Paolo_Manghi	0
2022-10-19.MetaCardis_2020_a.relative_abundance.M0x30MCx2337	MetaCardis_2020_a	M0x30MCx2337	stool	control	MS	NA	adult	NA	DNK	no	IonProton	34880489	20396757	3012259991	Paolo_Manghi	0
2022-10-19.MetaCardis_2020_a.relative_abundance.M0x30MCx2349	MetaCardis_2020_a	M0x30MCx2349	stool	control	healthy	NA	adult	NA	DNK	no	IonProton	34880489	25349095	3659822749	Paolo_Manghi	0
2022-10-19.MetaCardis_2020_a.relative_abundance.M0x30MCx2353	MetaCardis_2020_a	M0x30MCx2353	stool	control	MS	NA	adult	NA	DNK	no	IonProton	34880489	20529766	3041823281	Paolo_Manghi	0
2022-10-19.MetaCardis_2020_a.relative_abundance.M0x30MCx2363	MetaCardis_2020_a	M0x30MCx2363	stool	control	MS	NA	adult	NA	DNK	no	IonProton	34880489	22058322	3156041363	Paolo_Manghi	0
2022-10-19.MetaCardis_2020_a.relative_abundance.M0x30MCx2364	MetaCardis_2020_a	M0x30MCx2364	stool	T2D	T2D	NA	adult	NA	DNK	no	IonProton	34880489	20353777	2880229237	Paolo_Manghi	1
2022-10-19.MetaCardis_2020_a.relative_abundance.M0x30MCx2382	MetaCardis_2020_a	M0x30MCx2382	stool	T2D	T2D	NA	adult	NA	DNK	no	IonProton	34880489	20531346	2960023386	Paolo_Manghi	1
2022-10-19.MetaCardis_2020_a.relative_abundance.M0x30MCx2413	MetaCardis_2020_a	M0x30MCx2413	stool	control	MS	NA	adult	NA	DNK	no	IonProton	34880489	20414515	2983983522	Paolo_Manghi	0
2022-10-19.MetaCardis_2020_a.relative_abundance.M0x30MCx2415	MetaCardis_2020_a	M0x30MCx2415	stool	control	healthy	NA	adult	NA	DNK	no	IonProton	34880489	20060493	2778574736	Paolo_Manghi	0
2022-10-19.MetaCardis_2020_a.relative_abundance.M0x30MCx2423	MetaCardis_2020_a	M0x30MCx2423	stool	control	healthy	NA	adult	NA	DNK	no	IonProton	34880489	24927506	3354197238	Paolo_Manghi	0
2022-10-19.MetaCardis_2020_a.relative_abundance.M0x30MCx2425	MetaCardis_2020_a	M0x30MCx2425	stool	control	healthy	NA	adult	NA	DNK	no	IonProton	34880489	20611515	2795257486	Paolo_Manghi	0
2022-10-19.MetaCardis_2020_a.relative_abundance.M0x30MCx2445	MetaCardis_2020_a	M0x30MCx2445	stool	control	MS	NA	adult	NA	DNK	no	IonProton	34880489	20834588	2911995629	Paolo_Manghi	0
2022-10-19.MetaCardis_2020_a.relative_abundance.M0x30MCx2449	MetaCardis_2020_a	M0x30MCx2449	stool	control	MS	NA	adult	NA	DNK	no	IonProton	34880489	22819677	3156293010	Paolo_Manghi	0
2022-10-19.MetaCardis_2020_a.relative_abundance.M0x30MCx2450	MetaCardis_2020_a	M0x30MCx2450	stool	control	IGT	NA	adult	NA	DNK	no	IonProton	34880489	22403245	3189856857	Paolo_Manghi	0
2022-10-19.MetaCardis_2020_a.relative_abundance.M0x30MCx2451	MetaCardis_2020_a	M0x30MCx2451	stool	control	MS	NA	adult	NA	DNK	no	IonProton	34880489	22472651	3405684759	Paolo_Manghi	0
2022-10-19.MetaCardis_2020_a.relative_abundance.M0x30MCx2473	MetaCardis_2020_a	M0x30MCx2473	stool	control	IGT	NA	adult	NA	DNK	no	IonProton	34880489	21095200	2938735845	Paolo_Manghi	0
2022-10-19.MetaCardis_2020_a.relative_abundance.M0x30MCx2499	MetaCardis_2020_a	M0x30MCx2499	stool	control	MS	NA	adult	NA	DNK	no	IonProton	34880489	20665053	2949746662	Paolo_Manghi	0
2022-10-19.MetaCardis_2020_a.relative_abundance.M0x30MCx2501	MetaCardis_2020_a	M0x30MCx2501	stool	control	MS	NA	adult	NA	DNK	no	IonProton	34880489	21548325	2973212875	Paolo_Manghi	0
2022-10-19.MetaCardis_2020_a.relative_abundance.M0x30MCx2516	MetaCardis_2020_a	M0x30MCx2516	stool	T2D	T2D	NA	adult	NA	DNK	no	IonProton	34880489	20307805	2919507563	Paolo_Manghi	1
2022-10-19.MetaCardis_2020_a.relative_abundance.M0x30MCx2534	MetaCardis_2020_a	M0x30MCx2534	stool	control	MS	NA	adult	NA	DNK	no	IonProton	34880489	20618531	2892130489	Paolo_Manghi	0
2022-10-19.MetaCardis_2020_a.relative_abundance.M0x30MCx2543	MetaCardis_2020_a	M0x30MCx2543	stool	control	MS	NA	adult	NA	DNK	no	IonProton	34880489	27864056	3813901954	Paolo_Manghi	0
2022-10-19.MetaCardis_2020_a.relative_abundance.M0x30MCx2544	MetaCardis_2020_a	M0x30MCx2544	stool	control	MS	NA	adult	NA	DNK	no	IonProton	34880489	23443232	3331639328	Paolo_Manghi	0
2022-10-19.MetaCardis_2020_a.relative_abundance.M0x30MCx2561	MetaCardis_2020_a	M0x30MCx2561	stool	control	MS	NA	adult	NA	DNK	no	IonProton	34880489	21337007	2933429839	Paolo_Manghi	0
2022-10-19.MetaCardis_2020_a.relative_abundance.M0x30MCx2565	MetaCardis_2020_a	M0x30MCx2565	stool	control	MS	NA	adult	NA	DNK	no	IonProton	34880489	20313562	2773239854	Paolo_Manghi	0
2022-10-19.MetaCardis_2020_a.relative_abundance.M0x30MCx2568	MetaCardis_2020_a	M0x30MCx2568	stool	control	MS	NA	adult	NA	DNK	no	IonProton	34880489	20549539	3021533547	Paolo_Manghi	0
2022-10-19.MetaCardis_2020_a.relative_abundance.M0x30MCx2570	MetaCardis_2020_a	M0x30MCx2570	stool	control	healthy	NA	adult	NA	DNK	no	IonProton	34880489	22654336	3305012453	Paolo_Manghi	0
2022-10-19.MetaCardis_2020_a.relative_abundance.M0x30MCx2573	MetaCardis_2020_a	M0x30MCx2573	stool	control	healthy	NA	adult	NA	DNK	no	IonProton	34880489	21294667	2907222300	Paolo_Manghi	0
2022-10-19.MetaCardis_2020_a.relative_abundance.M0x30MCx2574	MetaCardis_2020_a	M0x30MCx2574	stool	control	healthy	NA	adult	NA	DNK	no	IonProton	34880489	21632221	2986921322	Paolo_Manghi	0
2022-10-19.MetaCardis_2020_a.relative_abundance.M0x30MCx2578	MetaCardis_2020_a	M0x30MCx2578	stool	T2D	T2D	NA	adult	NA	DNK	no	IonProton	34880489	21784209	3003757945	Paolo_Manghi	1
2022-10-19.MetaCardis_2020_a.relative_abundance.M0x30MCx2598	MetaCardis_2020_a	M0x30MCx2598	stool	T2D	T2D	NA	adult	NA	DNK	no	IonProton	34880489	21413372	3169295693	Paolo_Manghi	1
2022-10-19.MetaCardis_2020_a.relative_abundance.M0x30MCx2605	MetaCardis_2020_a	M0x30MCx2605	stool	control	healthy	NA	adult	NA	DNK	no	IonProton	34880489	21832140	3061313435	Paolo_Manghi	0
2022-10-19.MetaCardis_2020_a.relative_abundance.M0x30MCx2619	MetaCardis_2020_a	M0x30MCx2619	stool	control	healthy	NA	adult	NA	DNK	no	IonProton	34880489	23710795	3376186404	Paolo_Manghi	0
2022-10-19.MetaCardis_2020_a.relative_abundance.M0x30MCx2632	MetaCardis_2020_a	M0x30MCx2632	stool	T2D	T2D	NA	adult	NA	DNK	no	IonProton	34880489	21499025	2834682526	Paolo_Manghi	1
2022-10-19.MetaCardis_2020_a.relative_abundance.M0x30MCx2640	MetaCardis_2020_a	M0x30MCx2640	stool	T2D	T2D	NA	adult	NA	DNK	no	IonProton	34880489	20703261	3055724349	Paolo_Manghi	1
2022-10-19.MetaCardis_2020_a.relative_abundance.M0x30MCx2654	MetaCardis_2020_a	M0x30MCx2654	stool	control	healthy	NA	adult	NA	DNK	no	IonProton	34880489	20835981	2818654195	Paolo_Manghi	0
2022-10-19.MetaCardis_2020_a.relative_abundance.M0x30MCx2661	MetaCardis_2020_a	M0x30MCx2661	stool	control	MS	NA	adult	NA	DNK	no	IonProton	34880489	20663682	3061625795	Paolo_Manghi	0
2022-10-19.MetaCardis_2020_a.relative_abundance.M0x30MCx2662	MetaCardis_2020_a	M0x30MCx2662	stool	control	healthy	NA	adult	NA	DNK	no	IonProton	34880489	20907077	3054649252	Paolo_Manghi	0
2022-10-19.MetaCardis_2020_a.relative_abundance.M0x30MCx2675	MetaCardis_2020_a	M0x30MCx2675	stool	control	MS	NA	adult	NA	DNK	no	IonProton	34880489	21448271	2863318953	Paolo_Manghi	0
2022-10-19.MetaCardis_2020_a.relative_abundance.M0x30MCx2676	MetaCardis_2020_a	M0x30MCx2676	stool	control	MS	NA	adult	NA	DNK	no	IonProton	34880489	21916785	3156594353	Paolo_Manghi	0
2022-10-19.MetaCardis_2020_a.relative_abundance.M0x30MCx2708	MetaCardis_2020_a	M0x30MCx2708	stool	control	MS	NA	adult	NA	DNK	no	IonProton	34880489	21245767	2897312484	Paolo_Manghi	0
2022-10-19.MetaCardis_2020_a.relative_abundance.M0x30MCx2720	MetaCardis_2020_a	M0x30MCx2720	stool	control	healthy	NA	adult	NA	DNK	no	IonProton	34880489	20667403	2856489895	Paolo_Manghi	0
2022-10-19.MetaCardis_2020_a.relative_abundance.M0x30MCx2728	MetaCardis_2020_a	M0x30MCx2728	stool	T2D	T2D	NA	adult	NA	DNK	no	IonProton	34880489	20851423	2966578178	Paolo_Manghi	1
2022-10-19.MetaCardis_2020_a.relative_abundance.M0x30MCx2734	MetaCardis_2020_a	M0x30MCx2734	stool	T2D	T2D	NA	adult	NA	DNK	no	IonProton	34880489	12853898	1814417105	Paolo_Manghi	1
2022-10-19.MetaCardis_2020_a.relative_abundance.M0x30MCx2735	MetaCardis_2020_a	M0x30MCx2735	stool	control	healthy	NA	adult	NA	DNK	no	IonProton	34880489	20317311	2783946900	Paolo_Manghi	0
2022-10-19.MetaCardis_2020_a.relative_abundance.M0x30MCx2746	MetaCardis_2020_a	M0x30MCx2746	stool	control	IGT	NA	adult	NA	DNK	no	IonProton	34880489	20774667	2763105432	Paolo_Manghi	0
2022-10-19.MetaCardis_2020_a.relative_abundance.M0x30MCx2751	MetaCardis_2020_a	M0x30MCx2751	stool	control	MS	NA	adult	NA	DNK	no	IonProton	34880489	21007253	2847553524	Paolo_Manghi	0
2022-10-19.MetaCardis_2020_a.relative_abundance.M0x30MCx2760	MetaCardis_2020_a	M0x30MCx2760	stool	control	healthy	NA	adult	NA	DNK	no	IonProton	34880489	28961017	3972247056	Paolo_Manghi	0
2022-10-19.MetaCardis_2020_a.relative_abundance.M0x30MCx2775	MetaCardis_2020_a	M0x30MCx2775	stool	control	healthy	NA	adult	NA	DNK	no	IonProton	34880489	35075787	4869449737	Paolo_Manghi	0
2022-10-19.MetaCardis_2020_a.relative_abundance.M0x30MCx2783	MetaCardis_2020_a	M0x30MCx2783	stool	control	healthy	NA	adult	NA	DNK	no	IonProton	34880489	21101681	2969698969	Paolo_Manghi	0
2022-10-19.MetaCardis_2020_a.relative_abundance.M0x30MCx2811	MetaCardis_2020_a	M0x30MCx2811	stool	control	healthy	NA	adult	NA	DNK	no	IonProton	34880489	22228699	3403780892	Paolo_Manghi	0
2022-10-19.MetaCardis_2020_a.relative_abundance.M0x30MCx2819	MetaCardis_2020_a	M0x30MCx2819	stool	control	healthy	NA	adult	NA	DNK	no	IonProton	34880489	21139424	2965099710	Paolo_Manghi	0
2022-10-19.MetaCardis_2020_a.relative_abundance.M0x30MCx2822	MetaCardis_2020_a	M0x30MCx2822	stool	control	healthy	NA	adult	NA	DNK	no	IonProton	34880489	21051889	2961720879	Paolo_Manghi	0
2022-10-19.MetaCardis_2020_a.relative_abundance.M0x30MCx2826	MetaCardis_2020_a	M0x30MCx2826	stool	control	MS	NA	adult	NA	DNK	no	IonProton	34880489	20670935	3002625757	Paolo_Manghi	0
2022-10-19.MetaCardis_2020_a.relative_abundance.M0x30MCx2840	MetaCardis_2020_a	M0x30MCx2840	stool	control	IGT	NA	adult	NA	DNK	no	IonProton	34880489	20174784	2779871834	Paolo_Manghi	0
2022-10-19.MetaCardis_2020_a.relative_abundance.M0x30MCx2869	MetaCardis_2020_a	M0x30MCx2869	stool	control	MS	NA	adult	NA	DNK	no	IonProton	34880489	21759232	3128446921	Paolo_Manghi	0
2022-10-19.MetaCardis_2020_a.relative_abundance.M0x30MCx2881	MetaCardis_2020_a	M0x30MCx2881	stool	control	MS	NA	adult	NA	DNK	no	IonProton	34880489	20660407	2752227365	Paolo_Manghi	0
2022-10-19.MetaCardis_2020_a.relative_abundance.M0x30MCx2900	MetaCardis_2020_a	M0x30MCx2900	stool	control	MS	NA	adult	NA	DNK	no	IonProton	34880489	24260192	3584815535	Paolo_Manghi	0
2022-10-19.MetaCardis_2020_a.relative_abundance.M0x30MCx2901	MetaCardis_2020_a	M0x30MCx2901	stool	T2D	T2D	NA	adult	NA	DNK	no	IonProton	34880489	20415825	2936408811	Paolo_Manghi	1
2022-10-19.MetaCardis_2020_a.relative_abundance.M0x30MCx2909	MetaCardis_2020_a	M0x30MCx2909	stool	control	IGT	NA	adult	NA	DNK	no	IonProton	34880489	20641297	2984247961	Paolo_Manghi	0
2022-10-19.MetaCardis_2020_a.relative_abundance.M0x30MCx2911	MetaCardis_2020_a	M0x30MCx2911	stool	control	MS	NA	adult	NA	DNK	no	IonProton	34880489	23731056	3380894820	Paolo_Manghi	0
2022-10-19.MetaCardis_2020_a.relative_abundance.M0x30MCx2920	MetaCardis_2020_a	M0x30MCx2920	stool	control	MS	NA	adult	NA	DNK	no	IonProton	34880489	21229156	2923004214	Paolo_Manghi	0
2022-10-19.MetaCardis_2020_a.relative_abundance.M0x30MCx2941	MetaCardis_2020_a	M0x30MCx2941	stool	control	healthy	NA	adult	NA	DNK	no	IonProton	34880489	34919859	4860266518	Paolo_Manghi	0
2022-10-19.MetaCardis_2020_a.relative_abundance.M0x30MCx2948	MetaCardis_2020_a	M0x30MCx2948	stool	T2D	T2D	NA	adult	NA	DNK	no	IonProton	34880489	25238356	3561314690	Paolo_Manghi	1
2022-10-19.MetaCardis_2020_a.relative_abundance.M0x30MCx2951	MetaCardis_2020_a	M0x30MCx2951	stool	T2D	T2D	NA	adult	NA	DNK	no	IonProton	34880489	47521497	7047638870	Paolo_Manghi	1
2022-10-19.MetaCardis_2020_a.relative_abundance.M0x30MCx2953	MetaCardis_2020_a	M0x30MCx2953	stool	T2D	T2D	NA	adult	NA	DNK	no	IonProton	34880489	25576825	3679788633	Paolo_Manghi	1
2022-10-19.MetaCardis_2020_a.relative_abundance.M0x30MCx2954	MetaCardis_2020_a	M0x30MCx2954	stool	control	healthy	NA	adult	NA	DNK	no	IonProton	34880489	28308541	3886807699	Paolo_Manghi	0
2022-10-19.MetaCardis_2020_a.relative_abundance.M0x30MCx2960	MetaCardis_2020_a	M0x30MCx2960	stool	T2D	T2D	NA	adult	NA	DNK	no	IonProton	34880489	20267909	3034756456	Paolo_Manghi	1
2022-10-19.MetaCardis_2020_a.relative_abundance.M0x30MCx2966	MetaCardis_2020_a	M0x30MCx2966	stool	control	MS	NA	adult	NA	DNK	no	IonProton	34880489	34527533	5018259152	Paolo_Manghi	0
2022-10-19.MetaCardis_2020_a.relative_abundance.M0x30MCx2983	MetaCardis_2020_a	M0x30MCx2983	stool	T2D	T2D	NA	adult	NA	DNK	no	IonProton	34880489	20517761	3013235712	Paolo_Manghi	1
2022-10-19.MetaCardis_2020_a.relative_abundance.M0x30MCx2990	MetaCardis_2020_a	M0x30MCx2990	stool	control	healthy	NA	adult	NA	DNK	no	IonProton	34880489	21915990	3279692593	Paolo_Manghi	0
2022-10-19.MetaCardis_2020_a.relative_abundance.M0x30MCx2995	MetaCardis_2020_a	M0x30MCx2995	stool	control	MS	NA	adult	NA	DNK	no	IonProton	34880489	20604532	2917501005	Paolo_Manghi	0
2022-10-19.MetaCardis_2020_a.relative_abundance.M0x30MCx3000	MetaCardis_2020_a	M0x30MCx3000	stool	control	IGT	NA	adult	NA	DNK	no	IonProton	34880489	26704325	3631524481	Paolo_Manghi	0
2022-10-19.MetaCardis_2020_a.relative_abundance.M0x30MCx3009	MetaCardis_2020_a	M0x30MCx3009	stool	control	MS	NA	adult	NA	DNK	no	IonProton	34880489	20568806	3099018772	Paolo_Manghi	0
2022-10-19.MetaCardis_2020_a.relative_abundance.M0x30MCx3017	MetaCardis_2020_a	M0x30MCx3017	stool	control	healthy	NA	adult	NA	DNK	no	IonProton	34880489	20273849	2921249031	Paolo_Manghi	0
2022-10-19.MetaCardis_2020_a.relative_abundance.M0x30MCx3023	MetaCardis_2020_a	M0x30MCx3023	stool	control	MS	NA	adult	NA	DNK	no	IonProton	34880489	20243869	2578247763	Paolo_Manghi	0
2022-10-19.MetaCardis_2020_a.relative_abundance.M0x30MCx3030	MetaCardis_2020_a	M0x30MCx3030	stool	control	healthy	NA	adult	NA	DNK	no	IonProton	34880489	21253878	2823060527	Paolo_Manghi	0
2022-10-19.MetaCardis_2020_a.relative_abundance.M0x30MCx3058	MetaCardis_2020_a	M0x30MCx3058	stool	control	MS	NA	adult	NA	DNK	no	IonProton	34880489	27675744	3706466874	Paolo_Manghi	0
2022-10-19.MetaCardis_2020_a.relative_abundance.M0x30MCx3059	MetaCardis_2020_a	M0x30MCx3059	stool	T2D	T2D	NA	adult	NA	DNK	no	IonProton	34880489	21953252	3259790232	Paolo_Manghi	1
2022-10-19.MetaCardis_2020_a.relative_abundance.M0x30MCx3068	MetaCardis_2020_a	M0x30MCx3068	stool	control	MS	NA	adult	NA	DNK	no	IonProton	34880489	20846874	2780394031	Paolo_Manghi	0
2022-10-19.MetaCardis_2020_a.relative_abundance.M0x30MCx3070	MetaCardis_2020_a	M0x30MCx3070	stool	control	healthy	NA	adult	NA	DNK	no	IonProton	34880489	21119690	2838488455	Paolo_Manghi	0
2022-10-19.MetaCardis_2020_a.relative_abundance.M0x30MCx3090	MetaCardis_2020_a	M0x30MCx3090	stool	T2D	T2D	NA	adult	NA	DNK	no	IonProton	34880489	20664631	2915432405	Paolo_Manghi	1
2022-10-19.MetaCardis_2020_a.relative_abundance.M0x30MCx3091	MetaCardis_2020_a	M0x30MCx3091	stool	control	healthy	NA	adult	NA	DNK	no	IonProton	34880489	22015877	2964909900	Paolo_Manghi	0
2022-10-19.MetaCardis_2020_a.relative_abundance.M0x30MCx3103	MetaCardis_2020_a	M0x30MCx3103	stool	control	MS	NA	adult	NA	DNK	no	IonProton	34880489	20560141	3069762811	Paolo_Manghi	0
2022-10-19.MetaCardis_2020_a.relative_abundance.M0x30MCx3118	MetaCardis_2020_a	M0x30MCx3118	stool	control	healthy	NA	adult	NA	DNK	no	IonProton	34880489	21175016	3051659647	Paolo_Manghi	0
2022-10-19.MetaCardis_2020_a.relative_abundance.M0x30MCx3124	MetaCardis_2020_a	M0x30MCx3124	stool	control	MS	NA	adult	NA	DNK	no	IonProton	34880489	21704616	3066917216	Paolo_Manghi	0
2022-10-19.MetaCardis_2020_a.relative_abundance.M0x30MCx3128	MetaCardis_2020_a	M0x30MCx3128	stool	control	MS	NA	adult	NA	DNK	no	IonProton	34880489	21641062	3010147770	Paolo_Manghi	0
2022-10-19.MetaCardis_2020_a.relative_abundance.M0x30MCx3140	MetaCardis_2020_a	M0x30MCx3140	stool	control	MS	NA	adult	NA	DNK	no	IonProton	34880489	21064158	2985519066	Paolo_Manghi	0
2022-10-19.MetaCardis_2020_a.relative_abundance.M0x30MCx3152	MetaCardis_2020_a	M0x30MCx3152	stool	control	healthy	NA	adult	NA	DNK	no	IonProton	34880489	25727392	3648777549	Paolo_Manghi	0
2022-10-19.MetaCardis_2020_a.relative_abundance.M0x30MCx3160	MetaCardis_2020_a	M0x30MCx3160	stool	control	healthy	NA	adult	NA	DNK	no	IonProton	34880489	23581659	3511392077	Paolo_Manghi	0
2022-10-19.MetaCardis_2020_a.relative_abundance.M0x30MCx3163	MetaCardis_2020_a	M0x30MCx3163	stool	control	MS	NA	adult	NA	DNK	no	IonProton	34880489	21504146	2886041875	Paolo_Manghi	0
2022-10-19.MetaCardis_2020_a.relative_abundance.M0x30MCx3171	MetaCardis_2020_a	M0x30MCx3171	stool	control	healthy	NA	adult	NA	DNK	no	IonProton	34880489	21308724	3070336828	Paolo_Manghi	0
2022-10-19.MetaCardis_2020_a.relative_abundance.M0x30MCx3180	MetaCardis_2020_a	M0x30MCx3180	stool	control	healthy	NA	adult	NA	DNK	no	IonProton	34880489	20965257	2924050992	Paolo_Manghi	0
2022-10-19.MetaCardis_2020_a.relative_abundance.M0x30MCx3183	MetaCardis_2020_a	M0x30MCx3183	stool	control	IGT	NA	adult	NA	DNK	no	IonProton	34880489	23625041	3476229511	Paolo_Manghi	0
2022-10-19.MetaCardis_2020_a.relative_abundance.M0x30MCx3190	MetaCardis_2020_a	M0x30MCx3190	stool	T2D	T2D	NA	adult	NA	DNK	no	IonProton	34880489	21354241	3025884827	Paolo_Manghi	1
2022-10-19.MetaCardis_2020_a.relative_abundance.M0x30MCx3203	MetaCardis_2020_a	M0x30MCx3203	stool	T2D	T2D	NA	adult	NA	DNK	no	IonProton	34880489	21069101	2754892793	Paolo_Manghi	1
2022-10-19.MetaCardis_2020_a.relative_abundance.M0x30MCx3204	MetaCardis_2020_a	M0x30MCx3204	stool	control	MS	NA	adult	NA	DNK	no	IonProton	34880489	21567812	3045551622	Paolo_Manghi	0
2022-10-19.MetaCardis_2020_a.relative_abundance.M0x30MCx3209	MetaCardis_2020_a	M0x30MCx3209	stool	control	MS	NA	adult	NA	DNK	no	IonProton	34880489	20417073	2943681740	Paolo_Manghi	0
2022-10-19.MetaCardis_2020_a.relative_abundance.M0x30MCx3213	MetaCardis_2020_a	M0x30MCx3213	stool	control	MS	NA	adult	NA	DNK	no	IonProton	34880489	21061998	2879984228	Paolo_Manghi	0
2022-10-19.MetaCardis_2020_a.relative_abundance.M0x30MCx3214	MetaCardis_2020_a	M0x30MCx3214	stool	control	MS	NA	adult	NA	DNK	no	IonProton	34880489	21826561	3146520051	Paolo_Manghi	0
2022-10-19.MetaCardis_2020_a.relative_abundance.M0x30MCx3221	MetaCardis_2020_a	M0x30MCx3221	stool	control	MS	NA	adult	NA	DNK	no	IonProton	34880489	23741026	3298913911	Paolo_Manghi	0
2022-10-19.MetaCardis_2020_a.relative_abundance.M0x30MCx3236	MetaCardis_2020_a	M0x30MCx3236	stool	control	MS	NA	adult	NA	DNK	no	IonProton	34880489	40547721	5391260031	Paolo_Manghi	0
2022-10-19.MetaCardis_2020_a.relative_abundance.M0x30MCx3237	MetaCardis_2020_a	M0x30MCx3237	stool	control	healthy	NA	adult	NA	DNK	no	IonProton	34880489	22608089	3090303051	Paolo_Manghi	0
2022-10-19.MetaCardis_2020_a.relative_abundance.M0x30MCx3243	MetaCardis_2020_a	M0x30MCx3243	stool	control	MS	NA	adult	NA	DNK	no	IonProton	34880489	21855963	3020891431	Paolo_Manghi	0
2022-10-19.MetaCardis_2020_a.relative_abundance.M0x30MCx3245	MetaCardis_2020_a	M0x30MCx3245	stool	control	MS	NA	adult	NA	DNK	no	IonProton	34880489	21422072	3018319669	Paolo_Manghi	0
2022-10-19.MetaCardis_2020_a.relative_abundance.M0x30MCx3257	MetaCardis_2020_a	M0x30MCx3257	stool	control	MS	NA	adult	NA	DNK	no	IonProton	34880489	26190007	3710950656	Paolo_Manghi	0
2022-10-19.MetaCardis_2020_a.relative_abundance.M0x30MCx3259	MetaCardis_2020_a	M0x30MCx3259	stool	T2D	T2D	NA	adult	NA	DNK	no	IonProton	34880489	20373213	2903347195	Paolo_Manghi	1
2022-10-19.MetaCardis_2020_a.relative_abundance.M0x30MCx3263	MetaCardis_2020_a	M0x30MCx3263	stool	control	MS	NA	adult	NA	DNK	no	IonProton	34880489	21726815	3041756453	Paolo_Manghi	0
2022-10-19.MetaCardis_2020_a.relative_abundance.M0x30MCx3282	MetaCardis_2020_a	M0x30MCx3282	stool	T2D	T2D	NA	adult	NA	DNK	no	IonProton	34880489	23982656	3448670755	Paolo_Manghi	1
2022-10-19.MetaCardis_2020_a.relative_abundance.M0x30MCx3290	MetaCardis_2020_a	M0x30MCx3290	stool	T2D	T2D	NA	adult	NA	DNK	no	IonProton	34880489	20275254	2923724689	Paolo_Manghi	1
2022-10-19.MetaCardis_2020_a.relative_abundance.M0x30MCx3291	MetaCardis_2020_a	M0x30MCx3291	stool	control	IGT	NA	adult	NA	DNK	no	IonProton	34880489	21120520	2985637765	Paolo_Manghi	0
2022-10-19.MetaCardis_2020_a.relative_abundance.M0x30MCx3301	MetaCardis_2020_a	M0x30MCx3301	stool	control	MS	NA	adult	NA	DNK	no	IonProton	34880489	21875762	3098788814	Paolo_Manghi	0
2022-10-19.MetaCardis_2020_a.relative_abundance.M0x30MCx3314	MetaCardis_2020_a	M0x30MCx3314	stool	control	healthy	NA	adult	NA	DNK	no	IonProton	34880489	20947890	2922945239	Paolo_Manghi	0
2022-10-19.MetaCardis_2020_a.relative_abundance.M0x30MCx3340	MetaCardis_2020_a	M0x30MCx3340	stool	control	healthy	NA	adult	NA	DNK	no	IonProton	34880489	21106715	2869019961	Paolo_Manghi	0
2022-10-19.MetaCardis_2020_a.relative_abundance.M0x30MCx3345	MetaCardis_2020_a	M0x30MCx3345	stool	control	IGT	NA	adult	NA	DNK	no	IonProton	34880489	20635944	2875203945	Paolo_Manghi	0
2022-10-19.MetaCardis_2020_a.relative_abundance.M0x30MCx3362	MetaCardis_2020_a	M0x30MCx3362	stool	control	MS	NA	adult	NA	DNK	no	IonProton	34880489	23037866	3553408000	Paolo_Manghi	0
2022-10-19.MetaCardis_2020_a.relative_abundance.M0x30MCx3364	MetaCardis_2020_a	M0x30MCx3364	stool	control	MS	NA	adult	NA	DNK	no	IonProton	34880489	20322221	2757355456	Paolo_Manghi	0
2022-10-19.MetaCardis_2020_a.relative_abundance.M0x30MCx3369	MetaCardis_2020_a	M0x30MCx3369	stool	control	MS	NA	adult	NA	DNK	no	IonProton	34880489	21014342	3034896128	Paolo_Manghi	0
2022-10-19.MetaCardis_2020_a.relative_abundance.M0x30MCx3375	MetaCardis_2020_a	M0x30MCx3375	stool	control	healthy	NA	adult	NA	DNK	no	IonProton	34880489	27446821	3678652932	Paolo_Manghi	0
2022-10-19.MetaCardis_2020_a.relative_abundance.M0x30MCx3376	MetaCardis_2020_a	M0x30MCx3376	stool	control	MS	NA	adult	NA	DNK	no	IonProton	34880489	21344665	2904782959	Paolo_Manghi	0
2022-10-19.MetaCardis_2020_a.relative_abundance.M0x30MCx3379	MetaCardis_2020_a	M0x30MCx3379	stool	control	MS	NA	adult	NA	DNK	no	IonProton	34880489	20107573	2927174819	Paolo_Manghi	0
2022-10-19.MetaCardis_2020_a.relative_abundance.M0x30MCx3384	MetaCardis_2020_a	M0x30MCx3384	stool	control	MS	NA	adult	NA	DNK	no	IonProton	34880489	21962113	3195096046	Paolo_Manghi	0
2022-10-19.MetaCardis_2020_a.relative_abundance.M0x30MCx3414	MetaCardis_2020_a	M0x30MCx3414	stool	control	IGT	NA	adult	NA	DNK	no	IonProton	34880489	24448306	3329780899	Paolo_Manghi	0
2022-10-19.MetaCardis_2020_a.relative_abundance.M0x30MCx3422	MetaCardis_2020_a	M0x30MCx3422	stool	T2D	T2D	NA	adult	NA	DNK	no	IonProton	34880489	28374899	3997219024	Paolo_Manghi	1
2021-10-14.QinJ_2012.relative_abundance.CON-001	QinJ_2012	CON-001	stool	control	healthy	21	adult	female	CHN	no	IlluminaHiSeq	23023125	44142248	3972802320	Paolo_Manghi	0
2021-10-14.QinJ_2012.relative_abundance.CON-002	QinJ_2012	CON-002	stool	control	healthy	53	adult	female	CHN	no	IlluminaHiSeq	23023125	47793804	4301442360	Paolo_Manghi	0
2021-10-14.QinJ_2012.relative_abundance.CON-003	QinJ_2012	CON-003	stool	control	healthy	61	adult	female	CHN	no	IlluminaHiSeq	23023125	45268384	4074154560	Paolo_Manghi	0
2021-10-14.QinJ_2012.relative_abundance.CON-004	QinJ_2012	CON-004	stool	control	healthy	55	adult	female	CHN	no	IlluminaHiSeq	23023125	48056970	4325127300	Paolo_Manghi	0
2021-10-14.QinJ_2012.relative_abundance.CON-005	QinJ_2012	CON-005	stool	control	healthy	53	adult	female	CHN	no	IlluminaHiSeq	23023125	44908052	4041724680	Paolo_Manghi	0
2021-10-14.QinJ_2012.relative_abundance.CON-006	QinJ_2012	CON-006	stool	control	healthy	52	adult	female	CHN	no	IlluminaHiSeq	23023125	44603946	4014355140	Paolo_Manghi	0
2021-10-14.QinJ_2012.relative_abundance.CON-007	QinJ_2012	CON-007	stool	control	healthy	55	adult	female	CHN	no	IlluminaHiSeq	23023125	45025998	4052339820	Paolo_Manghi	0
2021-10-14.QinJ_2012.relative_abundance.CON-008	QinJ_2012	CON-008	stool	control	healthy	56	adult	female	CHN	no	IlluminaHiSeq	23023125	72548932	6529403880	Paolo_Manghi	0
2021-10-14.QinJ_2012.relative_abundance.CON-009	QinJ_2012	CON-009	stool	control	healthy	46	adult	female	CHN	no	IlluminaHiSeq	23023125	52649798	4738481820	Paolo_Manghi	0
2021-10-14.QinJ_2012.relative_abundance.CON-010	QinJ_2012	CON-010	stool	control	healthy	42	adult	female	CHN	no	IlluminaHiSeq	23023125	40839972	3675597480	Paolo_Manghi	0
2021-10-14.QinJ_2012.relative_abundance.CON-011	QinJ_2012	CON-011	stool	control	healthy	49	adult	female	CHN	no	IlluminaHiSeq	23023125	14714504	1324305360	Paolo_Manghi	0
2021-10-14.QinJ_2012.relative_abundance.CON-012	QinJ_2012	CON-012	stool	control	healthy	44	adult	female	CHN	no	IlluminaHiSeq	23023125	14948028	1345322520	Paolo_Manghi	0
2021-10-14.QinJ_2012.relative_abundance.CON-013	QinJ_2012	CON-013	stool	control	healthy	48	adult	female	CHN	no	IlluminaHiSeq	23023125	30677644	2760987960	Paolo_Manghi	0
2021-10-14.QinJ_2012.relative_abundance.CON-014	QinJ_2012	CON-014	stool	control	healthy	39	adult	female	CHN	no	IlluminaHiSeq	23023125	56580850	5092276500	Paolo_Manghi	0
2021-10-14.QinJ_2012.relative_abundance.CON-015	QinJ_2012	CON-015	stool	control	healthy	42	adult	female	CHN	no	IlluminaHiSeq	23023125	38565134	3470862060	Paolo_Manghi	0
2021-10-14.QinJ_2012.relative_abundance.CON-016	QinJ_2012	CON-016	stool	control	healthy	28	adult	male	CHN	no	IlluminaHiSeq	23023125	49904198	4491377820	Paolo_Manghi	0
2021-10-14.QinJ_2012.relative_abundance.CON-017	QinJ_2012	CON-017	stool	control	healthy	27	adult	male	CHN	no	IlluminaHiSeq	23023125	40082044	3607383960	Paolo_Manghi	0
2021-10-14.QinJ_2012.relative_abundance.CON-018	QinJ_2012	CON-018	stool	control	healthy	28	adult	male	CHN	no	IlluminaHiSeq	23023125	50882972	4579467480	Paolo_Manghi	0
2021-10-14.QinJ_2012.relative_abundance.CON-019	QinJ_2012	CON-019	stool	control	healthy	48	adult	male	CHN	no	IlluminaHiSeq	23023125	36312296	3268106640	Paolo_Manghi	0
2021-10-14.QinJ_2012.relative_abundance.CON-020	QinJ_2012	CON-020	stool	control	healthy	40	adult	male	CHN	no	IlluminaHiSeq	23023125	35787146	3220843140	Paolo_Manghi	0
2021-10-14.QinJ_2012.relative_abundance.CON-021	QinJ_2012	CON-021	stool	control	healthy	57	adult	male	CHN	no	IlluminaHiSeq	23023125	36300302	3267027180	Paolo_Manghi	0
2021-10-14.QinJ_2012.relative_abundance.CON-022	QinJ_2012	CON-022	stool	control	healthy	53	adult	male	CHN	no	IlluminaHiSeq	23023125	51323938	4619154420	Paolo_Manghi	0
2021-10-14.QinJ_2012.relative_abundance.CON-023	QinJ_2012	CON-023	stool	control	healthy	50	adult	male	CHN	no	IlluminaHiSeq	23023125	47199986	4247998740	Paolo_Manghi	0
2021-10-14.QinJ_2012.relative_abundance.CON-026	QinJ_2012	CON-026	stool	control	healthy	40	adult	male	CHN	no	IlluminaHiSeq	23023125	45736466	4116281940	Paolo_Manghi	0
2021-10-14.QinJ_2012.relative_abundance.CON-027	QinJ_2012	CON-027	stool	control	healthy	45	adult	male	CHN	no	IlluminaHiSeq	23023125	41893102	3770379180	Paolo_Manghi	0
2021-10-14.QinJ_2012.relative_abundance.CON-028	QinJ_2012	CON-028	stool	control	healthy	53	adult	male	CHN	no	IlluminaHiSeq	23023125	59795072	5381556480	Paolo_Manghi	0
2021-10-14.QinJ_2012.relative_abundance.CON-029	QinJ_2012	CON-029	stool	control	healthy	54	adult	male	CHN	no	IlluminaHiSeq	23023125	45809376	4122843840	Paolo_Manghi	0
2021-10-14.QinJ_2012.relative_abundance.CON-031	QinJ_2012	CON-031	stool	control	healthy	56	adult	male	CHN	no	IlluminaHiSeq	23023125	57338014	5160421260	Paolo_Manghi	0
2021-10-14.QinJ_2012.relative_abundance.CON-032	QinJ_2012	CON-032	stool	control	healthy	26	adult	female	CHN	no	IlluminaHiSeq	23023125	20400412	1836037080	Paolo_Manghi	0
2021-10-14.QinJ_2012.relative_abundance.CON-033	QinJ_2012	CON-033	stool	control	healthy	27	adult	female	CHN	no	IlluminaHiSeq	23023125	19525532	1757297880	Paolo_Manghi	0
2021-10-14.QinJ_2012.relative_abundance.CON-034	QinJ_2012	CON-034	stool	control	healthy	27	adult	female	CHN	no	IlluminaHiSeq	23023125	52442888	4719859920	Paolo_Manghi	0
2021-10-14.QinJ_2012.relative_abundance.CON-035	QinJ_2012	CON-035	stool	control	healthy	27	adult	female	CHN	no	IlluminaHiSeq	23023125	37163398	3344705820	Paolo_Manghi	0
2021-10-14.QinJ_2012.relative_abundance.CON-036	QinJ_2012	CON-036	stool	control	healthy	29	adult	female	CHN	no	IlluminaHiSeq	23023125	47869636	4308267240	Paolo_Manghi	0
2021-10-14.QinJ_2012.relative_abundance.CON-037	QinJ_2012	CON-037	stool	control	healthy	28	adult	female	CHN	no	IlluminaHiSeq	23023125	45894984	4130548560	Paolo_Manghi	0
2021-10-14.QinJ_2012.relative_abundance.CON-038	QinJ_2012	CON-038	stool	control	healthy	27	adult	female	CHN	no	IlluminaHiSeq	23023125	49571130	4461401700	Paolo_Manghi	0
2021-10-14.QinJ_2012.relative_abundance.CON-039	QinJ_2012	CON-039	stool	control	healthy	53	adult	female	CHN	no	IlluminaHiSeq	23023125	41046414	3694177260	Paolo_Manghi	0
2021-10-14.QinJ_2012.relative_abundance.CON-040	QinJ_2012	CON-040	stool	control	healthy	44	adult	female	CHN	no	IlluminaHiSeq	23023125	29528100	2657529000	Paolo_Manghi	0
2021-10-14.QinJ_2012.relative_abundance.CON-041	QinJ_2012	CON-041	stool	control	healthy	56	adult	female	CHN	no	IlluminaHiSeq	23023125	45616536	4105488240	Paolo_Manghi	0
2021-10-14.QinJ_2012.relative_abundance.CON-042	QinJ_2012	CON-042	stool	control	healthy	54	adult	female	CHN	no	IlluminaHiSeq	23023125	44517918	4006612620	Paolo_Manghi	0
2021-10-14.QinJ_2012.relative_abundance.CON-043	QinJ_2012	CON-043	stool	control	healthy	41	adult	female	CHN	no	IlluminaHiSeq	23023125	40465956	3641936040	Paolo_Manghi	0
2021-10-14.QinJ_2012.relative_abundance.CON-044	QinJ_2012	CON-044	stool	control	healthy	50	adult	female	CHN	no	IlluminaHiSeq	23023125	46732100	4205889000	Paolo_Manghi	0
2021-10-14.QinJ_2012.relative_abundance.CON-045	QinJ_2012	CON-045	stool	control	healthy	54	adult	female	CHN	no	IlluminaHiSeq	23023125	46078458	4147061220	Paolo_Manghi	0
2021-10-14.QinJ_2012.relative_abundance.CON-046	QinJ_2012	CON-046	stool	control	healthy	67	senior	female	CHN	no	IlluminaHiSeq	23023125	42781402	3850326180	Paolo_Manghi	0
2021-10-14.QinJ_2012.relative_abundance.CON-047	QinJ_2012	CON-047	stool	control	healthy	45	adult	female	CHN	no	IlluminaHiSeq	23023125	44333742	3990036780	Paolo_Manghi	0
2021-10-14.QinJ_2012.relative_abundance.CON-048	QinJ_2012	CON-048	stool	control	healthy	52	adult	female	CHN	no	IlluminaHiSeq	23023125	44763720	4028734800	Paolo_Manghi	0
2021-10-14.QinJ_2012.relative_abundance.CON-049	QinJ_2012	CON-049	stool	control	healthy	58	adult	female	CHN	no	IlluminaHiSeq	23023125	45240604	4071654360	Paolo_Manghi	0
2021-10-14.QinJ_2012.relative_abundance.CON-050	QinJ_2012	CON-050	stool	control	healthy	60	adult	female	CHN	no	IlluminaHiSeq	23023125	40528492	3647564280	Paolo_Manghi	0
2021-10-14.QinJ_2012.relative_abundance.CON-051	QinJ_2012	CON-051	stool	control	healthy	61	adult	female	CHN	no	IlluminaHiSeq	23023125	32630500	2936745000	Paolo_Manghi	0
2021-10-14.QinJ_2012.relative_abundance.CON-052	QinJ_2012	CON-052	stool	control	healthy	43	adult	female	CHN	no	IlluminaHiSeq	23023125	33572452	3021520680	Paolo_Manghi	0
2021-10-14.QinJ_2012.relative_abundance.CON-053	QinJ_2012	CON-053	stool	control	healthy	60	adult	female	CHN	no	IlluminaHiSeq	23023125	48220034	4339803060	Paolo_Manghi	0
2021-10-14.QinJ_2012.relative_abundance.CON-054	QinJ_2012	CON-054	stool	control	healthy	52	adult	female	CHN	no	IlluminaHiSeq	23023125	41640890	3747680100	Paolo_Manghi	0
2021-10-14.QinJ_2012.relative_abundance.CON-055	QinJ_2012	CON-055	stool	control	healthy	56	adult	female	CHN	no	IlluminaHiSeq	23023125	36077354	3246961860	Paolo_Manghi	0
2021-10-14.QinJ_2012.relative_abundance.CON-056	QinJ_2012	CON-056	stool	control	healthy	50	adult	female	CHN	no	IlluminaHiSeq	23023125	35064698	3155822820	Paolo_Manghi	0
2021-10-14.QinJ_2012.relative_abundance.CON-057	QinJ_2012	CON-057	stool	control	healthy	41	adult	female	CHN	no	IlluminaHiSeq	23023125	43215960	3889436400	Paolo_Manghi	0
2021-10-14.QinJ_2012.relative_abundance.CON-058	QinJ_2012	CON-058	stool	control	healthy	47	adult	female	CHN	no	IlluminaHiSeq	23023125	37177298	3345956820	Paolo_Manghi	0
2021-10-14.QinJ_2012.relative_abundance.CON-059	QinJ_2012	CON-059	stool	control	healthy	49	adult	female	CHN	no	IlluminaHiSeq	23023125	46452408	4180716720	Paolo_Manghi	0
2021-10-14.QinJ_2012.relative_abundance.CON-060	QinJ_2012	CON-060	stool	control	healthy	44	adult	female	CHN	no	IlluminaHiSeq	23023125	50281118	4525300620	Paolo_Manghi	0
2021-10-14.QinJ_2012.relative_abundance.CON-061	QinJ_2012	CON-061	stool	control	healthy	48	adult	female	CHN	no	IlluminaHiSeq	23023125	46307038	4167633420	Paolo_Manghi	0
2021-10-14.QinJ_2012.relative_abundance.CON-062	QinJ_2012	CON-062	stool	control	healthy	47	adult	female	CHN	no	IlluminaHiSeq	23023125	46303614	4167325260	Paolo_Manghi	0
2021-10-14.QinJ_2012.relative_abundance.CON-063	QinJ_2012	CON-063	stool	control	healthy	35	adult	female	CHN	no	IlluminaHiSeq	23023125	31003838	2790345420	Paolo_Manghi	0
2021-10-14.QinJ_2012.relative_abundance.CON-064	QinJ_2012	CON-064	stool	control	healthy	46	adult	female	CHN	no	IlluminaHiSeq	23023125	15789262	1421033580	Paolo_Manghi	0
2021-10-14.QinJ_2012.relative_abundance.CON-065	QinJ_2012	CON-065	stool	control	healthy	46	adult	female	CHN	no	IlluminaHiSeq	23023125	43196874	3887718660	Paolo_Manghi	0
2021-10-14.QinJ_2012.relative_abundance.CON-066	QinJ_2012	CON-066	stool	control	healthy	45	adult	female	CHN	no	IlluminaHiSeq	23023125	43999576	3959961840	Paolo_Manghi	0
2021-10-14.QinJ_2012.relative_abundance.CON-067	QinJ_2012	CON-067	stool	control	healthy	45	adult	female	CHN	no	IlluminaHiSeq	23023125	31731128	2855801520	Paolo_Manghi	0
2021-10-14.QinJ_2012.relative_abundance.CON-068	QinJ_2012	CON-068	stool	control	healthy	41	adult	female	CHN	no	IlluminaHiSeq	23023125	43980182	3958216380	Paolo_Manghi	0
2021-10-14.QinJ_2012.relative_abundance.CON-069	QinJ_2012	CON-069	stool	control	healthy	46	adult	female	CHN	no	IlluminaHiSeq	23023125	39954104	3595869360	Paolo_Manghi	0
2021-10-14.QinJ_2012.relative_abundance.CON-070	QinJ_2012	CON-070	stool	control	healthy	48	adult	female	CHN	no	IlluminaHiSeq	23023125	43732974	3935967660	Paolo_Manghi	0
2021-10-14.QinJ_2012.relative_abundance.CON-071	QinJ_2012	CON-071	stool	control	healthy	64	adult	female	CHN	no	IlluminaHiSeq	23023125	47635326	4287179340	Paolo_Manghi	0
2021-10-14.QinJ_2012.relative_abundance.CON-072	QinJ_2012	CON-072	stool	control	healthy	41	adult	female	CHN	no	IlluminaHiSeq	23023125	13975470	1257792300	Paolo_Manghi	0
2021-10-14.QinJ_2012.relative_abundance.CON-073	QinJ_2012	CON-073	stool	control	healthy	46	adult	female	CHN	no	IlluminaHiSeq	23023125	30810458	2772941220	Paolo_Manghi	0
2021-10-14.QinJ_2012.relative_abundance.CON-074	QinJ_2012	CON-074	stool	control	healthy	41	adult	female	CHN	no	IlluminaHiSeq	23023125	34680668	3121260120	Paolo_Manghi	0
2021-10-14.QinJ_2012.relative_abundance.CON-075	QinJ_2012	CON-075	stool	control	healthy	34	adult	female	CHN	no	IlluminaHiSeq	23023125	37076588	3336892920	Paolo_Manghi	0
2021-10-14.QinJ_2012.relative_abundance.CON-076	QinJ_2012	CON-076	stool	control	healthy	43	adult	female	CHN	no	IlluminaHiSeq	23023125	58617474	5275572660	Paolo_Manghi	0
2021-10-14.QinJ_2012.relative_abundance.CON-077	QinJ_2012	CON-077	stool	control	healthy	41	adult	female	CHN	no	IlluminaHiSeq	23023125	48126476	4331382840	Paolo_Manghi	0
2021-10-14.QinJ_2012.relative_abundance.CON-078	QinJ_2012	CON-078	stool	control	healthy	41	adult	female	CHN	no	IlluminaHiSeq	23023125	41926900	3773421000	Paolo_Manghi	0
2021-10-14.QinJ_2012.relative_abundance.CON-079	QinJ_2012	CON-079	stool	control	healthy	60	adult	female	CHN	no	IlluminaHiSeq	23023125	57833192	5204987280	Paolo_Manghi	0
2021-10-14.QinJ_2012.relative_abundance.CON-080	QinJ_2012	CON-080	stool	control	healthy	56	adult	female	CHN	no	IlluminaHiSeq	23023125	36439108	3279519720	Paolo_Manghi	0
2021-10-14.QinJ_2012.relative_abundance.CON-081	QinJ_2012	CON-081	stool	control	healthy	52	adult	male	CHN	no	IlluminaHiSeq	23023125	36073998	3246659820	Paolo_Manghi	0
2021-10-14.QinJ_2012.relative_abundance.CON-082	QinJ_2012	CON-082	stool	control	healthy	53	adult	male	CHN	no	IlluminaHiSeq	23023125	36703736	3303336240	Paolo_Manghi	0
2021-10-14.QinJ_2012.relative_abundance.CON-083	QinJ_2012	CON-083	stool	control	healthy	60	adult	male	CHN	no	IlluminaHiSeq	23023125	49172724	4425545160	Paolo_Manghi	0
2021-10-14.QinJ_2012.relative_abundance.CON-084	QinJ_2012	CON-084	stool	control	healthy	69	senior	male	CHN	no	IlluminaHiSeq	23023125	41146018	3703141620	Paolo_Manghi	0
2021-10-14.QinJ_2012.relative_abundance.CON-085	QinJ_2012	CON-085	stool	control	healthy	39	adult	male	CHN	no	IlluminaHiSeq	23023125	42611812	3835063080	Paolo_Manghi	0
2021-10-14.QinJ_2012.relative_abundance.CON-086	QinJ_2012	CON-086	stool	control	healthy	67	senior	male	CHN	no	IlluminaHiSeq	23023125	49116802	4420512180	Paolo_Manghi	0
2021-10-14.QinJ_2012.relative_abundance.CON-087	QinJ_2012	CON-087	stool	control	healthy	38	adult	male	CHN	no	IlluminaHiSeq	23023125	33964062	3056765580	Paolo_Manghi	0
2021-10-14.QinJ_2012.relative_abundance.CON-088	QinJ_2012	CON-088	stool	control	healthy	56	adult	male	CHN	no	IlluminaHiSeq	23023125	28323326	2549099340	Paolo_Manghi	0
2021-10-14.QinJ_2012.relative_abundance.CON-089	QinJ_2012	CON-089	stool	control	healthy	55	adult	male	CHN	no	IlluminaHiSeq	23023125	35161630	3164546700	Paolo_Manghi	0
2021-10-14.QinJ_2012.relative_abundance.CON-090	QinJ_2012	CON-090	stool	control	healthy	47	adult	male	CHN	no	IlluminaHiSeq	23023125	43517864	3916607760	Paolo_Manghi	0
2021-10-14.QinJ_2012.relative_abundance.CON-091	QinJ_2012	CON-091	stool	control	healthy	50	adult	male	CHN	no	IlluminaHiSeq	23023125	17458588	1571272920	Paolo_Manghi	0
2021-10-14.QinJ_2012.relative_abundance.CON-092	QinJ_2012	CON-092	stool	control	healthy	70	senior	male	CHN	no	IlluminaHiSeq	23023125	53911072	4851996480	Paolo_Manghi	0
2021-10-14.QinJ_2012.relative_abundance.CON-093	QinJ_2012	CON-093	stool	control	healthy	40	adult	male	CHN	no	IlluminaHiSeq	23023125	46225984	4160338560	Paolo_Manghi	0
2021-10-14.QinJ_2012.relative_abundance.CON-095	QinJ_2012	CON-095	stool	control	healthy	54	adult	male	CHN	no	IlluminaHiSeq	23023125	46889908	4220091720	Paolo_Manghi	0
2021-10-14.QinJ_2012.relative_abundance.CON-096	QinJ_2012	CON-096	stool	control	healthy	59	adult	male	CHN	no	IlluminaHiSeq	23023125	51481706	4633353540	Paolo_Manghi	0
2021-10-14.QinJ_2012.relative_abundance.CON-097	QinJ_2012	CON-097	stool	control	healthy	57	adult	male	CHN	no	IlluminaHiSeq	23023125	40605642	3654507780	Paolo_Manghi	0
2021-10-14.QinJ_2012.relative_abundance.CON-098	QinJ_2012	CON-098	stool	control	healthy	62	adult	male	CHN	no	IlluminaHiSeq	23023125	48477454	4362970860	Paolo_Manghi	0
2021-10-14.QinJ_2012.relative_abundance.CON-099	QinJ_2012	CON-099	stool	control	healthy	55	adult	male	CHN	no	IlluminaHiSeq	23023125	37245214	3352069260	Paolo_Manghi	0
2021-10-14.QinJ_2012.relative_abundance.CON-101	QinJ_2012	CON-101	stool	control	healthy	42	adult	male	CHN	no	IlluminaHiSeq	23023125	43926160	3953354400	Paolo_Manghi	0
2021-10-14.QinJ_2012.relative_abundance.CON-104	QinJ_2012	CON-104	stool	control	healthy	55	adult	male	CHN	no	IlluminaHiSeq	23023125	47438826	4269494340	Paolo_Manghi	0
2021-10-14.QinJ_2012.relative_abundance.CON-105	QinJ_2012	CON-105	stool	control	healthy	52	adult	male	CHN	no	IlluminaHiSeq	23023125	15948120	1435330800	Paolo_Manghi	0
2021-10-14.QinJ_2012.relative_abundance.CON-106	QinJ_2012	CON-106	stool	control	healthy	46	adult	male	CHN	no	IlluminaHiSeq	23023125	43625992	3926339280	Paolo_Manghi	0
2021-10-14.QinJ_2012.relative_abundance.CON-107	QinJ_2012	CON-107	stool	control	healthy	44	adult	male	CHN	no	IlluminaHiSeq	23023125	47608454	4284760860	Paolo_Manghi	0
2021-10-14.QinJ_2012.relative_abundance.DLF001	QinJ_2012	DLF001	stool	T2D	T2D	59	adult	female	CHN	no	IlluminaHiSeq	23023125	33230154	2459031396	Paolo_Manghi	1
2021-10-14.QinJ_2012.relative_abundance.DLF002	QinJ_2012	DLF002	stool	T2D	T2D	43	adult	female	CHN	no	IlluminaHiSeq	23023125	20447208	1513093392	Paolo_Manghi	1
2021-10-14.QinJ_2012.relative_abundance.DLF003	QinJ_2012	DLF003	stool	T2D	T2D	46	adult	female	CHN	no	IlluminaHiSeq	23023125	26964088	1995342512	Paolo_Manghi	1
2021-10-14.QinJ_2012.relative_abundance.DLF004	QinJ_2012	DLF004	stool	T2D	T2D	25	adult	female	CHN	no	IlluminaHiSeq	23023125	29275554	2166390996	Paolo_Manghi	1
2021-10-14.QinJ_2012.relative_abundance.DLF005	QinJ_2012	DLF005	stool	T2D	T2D	60	adult	female	CHN	no	IlluminaHiSeq	23023125	32613800	2413421200	Paolo_Manghi	1
2021-10-14.QinJ_2012.relative_abundance.DLF006	QinJ_2012	DLF006	stool	T2D	T2D	71	senior	female	CHN	no	IlluminaHiSeq	23023125	28335596	2096834104	Paolo_Manghi	1
2021-10-14.QinJ_2012.relative_abundance.DLF007	QinJ_2012	DLF007	stool	T2D	T2D	62	adult	female	CHN	no	IlluminaHiSeq	23023125	31928466	2362706484	Paolo_Manghi	1
2021-10-14.QinJ_2012.relative_abundance.DLF008	QinJ_2012	DLF008	stool	T2D	T2D	54	adult	female	CHN	no	IlluminaHiSeq	23023125	29457282	2179838868	Paolo_Manghi	1
2021-10-14.QinJ_2012.relative_abundance.DLF009	QinJ_2012	DLF009	stool	T2D	T2D	53	adult	female	CHN	no	IlluminaHiSeq	23023125	23515066	2116355940	Paolo_Manghi	1
2021-10-14.QinJ_2012.relative_abundance.DLF010	QinJ_2012	DLF010	stool	T2D	T2D	51	adult	female	CHN	no	IlluminaHiSeq	23023125	27689702	2049037948	Paolo_Manghi	1
2021-10-14.QinJ_2012.relative_abundance.DLF012	QinJ_2012	DLF012	stool	T2D	T2D	52	adult	female	CHN	no	IlluminaHiSeq	23023125	33010082	2970907380	Paolo_Manghi	1
2021-10-14.QinJ_2012.relative_abundance.DLF013	QinJ_2012	DLF013	stool	T2D	T2D	49	adult	female	CHN	no	IlluminaHiSeq	23023125	25184810	2266632900	Paolo_Manghi	1
2021-10-14.QinJ_2012.relative_abundance.DLF014	QinJ_2012	DLF014	stool	T2D	T2D	61	adult	female	CHN	no	IlluminaHiSeq	23023125	30846690	2776202100	Paolo_Manghi	1
2021-10-14.QinJ_2012.relative_abundance.DLM001	QinJ_2012	DLM001	stool	T2D	T2D	46	adult	male	CHN	no	IlluminaHiSeq	23023125	31695116	2852560440	Paolo_Manghi	1
2021-10-14.QinJ_2012.relative_abundance.DLM002	QinJ_2012	DLM002	stool	T2D	T2D	29	adult	male	CHN	no	IlluminaHiSeq	23023125	29232438	2163200412	Paolo_Manghi	1
2021-10-14.QinJ_2012.relative_abundance.DLM003	QinJ_2012	DLM003	stool	T2D	T2D	41	adult	male	CHN	no	IlluminaHiSeq	23023125	30811978	2280086372	Paolo_Manghi	1
2021-10-14.QinJ_2012.relative_abundance.DLM004	QinJ_2012	DLM004	stool	T2D	T2D	38	adult	male	CHN	no	IlluminaHiSeq	23023125	29317188	2169471912	Paolo_Manghi	1
2021-10-14.QinJ_2012.relative_abundance.DLM005	QinJ_2012	DLM005	stool	T2D	T2D	35	adult	male	CHN	no	IlluminaHiSeq	23023125	28130302	2081642348	Paolo_Manghi	1
2021-10-14.QinJ_2012.relative_abundance.DLM006	QinJ_2012	DLM006	stool	T2D	T2D	28	adult	male	CHN	no	IlluminaHiSeq	23023125	30249524	2238464776	Paolo_Manghi	1
2021-10-14.QinJ_2012.relative_abundance.DLM007	QinJ_2012	DLM007	stool	T2D	T2D	43	adult	male	CHN	no	IlluminaHiSeq	23023125	23416036	1732786664	Paolo_Manghi	1
2021-10-14.QinJ_2012.relative_abundance.DLM008	QinJ_2012	DLM008	stool	T2D	T2D	38	adult	male	CHN	no	IlluminaHiSeq	23023125	32862998	2431861852	Paolo_Manghi	1
2021-10-14.QinJ_2012.relative_abundance.DLM009	QinJ_2012	DLM009	stool	T2D	T2D	30	adult	male	CHN	no	IlluminaHiSeq	23023125	33735938	2496459412	Paolo_Manghi	1
2021-10-14.QinJ_2012.relative_abundance.DLM010	QinJ_2012	DLM010	stool	T2D	T2D	37	adult	male	CHN	no	IlluminaHiSeq	23023125	33324270	2999184300	Paolo_Manghi	1
2021-10-14.QinJ_2012.relative_abundance.DLM011	QinJ_2012	DLM011	stool	T2D	T2D	49	adult	male	CHN	no	IlluminaHiSeq	23023125	29561872	2187578528	Paolo_Manghi	1
2021-10-14.QinJ_2012.relative_abundance.DLM012	QinJ_2012	DLM012	stool	T2D	T2D	55	adult	male	CHN	no	IlluminaHiSeq	23023125	25779304	2320137360	Paolo_Manghi	1
2021-10-14.QinJ_2012.relative_abundance.DLM013	QinJ_2012	DLM013	stool	T2D	T2D	51	adult	male	CHN	no	IlluminaHiSeq	23023125	33980192	3058217280	Paolo_Manghi	1
2021-10-14.QinJ_2012.relative_abundance.DLM014	QinJ_2012	DLM014	stool	T2D	T2D	48	adult	male	CHN	no	IlluminaHiSeq	23023125	30414160	2737274400	Paolo_Manghi	1
2021-10-14.QinJ_2012.relative_abundance.DLM015	QinJ_2012	DLM015	stool	T2D	T2D	56	adult	male	CHN	no	IlluminaHiSeq	23023125	34446282	3100165380	Paolo_Manghi	1
2021-10-14.QinJ_2012.relative_abundance.DLM016	QinJ_2012	DLM016	stool	T2D	T2D	70	senior	male	CHN	no	IlluminaHiSeq	23023125	33382610	3004434900	Paolo_Manghi	1
2021-10-14.QinJ_2012.relative_abundance.DLM017	QinJ_2012	DLM017	stool	T2D	T2D	52	adult	male	CHN	no	IlluminaHiSeq	23023125	31515410	2836386900	Paolo_Manghi	1
2021-10-14.QinJ_2012.relative_abundance.DLM018	QinJ_2012	DLM018	stool	T2D	T2D	49	adult	male	CHN	no	IlluminaHiSeq	23023125	28520410	2566836900	Paolo_Manghi	1
2021-10-14.QinJ_2012.relative_abundance.DLM019	QinJ_2012	DLM019	stool	T2D	T2D	47	adult	male	CHN	no	IlluminaHiSeq	23023125	29114758	2620328220	Paolo_Manghi	1
2021-10-14.QinJ_2012.relative_abundance.DLM020	QinJ_2012	DLM020	stool	T2D	T2D	41	adult	male	CHN	no	IlluminaHiSeq	23023125	31918532	2872667880	Paolo_Manghi	1
2021-10-14.QinJ_2012.relative_abundance.DLM021	QinJ_2012	DLM021	stool	T2D	T2D	58	adult	male	CHN	no	IlluminaHiSeq	23023125	28559928	2570393520	Paolo_Manghi	1
2021-10-14.QinJ_2012.relative_abundance.DLM022	QinJ_2012	DLM022	stool	T2D	T2D	53	adult	male	CHN	no	IlluminaHiSeq	23023125	46350488	4171543920	Paolo_Manghi	1
2021-10-14.QinJ_2012.relative_abundance.DLM023	QinJ_2012	DLM023	stool	T2D	T2D	45	adult	male	CHN	no	IlluminaHiSeq	23023125	33255144	2992962960	Paolo_Manghi	1
2021-10-14.QinJ_2012.relative_abundance.DLM024	QinJ_2012	DLM024	stool	T2D	T2D	39	adult	male	CHN	no	IlluminaHiSeq	23023125	34152730	3073745700	Paolo_Manghi	1
2021-10-14.QinJ_2012.relative_abundance.DLM027	QinJ_2012	DLM027	stool	T2D	T2D	70	senior	male	CHN	no	IlluminaHiSeq	23023125	35438154	3189433860	Paolo_Manghi	1
2021-10-14.QinJ_2012.relative_abundance.DLM028	QinJ_2012	DLM028	stool	T2D	T2D	63	adult	male	CHN	no	IlluminaHiSeq	23023125	32347300	2911257000	Paolo_Manghi	1
2021-10-14.QinJ_2012.relative_abundance.DOF002	QinJ_2012	DOF002	stool	T2D	T2D	56	adult	female	CHN	no	IlluminaHiSeq	23023125	25660444	1898872856	Paolo_Manghi	1
2021-10-14.QinJ_2012.relative_abundance.DOF003	QinJ_2012	DOF003	stool	T2D	T2D	59	adult	female	CHN	no	IlluminaHiSeq	23023125	33770036	3039303240	Paolo_Manghi	1
2021-10-14.QinJ_2012.relative_abundance.DOF004	QinJ_2012	DOF004	stool	T2D	T2D	63	adult	female	CHN	no	IlluminaHiSeq	23023125	33193852	2987446680	Paolo_Manghi	1
2021-10-14.QinJ_2012.relative_abundance.DOF006	QinJ_2012	DOF006	stool	T2D	T2D	51	adult	female	CHN	no	IlluminaHiSeq	23023125	36871304	3318417360	Paolo_Manghi	1
2021-10-14.QinJ_2012.relative_abundance.DOF007	QinJ_2012	DOF007	stool	T2D	T2D	70	senior	female	CHN	no	IlluminaHiSeq	23023125	35620276	2635900424	Paolo_Manghi	1
2021-10-14.QinJ_2012.relative_abundance.DOF008	QinJ_2012	DOF008	stool	T2D	T2D	40	adult	female	CHN	no	IlluminaHiSeq	23023125	29099666	2618969940	Paolo_Manghi	1
2021-10-14.QinJ_2012.relative_abundance.DOF009	QinJ_2012	DOF009	stool	T2D	T2D	68	senior	female	CHN	no	IlluminaHiSeq	23023125	27388670	2026761580	Paolo_Manghi	1
2021-10-14.QinJ_2012.relative_abundance.DOF010	QinJ_2012	DOF010	stool	T2D	T2D	62	adult	female	CHN	no	IlluminaHiSeq	23023125	25291082	1871540068	Paolo_Manghi	1
2021-10-14.QinJ_2012.relative_abundance.DOF011	QinJ_2012	DOF011	stool	T2D	T2D	48	adult	female	CHN	no	IlluminaHiSeq	23023125	24964406	1847366044	Paolo_Manghi	1
2021-10-14.QinJ_2012.relative_abundance.DOF012	QinJ_2012	DOF012	stool	T2D	T2D	61	adult	female	CHN	no	IlluminaHiSeq	23023125	30197004	2234578296	Paolo_Manghi	1
2021-10-14.QinJ_2012.relative_abundance.DOF013	QinJ_2012	DOF013	stool	T2D	T2D	53	adult	female	CHN	no	IlluminaHiSeq	23023125	29296234	2167921316	Paolo_Manghi	1
2021-10-14.QinJ_2012.relative_abundance.DOF014	QinJ_2012	DOF014	stool	T2D	T2D	63	adult	female	CHN	no	IlluminaHiSeq	23023125	28144428	2082687672	Paolo_Manghi	1
2021-10-14.QinJ_2012.relative_abundance.DOM001	QinJ_2012	DOM001	stool	T2D	T2D	59	adult	male	CHN	no	IlluminaHiSeq	23023125	29041194	2613707460	Paolo_Manghi	1
2021-10-14.QinJ_2012.relative_abundance.DOM003	QinJ_2012	DOM003	stool	T2D	T2D	53	adult	male	CHN	no	IlluminaHiSeq	23023125	31792798	2861351820	Paolo_Manghi	1
2021-10-14.QinJ_2012.relative_abundance.DOM005	QinJ_2012	DOM005	stool	T2D	T2D	49	adult	male	CHN	no	IlluminaHiSeq	23023125	32741136	2422844064	Paolo_Manghi	1
2021-10-14.QinJ_2012.relative_abundance.DOM008	QinJ_2012	DOM008	stool	T2D	T2D	75	senior	male	CHN	no	IlluminaHiSeq	23023125	28489476	2564052840	Paolo_Manghi	1
2021-10-14.QinJ_2012.relative_abundance.DOM010	QinJ_2012	DOM010	stool	T2D	T2D	74	senior	male	CHN	no	IlluminaHiSeq	23023125	38581370	3472323300	Paolo_Manghi	1
2021-10-14.QinJ_2012.relative_abundance.DOM012	QinJ_2012	DOM012	stool	T2D	T2D	57	adult	male	CHN	no	IlluminaHiSeq	23023125	28654886	2120461564	Paolo_Manghi	1
2021-10-14.QinJ_2012.relative_abundance.DOM013	QinJ_2012	DOM013	stool	T2D	T2D	36	adult	male	CHN	no	IlluminaHiSeq	23023125	42030770	3782769300	Paolo_Manghi	1
2021-10-14.QinJ_2012.relative_abundance.DOM014	QinJ_2012	DOM014	stool	T2D	T2D	71	senior	male	CHN	no	IlluminaHiSeq	23023125	25765622	1906656028	Paolo_Manghi	1
2021-10-14.QinJ_2012.relative_abundance.DOM015	QinJ_2012	DOM015	stool	T2D	T2D	68	senior	male	CHN	no	IlluminaHiSeq	23023125	28592534	2573328060	Paolo_Manghi	1
2021-10-14.QinJ_2012.relative_abundance.DOM016	QinJ_2012	DOM016	stool	T2D	T2D	39	adult	male	CHN	no	IlluminaHiSeq	23023125	32982362	2968412580	Paolo_Manghi	1
2021-10-14.QinJ_2012.relative_abundance.DOM017	QinJ_2012	DOM017	stool	T2D	T2D	41	adult	male	CHN	no	IlluminaHiSeq	23023125	33387162	2470649988	Paolo_Manghi	1
2021-10-14.QinJ_2012.relative_abundance.DOM018	QinJ_2012	DOM018	stool	T2D	T2D	68	senior	male	CHN	no	IlluminaHiSeq	23023125	31604952	2844445680	Paolo_Manghi	1
2021-10-14.QinJ_2012.relative_abundance.DOM019	QinJ_2012	DOM019	stool	T2D	T2D	53	adult	male	CHN	no	IlluminaHiSeq	23023125	34195498	3077594820	Paolo_Manghi	1
2021-10-14.QinJ_2012.relative_abundance.DOM020	QinJ_2012	DOM020	stool	T2D	T2D	43	adult	male	CHN	no	IlluminaHiSeq	23023125	19997954	1479848596	Paolo_Manghi	1
2021-10-14.QinJ_2012.relative_abundance.DOM021	QinJ_2012	DOM021	stool	T2D	T2D	72	senior	male	CHN	no	IlluminaHiSeq	23023125	34753628	2571768472	Paolo_Manghi	1
2021-10-14.QinJ_2012.relative_abundance.DOM022	QinJ_2012	DOM022	stool	T2D	T2D	31	adult	male	CHN	no	IlluminaHiSeq	23023125	36888964	3320006760	Paolo_Manghi	1
2021-10-14.QinJ_2012.relative_abundance.DOM023	QinJ_2012	DOM023	stool	T2D	T2D	39	adult	male	CHN	no	IlluminaHiSeq	23023125	31090244	2300678056	Paolo_Manghi	1
2021-10-14.QinJ_2012.relative_abundance.DOM024	QinJ_2012	DOM024	stool	T2D	T2D	42	adult	male	CHN	no	IlluminaHiSeq	23023125	29456668	2179793432	Paolo_Manghi	1
2021-10-14.QinJ_2012.relative_abundance.DOM025	QinJ_2012	DOM025	stool	T2D	T2D	62	adult	male	CHN	no	IlluminaHiSeq	23023125	28060436	2076472264	Paolo_Manghi	1
2021-10-14.QinJ_2012.relative_abundance.DOM026	QinJ_2012	DOM026	stool	T2D	T2D	36	adult	male	CHN	no	IlluminaHiSeq	23023125	35620180	3205816200	Paolo_Manghi	1
2021-10-14.QinJ_2012.relative_abundance.NLF001	QinJ_2012	NLF001	stool	control	healthy	31	adult	female	CHN	no	IlluminaHiSeq	23023125	29561290	2187535460	Paolo_Manghi	0
2021-10-14.QinJ_2012.relative_abundance.NLF002	QinJ_2012	NLF002	stool	control	healthy	34	adult	female	CHN	no	IlluminaHiSeq	23023125	25620216	1895895984	Paolo_Manghi	0
2021-10-14.QinJ_2012.relative_abundance.NLF005	QinJ_2012	NLF005	stool	control	healthy	44	adult	female	CHN	no	IlluminaHiSeq	23023125	32474030	2403078220	Paolo_Manghi	0
2021-10-14.QinJ_2012.relative_abundance.NLF006	QinJ_2012	NLF006	stool	control	healthy	27	adult	female	CHN	no	IlluminaHiSeq	23023125	26433886	1956107564	Paolo_Manghi	0
2021-10-14.QinJ_2012.relative_abundance.NLF007	QinJ_2012	NLF007	stool	control	healthy	39	adult	female	CHN	no	IlluminaHiSeq	23023125	31597414	2338208636	Paolo_Manghi	0
2021-10-14.QinJ_2012.relative_abundance.NLF008	QinJ_2012	NLF008	stool	control	healthy	26	adult	female	CHN	no	IlluminaHiSeq	23023125	33251614	2992645260	Paolo_Manghi	0
2021-10-14.QinJ_2012.relative_abundance.NLF009	QinJ_2012	NLF009	stool	control	healthy	27	adult	female	CHN	no	IlluminaHiSeq	23023125	27971524	2069892776	Paolo_Manghi	0
2021-10-14.QinJ_2012.relative_abundance.NLF010	QinJ_2012	NLF010	stool	control	healthy	35	adult	female	CHN	no	IlluminaHiSeq	23023125	29248858	2164415492	Paolo_Manghi	0
2021-10-14.QinJ_2012.relative_abundance.NLF011	QinJ_2012	NLF011	stool	control	healthy	25	adult	female	CHN	no	IlluminaHiSeq	23023125	29852214	2209063836	Paolo_Manghi	0
2021-10-14.QinJ_2012.relative_abundance.NLF012	QinJ_2012	NLF012	stool	control	healthy	27	adult	female	CHN	no	IlluminaHiSeq	23023125	29942544	2694828960	Paolo_Manghi	0
2021-10-14.QinJ_2012.relative_abundance.NLF013	QinJ_2012	NLF013	stool	control	healthy	32	adult	female	CHN	no	IlluminaHiSeq	23023125	30752924	2767763160	Paolo_Manghi	0
2021-10-14.QinJ_2012.relative_abundance.NLF014	QinJ_2012	NLF014	stool	control	healthy	37	adult	female	CHN	no	IlluminaHiSeq	23023125	31611272	2339234128	Paolo_Manghi	0
2021-10-14.QinJ_2012.relative_abundance.NLF015	QinJ_2012	NLF015	stool	control	healthy	59	adult	female	CHN	no	IlluminaHiSeq	23023125	33720856	3034877040	Paolo_Manghi	0
2021-10-14.QinJ_2012.relative_abundance.NLM001	QinJ_2012	NLM001	stool	control	healthy	32	adult	male	CHN	no	IlluminaHiSeq	23023125	25383554	1878382996	Paolo_Manghi	0
2021-10-14.QinJ_2012.relative_abundance.NLM002	QinJ_2012	NLM002	stool	control	healthy	23	adult	male	CHN	no	IlluminaHiSeq	23023125	37910796	3411971640	Paolo_Manghi	0
2021-10-14.QinJ_2012.relative_abundance.NLM003	QinJ_2012	NLM003	stool	control	healthy	23	adult	male	CHN	no	IlluminaHiSeq	23023125	26590132	1967669768	Paolo_Manghi	0
2021-10-14.QinJ_2012.relative_abundance.NLM004	QinJ_2012	NLM004	stool	control	healthy	24	adult	male	CHN	no	IlluminaHiSeq	23023125	37015926	3331433340	Paolo_Manghi	0
2021-10-14.QinJ_2012.relative_abundance.NLM005	QinJ_2012	NLM005	stool	control	healthy	42	adult	male	CHN	no	IlluminaHiSeq	23023125	28219850	2088268900	Paolo_Manghi	0
2021-10-14.QinJ_2012.relative_abundance.NLM006	QinJ_2012	NLM006	stool	control	healthy	24	adult	male	CHN	no	IlluminaHiSeq	23023125	38252754	3442747860	Paolo_Manghi	0
2021-10-14.QinJ_2012.relative_abundance.NLM007	QinJ_2012	NLM007	stool	control	healthy	22	adult	male	CHN	no	IlluminaHiSeq	23023125	32034154	2883073860	Paolo_Manghi	0
2021-10-14.QinJ_2012.relative_abundance.NLM008	QinJ_2012	NLM008	stool	control	healthy	22	adult	male	CHN	no	IlluminaHiSeq	23023125	29888804	2211771496	Paolo_Manghi	0
2021-10-14.QinJ_2012.relative_abundance.NLM009	QinJ_2012	NLM009	stool	control	healthy	24	adult	male	CHN	no	IlluminaHiSeq	23023125	29364750	2172991500	Paolo_Manghi	0
2021-10-14.QinJ_2012.relative_abundance.NLM010	QinJ_2012	NLM010	stool	control	healthy	23	adult	male	CHN	no	IlluminaHiSeq	23023125	34516032	3106442880	Paolo_Manghi	0
2021-10-14.QinJ_2012.relative_abundance.NLM015	QinJ_2012	NLM015	stool	control	healthy	23	adult	male	CHN	no	IlluminaHiSeq	23023125	28360286	2098661164	Paolo_Manghi	0
2021-10-14.QinJ_2012.relative_abundance.NLM016	QinJ_2012	NLM016	stool	control	healthy	23	adult	male	CHN	no	IlluminaHiSeq	23023125	29205068	2190380100	Paolo_Manghi	0
2021-10-14.QinJ_2012.relative_abundance.NLM017	QinJ_2012	NLM017	stool	control	healthy	23	adult	male	CHN	no	IlluminaHiSeq	23023125	61005902	4575442650	Paolo_Manghi	0
2021-10-14.QinJ_2012.relative_abundance.NLM021	QinJ_2012	NLM021	stool	control	healthy	25	adult	male	CHN	no	IlluminaHiSeq	23023125	36235680	3261211200	Paolo_Manghi	0
2021-10-14.QinJ_2012.relative_abundance.NLM022	QinJ_2012	NLM022	stool	control	healthy	29	adult	male	CHN	no	IlluminaHiSeq	23023125	29247660	2632289400	Paolo_Manghi	0
2021-10-14.QinJ_2012.relative_abundance.NLM023	QinJ_2012	NLM023	stool	control	healthy	38	adult	male	CHN	no	IlluminaHiSeq	23023125	61163528	4587264600	Paolo_Manghi	0
2021-10-14.QinJ_2012.relative_abundance.NLM024	QinJ_2012	NLM024	stool	control	healthy	23	adult	male	CHN	no	IlluminaHiSeq	23023125	31747726	2857295340	Paolo_Manghi	0
2021-10-14.QinJ_2012.relative_abundance.NLM025	QinJ_2012	NLM025	stool	control	healthy	19	adult	male	CHN	no	IlluminaHiSeq	23023125	31516482	2332219668	Paolo_Manghi	0
2021-10-14.QinJ_2012.relative_abundance.NLM026	QinJ_2012	NLM026	stool	control	healthy	24	adult	male	CHN	no	IlluminaHiSeq	23023125	34912410	3142116900	Paolo_Manghi	0
2021-10-14.QinJ_2012.relative_abundance.NLM027	QinJ_2012	NLM027	stool	control	healthy	22	adult	male	CHN	no	IlluminaHiSeq	23023125	35404646	3186418140	Paolo_Manghi	0
2021-10-14.QinJ_2012.relative_abundance.NLM028	QinJ_2012	NLM028	stool	control	healthy	21	adult	male	CHN	no	IlluminaHiSeq	23023125	34569578	3111262020	Paolo_Manghi	0
2021-10-14.QinJ_2012.relative_abundance.NLM029	QinJ_2012	NLM029	stool	control	healthy	25	adult	male	CHN	no	IlluminaHiSeq	23023125	34157176	3074145840	Paolo_Manghi	0
2021-10-14.QinJ_2012.relative_abundance.NLM031	QinJ_2012	NLM031	stool	control	healthy	33	adult	male	CHN	no	IlluminaHiSeq	23023125	32081376	2887323840	Paolo_Manghi	0
2021-10-14.QinJ_2012.relative_abundance.NLM032	QinJ_2012	NLM032	stool	control	healthy	39	adult	male	CHN	no	IlluminaHiSeq	23023125	37814974	3403347660	Paolo_Manghi	0
2021-10-14.QinJ_2012.relative_abundance.NOF001	QinJ_2012	NOF001	stool	control	healthy	45	adult	female	CHN	no	IlluminaHiSeq	23023125	24541996	1816107704	Paolo_Manghi	0
2021-10-14.QinJ_2012.relative_abundance.NOF002	QinJ_2012	NOF002	stool	control	healthy	51	adult	female	CHN	no	IlluminaHiSeq	23023125	31582568	2337110032	Paolo_Manghi	0
2021-10-14.QinJ_2012.relative_abundance.NOF004	QinJ_2012	NOF004	stool	control	healthy	33	adult	female	CHN	no	IlluminaHiSeq	23023125	24427456	1807631744	Paolo_Manghi	0
2021-10-14.QinJ_2012.relative_abundance.NOF005	QinJ_2012	NOF005	stool	control	healthy	32	adult	female	CHN	no	IlluminaHiSeq	23023125	35131160	3161804400	Paolo_Manghi	0
2021-10-14.QinJ_2012.relative_abundance.NOF006	QinJ_2012	NOF006	stool	control	healthy	35	adult	female	CHN	no	IlluminaHiSeq	23023125	25963456	1921295744	Paolo_Manghi	0
2021-10-14.QinJ_2012.relative_abundance.NOF007	QinJ_2012	NOF007	stool	control	healthy	32	adult	female	CHN	no	IlluminaHiSeq	23023125	33241560	2459875440	Paolo_Manghi	0
2021-10-14.QinJ_2012.relative_abundance.NOF008	QinJ_2012	NOF008	stool	control	healthy	30	adult	female	CHN	no	IlluminaHiSeq	23023125	34087816	3067903440	Paolo_Manghi	0
2021-10-14.QinJ_2012.relative_abundance.NOF009	QinJ_2012	NOF009	stool	control	healthy	26	adult	female	CHN	no	IlluminaHiSeq	23023125	32788844	2426374456	Paolo_Manghi	0
2021-10-14.QinJ_2012.relative_abundance.NOF010	QinJ_2012	NOF010	stool	control	healthy	40	adult	female	CHN	no	IlluminaHiSeq	23023125	33058980	2975308200	Paolo_Manghi	0
2021-10-14.QinJ_2012.relative_abundance.NOF011	QinJ_2012	NOF011	stool	control	healthy	30	adult	female	CHN	no	IlluminaHiSeq	23023125	27020248	1999498352	Paolo_Manghi	0
2021-10-14.QinJ_2012.relative_abundance.NOF012	QinJ_2012	NOF012	stool	control	healthy	38	adult	female	CHN	no	IlluminaHiSeq	23023125	31488902	2834001180	Paolo_Manghi	0
2021-10-14.QinJ_2012.relative_abundance.NOF013	QinJ_2012	NOF013	stool	control	healthy	41	adult	female	CHN	no	IlluminaHiSeq	23023125	29491926	2182402524	Paolo_Manghi	0
2021-10-14.QinJ_2012.relative_abundance.NOF014	QinJ_2012	NOF014	stool	control	healthy	42	adult	female	CHN	no	IlluminaHiSeq	23023125	40223544	3016765800	Paolo_Manghi	0
2021-10-14.QinJ_2012.relative_abundance.NOM001	QinJ_2012	NOM001	stool	control	healthy	48	adult	male	CHN	no	IlluminaHiSeq	23023125	29540252	2658622680	Paolo_Manghi	0
2021-10-14.QinJ_2012.relative_abundance.NOM002	QinJ_2012	NOM002	stool	control	healthy	68	senior	male	CHN	no	IlluminaHiSeq	23023125	36778634	3310077060	Paolo_Manghi	0
2021-10-14.QinJ_2012.relative_abundance.NOM004	QinJ_2012	NOM004	stool	control	healthy	32	adult	male	CHN	no	IlluminaHiSeq	23023125	31787736	2352292464	Paolo_Manghi	0
2021-10-14.QinJ_2012.relative_abundance.NOM005	QinJ_2012	NOM005	stool	control	healthy	46	adult	male	CHN	no	IlluminaHiSeq	23023125	26950476	2425542840	Paolo_Manghi	0
2021-10-14.QinJ_2012.relative_abundance.NOM007	QinJ_2012	NOM007	stool	control	healthy	72	senior	male	CHN	no	IlluminaHiSeq	23023125	30300496	2242236704	Paolo_Manghi	0
2021-10-14.QinJ_2012.relative_abundance.NOM008	QinJ_2012	NOM008	stool	control	healthy	54	adult	male	CHN	no	IlluminaHiSeq	23023125	39052760	2928957000	Paolo_Manghi	0
2021-10-14.QinJ_2012.relative_abundance.NOM009	QinJ_2012	NOM009	stool	control	healthy	33	adult	male	CHN	no	IlluminaHiSeq	23023125	32495210	2924568900	Paolo_Manghi	0
2021-10-14.QinJ_2012.relative_abundance.NOM010	QinJ_2012	NOM010	stool	control	healthy	30	adult	male	CHN	no	IlluminaHiSeq	23023125	32807528	2952677520	Paolo_Manghi	0
2021-10-14.QinJ_2012.relative_abundance.NOM012	QinJ_2012	NOM012	stool	control	healthy	32	adult	male	CHN	no	IlluminaHiSeq	23023125	29282392	2166897008	Paolo_Manghi	0
2021-10-14.QinJ_2012.relative_abundance.NOM013	QinJ_2012	NOM013	stool	control	healthy	42	adult	male	CHN	no	IlluminaHiSeq	23023125	29503110	2183230140	Paolo_Manghi	0
2021-10-14.QinJ_2012.relative_abundance.NOM014	QinJ_2012	NOM014	stool	control	healthy	41	adult	male	CHN	no	IlluminaHiSeq	23023125	32125392	2891285280	Paolo_Manghi	0
2021-10-14.QinJ_2012.relative_abundance.NOM015	QinJ_2012	NOM015	stool	control	healthy	32	adult	male	CHN	no	IlluminaHiSeq	23023125	23970022	2157301980	Paolo_Manghi	0
2021-10-14.QinJ_2012.relative_abundance.NOM016	QinJ_2012	NOM016	stool	control	healthy	37	adult	male	CHN	no	IlluminaHiSeq	23023125	23779804	2140182360	Paolo_Manghi	0
2021-10-14.QinJ_2012.relative_abundance.NOM017	QinJ_2012	NOM017	stool	control	healthy	39	adult	male	CHN	no	IlluminaHiSeq	23023125	35319594	3178763460	Paolo_Manghi	0
2021-10-14.QinJ_2012.relative_abundance.NOM018	QinJ_2012	NOM018	stool	control	healthy	43	adult	male	CHN	no	IlluminaHiSeq	23023125	43883136	3291235200	Paolo_Manghi	0
2021-10-14.QinJ_2012.relative_abundance.NOM019	QinJ_2012	NOM019	stool	control	healthy	26	adult	male	CHN	no	IlluminaHiSeq	23023125	23301242	2097111780	Paolo_Manghi	0
2021-10-14.QinJ_2012.relative_abundance.NOM020	QinJ_2012	NOM020	stool	control	healthy	24	adult	male	CHN	no	IlluminaHiSeq	23023125	36226952	3260425680	Paolo_Manghi	0
2021-10-14.QinJ_2012.relative_abundance.NOM022	QinJ_2012	NOM022	stool	control	healthy	23	adult	male	CHN	no	IlluminaHiSeq	23023125	41575940	3118195500	Paolo_Manghi	0
2021-10-14.QinJ_2012.relative_abundance.NOM023	QinJ_2012	NOM023	stool	control	healthy	46	adult	male	CHN	no	IlluminaHiSeq	23023125	28699522	2123764628	Paolo_Manghi	0
2021-10-14.QinJ_2012.relative_abundance.NOM025	QinJ_2012	NOM025	stool	control	healthy	28	adult	male	CHN	no	IlluminaHiSeq	23023125	23715010	2134350900	Paolo_Manghi	0
2021-10-14.QinJ_2012.relative_abundance.NOM026	QinJ_2012	NOM026	stool	control	healthy	52	adult	male	CHN	no	IlluminaHiSeq	23023125	35100036	2597402664	Paolo_Manghi	0
2021-10-14.QinJ_2012.relative_abundance.NOM027	QinJ_2012	NOM027	stool	control	healthy	38	adult	male	CHN	no	IlluminaHiSeq	23023125	33722898	3035060820	Paolo_Manghi	0
2021-10-14.QinJ_2012.relative_abundance.NOM028	QinJ_2012	NOM028	stool	control	healthy	47	adult	male	CHN	no	IlluminaHiSeq	23023125	25479128	2293121520	Paolo_Manghi	0
2021-10-14.QinJ_2012.relative_abundance.NOM029	QinJ_2012	NOM029	stool	control	healthy	14	schoolage	male	CHN	no	IlluminaHiSeq	23023125	34295382	2537858268	Paolo_Manghi	0
2021-10-14.QinJ_2012.relative_abundance.T2D-001	QinJ_2012	T2D-001	stool	T2D	T2D	57	adult	female	CHN	no	IlluminaHiSeq	23023125	48251116	4342600440	Paolo_Manghi	1
2021-10-14.QinJ_2012.relative_abundance.T2D-002	QinJ_2012	T2D-002	stool	T2D	T2D	58	adult	female	CHN	no	IlluminaHiSeq	23023125	51845286	4666075740	Paolo_Manghi	1
2021-10-14.QinJ_2012.relative_abundance.T2D-003	QinJ_2012	T2D-003	stool	T2D	T2D	68	senior	female	CHN	no	IlluminaHiSeq	23023125	58333542	5250018780	Paolo_Manghi	1
2021-10-14.QinJ_2012.relative_abundance.T2D-004	QinJ_2012	T2D-004	stool	T2D	T2D	42	adult	female	CHN	no	IlluminaHiSeq	23023125	47864306	4307787540	Paolo_Manghi	1
2021-10-14.QinJ_2012.relative_abundance.T2D-005	QinJ_2012	T2D-005	stool	T2D	T2D	74	senior	female	CHN	no	IlluminaHiSeq	23023125	36482292	3283406280	Paolo_Manghi	1
2021-10-14.QinJ_2012.relative_abundance.T2D-006	QinJ_2012	T2D-006	stool	T2D	T2D	73	senior	female	CHN	no	IlluminaHiSeq	23023125	72503174	6525285660	Paolo_Manghi	1
2021-10-14.QinJ_2012.relative_abundance.T2D-007	QinJ_2012	T2D-007	stool	T2D	T2D	33	adult	female	CHN	no	IlluminaHiSeq	23023125	31421462	2827931580	Paolo_Manghi	1
2021-10-14.QinJ_2012.relative_abundance.T2D-008	QinJ_2012	T2D-008	stool	T2D	T2D	65	adult	female	CHN	no	IlluminaHiSeq	23023125	34768420	3129157800	Paolo_Manghi	1
2021-10-14.QinJ_2012.relative_abundance.T2D-009	QinJ_2012	T2D-009	stool	T2D	T2D	64	adult	female	CHN	no	IlluminaHiSeq	23023125	28150046	2533504140	Paolo_Manghi	1
2021-10-14.QinJ_2012.relative_abundance.T2D-010	QinJ_2012	T2D-010	stool	T2D	T2D	45	adult	female	CHN	no	IlluminaHiSeq	23023125	39444066	3549965940	Paolo_Manghi	1
2021-10-14.QinJ_2012.relative_abundance.T2D-011	QinJ_2012	T2D-011	stool	T2D	T2D	62	adult	female	CHN	no	IlluminaHiSeq	23023125	47317522	4258576980	Paolo_Manghi	1
2021-10-14.QinJ_2012.relative_abundance.T2D-012	QinJ_2012	T2D-012	stool	T2D	T2D	72	senior	female	CHN	no	IlluminaHiSeq	23023125	50447092	4540238280	Paolo_Manghi	1
2021-10-14.QinJ_2012.relative_abundance.T2D-013	QinJ_2012	T2D-013	stool	T2D	T2D	52	adult	female	CHN	no	IlluminaHiSeq	23023125	48425212	4358269080	Paolo_Manghi	1
2021-10-14.QinJ_2012.relative_abundance.T2D-014	QinJ_2012	T2D-014	stool	T2D	T2D	63	adult	female	CHN	no	IlluminaHiSeq	23023125	52225992	4700339280	Paolo_Manghi	1
2021-10-14.QinJ_2012.relative_abundance.T2D-015	QinJ_2012	T2D-015	stool	T2D	T2D	45	adult	female	CHN	no	IlluminaHiSeq	23023125	48637404	4377366360	Paolo_Manghi	1
2021-10-14.QinJ_2012.relative_abundance.T2D-016	QinJ_2012	T2D-016	stool	T2D	T2D	73	senior	male	CHN	no	IlluminaHiSeq	23023125	44629294	4016636460	Paolo_Manghi	1
2021-10-14.QinJ_2012.relative_abundance.T2D-017	QinJ_2012	T2D-017	stool	T2D	T2D	48	adult	male	CHN	no	IlluminaHiSeq	23023125	63521966	5716976940	Paolo_Manghi	1
2021-10-14.QinJ_2012.relative_abundance.T2D-018	QinJ_2012	T2D-018	stool	T2D	T2D	46	adult	male	CHN	no	IlluminaHiSeq	23023125	33517352	3016561680	Paolo_Manghi	1
2021-10-14.QinJ_2012.relative_abundance.T2D-019	QinJ_2012	T2D-019	stool	T2D	T2D	43	adult	male	CHN	no	IlluminaHiSeq	23023125	39810334	3582930060	Paolo_Manghi	1
2021-10-14.QinJ_2012.relative_abundance.T2D-020	QinJ_2012	T2D-020	stool	T2D	T2D	44	adult	male	CHN	no	IlluminaHiSeq	23023125	50627868	4556508120	Paolo_Manghi	1
2021-10-14.QinJ_2012.relative_abundance.T2D-021	QinJ_2012	T2D-021	stool	T2D	T2D	49	adult	male	CHN	no	IlluminaHiSeq	23023125	38799868	3491988120	Paolo_Manghi	1
2021-10-14.QinJ_2012.relative_abundance.T2D-022	QinJ_2012	T2D-022	stool	T2D	T2D	58	adult	male	CHN	no	IlluminaHiSeq	23023125	49636128	4467251520	Paolo_Manghi	1
2021-10-14.QinJ_2012.relative_abundance.T2D-023	QinJ_2012	T2D-023	stool	T2D	T2D	40	adult	male	CHN	no	IlluminaHiSeq	23023125	64697348	5822761320	Paolo_Manghi	1
2021-10-14.QinJ_2012.relative_abundance.T2D-024	QinJ_2012	T2D-024	stool	T2D	T2D	58	adult	male	CHN	no	IlluminaHiSeq	23023125	69615406	6265386540	Paolo_Manghi	1
2021-10-14.QinJ_2012.relative_abundance.T2D-025	QinJ_2012	T2D-025	stool	T2D	T2D	24	adult	male	CHN	no	IlluminaHiSeq	23023125	45739822	4116583980	Paolo_Manghi	1
2021-10-14.QinJ_2012.relative_abundance.T2D-026	QinJ_2012	T2D-026	stool	T2D	T2D	72	senior	male	CHN	no	IlluminaHiSeq	23023125	49381356	4444322040	Paolo_Manghi	1
2021-10-14.QinJ_2012.relative_abundance.T2D-028	QinJ_2012	T2D-028	stool	T2D	T2D	57	adult	male	CHN	no	IlluminaHiSeq	23023125	51021308	4591917720	Paolo_Manghi	1
2021-10-14.QinJ_2012.relative_abundance.T2D-029	QinJ_2012	T2D-029	stool	T2D	T2D	71	senior	male	CHN	no	IlluminaHiSeq	23023125	53692560	4832330400	Paolo_Manghi	1
2021-10-14.QinJ_2012.relative_abundance.T2D-030	QinJ_2012	T2D-030	stool	T2D	T2D	58	adult	male	CHN	no	IlluminaHiSeq	23023125	35367004	3183030360	Paolo_Manghi	1
2021-10-14.QinJ_2012.relative_abundance.T2D-031	QinJ_2012	T2D-031	stool	T2D	T2D	35	adult	male	CHN	no	IlluminaHiSeq	23023125	34566206	3110958540	Paolo_Manghi	1
2021-10-14.QinJ_2012.relative_abundance.T2D-036	QinJ_2012	T2D-036	stool	T2D	T2D	70	senior	male	CHN	no	IlluminaHiSeq	23023125	32112716	2890144440	Paolo_Manghi	1
2021-10-14.QinJ_2012.relative_abundance.T2D-039	QinJ_2012	T2D-039	stool	T2D	T2D	58	adult	male	CHN	no	IlluminaHiSeq	23023125	47649530	4288457700	Paolo_Manghi	1
2021-10-14.QinJ_2012.relative_abundance.T2D-040	QinJ_2012	T2D-040	stool	T2D	T2D	60	adult	male	CHN	no	IlluminaHiSeq	23023125	57149066	5143415940	Paolo_Manghi	1
2021-10-14.QinJ_2012.relative_abundance.T2D-041	QinJ_2012	T2D-041	stool	T2D	T2D	56	adult	male	CHN	no	IlluminaHiSeq	23023125	46322748	4169047320	Paolo_Manghi	1
2021-10-14.QinJ_2012.relative_abundance.T2D-042	QinJ_2012	T2D-042	stool	T2D	T2D	81	senior	male	CHN	no	IlluminaHiSeq	23023125	48472978	4362568020	Paolo_Manghi	1
2021-10-14.QinJ_2012.relative_abundance.T2D-043	QinJ_2012	T2D-043	stool	T2D	T2D	55	adult	male	CHN	no	IlluminaHiSeq	23023125	66835248	6015172320	Paolo_Manghi	1
2021-10-14.QinJ_2012.relative_abundance.T2D-044	QinJ_2012	T2D-044	stool	T2D	T2D	51	adult	male	CHN	no	IlluminaHiSeq	23023125	43241468	3891732120	Paolo_Manghi	1
2021-10-14.QinJ_2012.relative_abundance.T2D-045	QinJ_2012	T2D-045	stool	T2D	T2D	33	adult	male	CHN	no	IlluminaHiSeq	23023125	54549592	4909463280	Paolo_Manghi	1
2021-10-14.QinJ_2012.relative_abundance.T2D-046	QinJ_2012	T2D-046	stool	T2D	T2D	55	adult	female	CHN	no	IlluminaHiSeq	23023125	42955850	3866026500	Paolo_Manghi	1
2021-10-14.QinJ_2012.relative_abundance.T2D-047	QinJ_2012	T2D-047	stool	T2D	T2D	86	senior	female	CHN	no	IlluminaHiSeq	23023125	53980064	4858205760	Paolo_Manghi	1
2021-10-14.QinJ_2012.relative_abundance.T2D-048	QinJ_2012	T2D-048	stool	T2D	T2D	28	adult	female	CHN	no	IlluminaHiSeq	23023125	59355112	5341960080	Paolo_Manghi	1
2021-10-14.QinJ_2012.relative_abundance.T2D-049	QinJ_2012	T2D-049	stool	T2D	T2D	54	adult	female	CHN	no	IlluminaHiSeq	23023125	46485044	4183653960	Paolo_Manghi	1
2021-10-14.QinJ_2012.relative_abundance.T2D-050	QinJ_2012	T2D-050	stool	T2D	T2D	71	senior	female	CHN	no	IlluminaHiSeq	23023125	55243200	4971888000	Paolo_Manghi	1
2021-10-14.QinJ_2012.relative_abundance.T2D-051	QinJ_2012	T2D-051	stool	T2D	T2D	50	adult	female	CHN	no	IlluminaHiSeq	23023125	51405986	4626538740	Paolo_Manghi	1
2021-10-14.QinJ_2012.relative_abundance.T2D-052	QinJ_2012	T2D-052	stool	T2D	T2D	71	senior	female	CHN	no	IlluminaHiSeq	23023125	59600380	5364034200	Paolo_Manghi	1
2021-10-14.QinJ_2012.relative_abundance.T2D-053	QinJ_2012	T2D-053	stool	T2D	T2D	49	adult	female	CHN	no	IlluminaHiSeq	23023125	43553194	3919787460	Paolo_Manghi	1
2021-10-14.QinJ_2012.relative_abundance.T2D-054	QinJ_2012	T2D-054	stool	T2D	T2D	66	senior	female	CHN	no	IlluminaHiSeq	23023125	58503804	5265342360	Paolo_Manghi	1
2021-10-14.QinJ_2012.relative_abundance.T2D-055	QinJ_2012	T2D-055	stool	T2D	T2D	60	adult	female	CHN	no	IlluminaHiSeq	23023125	35137090	3162338100	Paolo_Manghi	1
2021-10-14.QinJ_2012.relative_abundance.T2D-056	QinJ_2012	T2D-056	stool	T2D	T2D	64	adult	female	CHN	no	IlluminaHiSeq	23023125	46494710	4184523900	Paolo_Manghi	1
2021-10-14.QinJ_2012.relative_abundance.T2D-057	QinJ_2012	T2D-057	stool	T2D	T2D	75	senior	female	CHN	no	IlluminaHiSeq	23023125	58242046	5241784140	Paolo_Manghi	1
2021-10-14.QinJ_2012.relative_abundance.T2D-058	QinJ_2012	T2D-058	stool	T2D	T2D	55	adult	female	CHN	no	IlluminaHiSeq	23023125	67734538	6096108420	Paolo_Manghi	1
2021-10-14.QinJ_2012.relative_abundance.T2D-059	QinJ_2012	T2D-059	stool	T2D	T2D	32	adult	female	CHN	no	IlluminaHiSeq	23023125	58275484	5244793560	Paolo_Manghi	1
2021-10-14.QinJ_2012.relative_abundance.T2D-060	QinJ_2012	T2D-060	stool	T2D	T2D	46	adult	female	CHN	no	IlluminaHiSeq	23023125	32072908	2886561720	Paolo_Manghi	1
2021-10-14.QinJ_2012.relative_abundance.T2D-062	QinJ_2012	T2D-062	stool	T2D	T2D	25	adult	female	CHN	no	IlluminaHiSeq	23023125	53652434	4828719060	Paolo_Manghi	1
2021-10-14.QinJ_2012.relative_abundance.T2D-063	QinJ_2012	T2D-063	stool	T2D	T2D	54	adult	female	CHN	no	IlluminaHiSeq	23023125	60707470	5463672300	Paolo_Manghi	1
2021-10-14.QinJ_2012.relative_abundance.T2D-064	QinJ_2012	T2D-064	stool	T2D	T2D	54	adult	female	CHN	no	IlluminaHiSeq	23023125	54093762	4868438580	Paolo_Manghi	1
2021-10-14.QinJ_2012.relative_abundance.T2D-065	QinJ_2012	T2D-065	stool	T2D	T2D	58	adult	female	CHN	no	IlluminaHiSeq	23023125	42571454	3831430860	Paolo_Manghi	1
2021-10-14.QinJ_2012.relative_abundance.T2D-066	QinJ_2012	T2D-066	stool	T2D	T2D	61	adult	female	CHN	no	IlluminaHiSeq	23023125	46421532	4177937880	Paolo_Manghi	1
2021-10-14.QinJ_2012.relative_abundance.T2D-067	QinJ_2012	T2D-067	stool	T2D	T2D	83	senior	female	CHN	no	IlluminaHiSeq	23023125	66440864	5979677760	Paolo_Manghi	1
2021-10-14.QinJ_2012.relative_abundance.T2D-068	QinJ_2012	T2D-068	stool	T2D	T2D	54	adult	female	CHN	no	IlluminaHiSeq	23023125	71108892	6399800280	Paolo_Manghi	1
2021-10-14.QinJ_2012.relative_abundance.T2D-069	QinJ_2012	T2D-069	stool	T2D	T2D	55	adult	female	CHN	no	IlluminaHiSeq	23023125	72044412	6483997080	Paolo_Manghi	1
2021-10-14.QinJ_2012.relative_abundance.T2D-070	QinJ_2012	T2D-070	stool	T2D	T2D	74	senior	female	CHN	no	IlluminaHiSeq	23023125	43109732	3879875880	Paolo_Manghi	1
2021-10-14.QinJ_2012.relative_abundance.T2D-071	QinJ_2012	T2D-071	stool	T2D	T2D	46	adult	male	CHN	no	IlluminaHiSeq	23023125	61965310	5576877900	Paolo_Manghi	1
2021-10-14.QinJ_2012.relative_abundance.T2D-072	QinJ_2012	T2D-072	stool	T2D	T2D	43	adult	male	CHN	no	IlluminaHiSeq	23023125	44340978	3990688020	Paolo_Manghi	1
2021-10-14.QinJ_2012.relative_abundance.T2D-073	QinJ_2012	T2D-073	stool	T2D	T2D	39	adult	male	CHN	no	IlluminaHiSeq	23023125	57536000	5178240000	Paolo_Manghi	1
2021-10-14.QinJ_2012.relative_abundance.T2D-074	QinJ_2012	T2D-074	stool	T2D	T2D	58	adult	male	CHN	no	IlluminaHiSeq	23023125	49301818	4437163620	Paolo_Manghi	1
2021-10-14.QinJ_2012.relative_abundance.T2D-075	QinJ_2012	T2D-075	stool	T2D	T2D	72	senior	male	CHN	no	IlluminaHiSeq	23023125	55630074	5006706660	Paolo_Manghi	1
2021-10-14.QinJ_2012.relative_abundance.T2D-076	QinJ_2012	T2D-076	stool	T2D	T2D	57	adult	male	CHN	no	IlluminaHiSeq	23023125	39927024	3593432160	Paolo_Manghi	1
2021-10-14.QinJ_2012.relative_abundance.T2D-077	QinJ_2012	T2D-077	stool	T2D	T2D	51	adult	male	CHN	no	IlluminaHiSeq	23023125	53958068	4856226120	Paolo_Manghi	1
2021-10-14.QinJ_2012.relative_abundance.T2D-078	QinJ_2012	T2D-078	stool	T2D	T2D	81	senior	male	CHN	no	IlluminaHiSeq	23023125	56442720	5079844800	Paolo_Manghi	1
2021-10-14.QinJ_2012.relative_abundance.T2D-079	QinJ_2012	T2D-079	stool	T2D	T2D	61	adult	male	CHN	no	IlluminaHiSeq	23023125	48296198	4346657820	Paolo_Manghi	1
2021-10-14.QinJ_2012.relative_abundance.T2D-080	QinJ_2012	T2D-080	stool	T2D	T2D	49	adult	male	CHN	no	IlluminaHiSeq	23023125	49691540	4472238600	Paolo_Manghi	1
2021-10-14.QinJ_2012.relative_abundance.T2D-081	QinJ_2012	T2D-081	stool	T2D	T2D	55	adult	male	CHN	no	IlluminaHiSeq	23023125	57831770	5204859300	Paolo_Manghi	1
2021-10-14.QinJ_2012.relative_abundance.T2D-082	QinJ_2012	T2D-082	stool	T2D	T2D	29	adult	male	CHN	no	IlluminaHiSeq	23023125	47334488	4260103920	Paolo_Manghi	1
2021-10-14.QinJ_2012.relative_abundance.T2D-083	QinJ_2012	T2D-083	stool	T2D	T2D	46	adult	male	CHN	no	IlluminaHiSeq	23023125	47336470	4260282300	Paolo_Manghi	1
2021-10-14.QinJ_2012.relative_abundance.T2D-084	QinJ_2012	T2D-084	stool	T2D	T2D	55	adult	male	CHN	no	IlluminaHiSeq	23023125	35445500	3190095000	Paolo_Manghi	1
2021-10-14.QinJ_2012.relative_abundance.T2D-085	QinJ_2012	T2D-085	stool	T2D	T2D	36	adult	male	CHN	no	IlluminaHiSeq	23023125	54470488	4902343920	Paolo_Manghi	1
2021-10-14.QinJ_2012.relative_abundance.T2D-086	QinJ_2012	T2D-086	stool	T2D	T2D	60	adult	male	CHN	no	IlluminaHiSeq	23023125	75983422	6838507980	Paolo_Manghi	1
2021-10-14.QinJ_2012.relative_abundance.T2D-087	QinJ_2012	T2D-087	stool	T2D	T2D	33	adult	male	CHN	no	IlluminaHiSeq	23023125	37360940	3362484600	Paolo_Manghi	1
2021-10-14.QinJ_2012.relative_abundance.T2D-088	QinJ_2012	T2D-088	stool	T2D	T2D	71	senior	male	CHN	no	IlluminaHiSeq	23023125	55908886	5031799740	Paolo_Manghi	1
2021-10-14.QinJ_2012.relative_abundance.T2D-089	QinJ_2012	T2D-089	stool	T2D	T2D	41	adult	male	CHN	no	IlluminaHiSeq	23023125	59652908	5368761720	Paolo_Manghi	1
2021-10-14.QinJ_2012.relative_abundance.T2D-090	QinJ_2012	T2D-090	stool	T2D	T2D	13	schoolage	male	CHN	no	IlluminaHiSeq	23023125	68858570	6197271300	Paolo_Manghi	1
2021-10-14.QinJ_2012.relative_abundance.T2D-091	QinJ_2012	T2D-091	stool	T2D	T2D	57	adult	male	CHN	no	IlluminaHiSeq	23023125	46174306	4155687540	Paolo_Manghi	1
2021-10-14.QinJ_2012.relative_abundance.T2D-092	QinJ_2012	T2D-092	stool	T2D	T2D	80	senior	male	CHN	no	IlluminaHiSeq	23023125	49875176	4488765840	Paolo_Manghi	1
2021-10-14.QinJ_2012.relative_abundance.T2D-093	QinJ_2012	T2D-093	stool	T2D	T2D	57	adult	male	CHN	no	IlluminaHiSeq	23023125	52213242	4699191780	Paolo_Manghi	1
2021-10-14.QinJ_2012.relative_abundance.T2D-094	QinJ_2012	T2D-094	stool	T2D	T2D	62	adult	male	CHN	no	IlluminaHiSeq	23023125	44191768	3977259120	Paolo_Manghi	1
2021-10-14.QinJ_2012.relative_abundance.T2D-095	QinJ_2012	T2D-095	stool	T2D	T2D	37	adult	male	CHN	no	IlluminaHiSeq	23023125	48487208	4363848720	Paolo_Manghi	1
2021-10-14.QinJ_2012.relative_abundance.T2D-096	QinJ_2012	T2D-096	stool	T2D	T2D	49	adult	male	CHN	no	IlluminaHiSeq	23023125	44546466	4009181940	Paolo_Manghi	1
2021-10-14.QinJ_2012.relative_abundance.T2D-097	QinJ_2012	T2D-097	stool	T2D	T2D	31	adult	male	CHN	no	IlluminaHiSeq	23023125	42764708	3848823720	Paolo_Manghi	1
2021-10-14.QinJ_2012.relative_abundance.T2D-098	QinJ_2012	T2D-098	stool	T2D	T2D	58	adult	male	CHN	no	IlluminaHiSeq	23023125	61312836	5518155240	Paolo_Manghi	1
2021-10-14.QinJ_2012.relative_abundance.T2D-099	QinJ_2012	T2D-099	stool	T2D	T2D	62	adult	male	CHN	no	IlluminaHiSeq	23023125	76797816	6911803440	Paolo_Manghi	1
2021-10-14.QinJ_2012.relative_abundance.T2D-100	QinJ_2012	T2D-100	stool	T2D	T2D	41	adult	male	CHN	no	IlluminaHiSeq	23023125	43836752	3945307680	Paolo_Manghi	1
2021-10-14.QinJ_2012.relative_abundance.T2D-101	QinJ_2012	T2D-101	stool	T2D	T2D	61	adult	male	CHN	no	IlluminaHiSeq	23023125	44227218	3980449620	Paolo_Manghi	1
2021-10-14.QinJ_2012.relative_abundance.T2D-102	QinJ_2012	T2D-102	stool	T2D	T2D	44	adult	male	CHN	no	IlluminaHiSeq	23023125	46305862	4167527580	Paolo_Manghi	1
2021-10-14.QinJ_2012.relative_abundance.T2D-103	QinJ_2012	T2D-103	stool	T2D	T2D	65	adult	male	CHN	no	IlluminaHiSeq	23023125	50226912	4520422080	Paolo_Manghi	1
2021-10-14.QinJ_2012.relative_abundance.T2D-104	QinJ_2012	T2D-104	stool	T2D	T2D	79	senior	male	CHN	no	IlluminaHiSeq	23023125	62012558	5581130220	Paolo_Manghi	1
2021-10-14.QinJ_2012.relative_abundance.T2D-105	QinJ_2012	T2D-105	stool	T2D	T2D	65	adult	male	CHN	no	IlluminaHiSeq	23023125	51594418	4643497620	Paolo_Manghi	1
2021-10-14.QinJ_2012.relative_abundance.T2D-106	QinJ_2012	T2D-106	stool	T2D	T2D	63	adult	male	CHN	no	IlluminaHiSeq	23023125	45947608	4135284720	Paolo_Manghi	1
2021-10-14.QinJ_2012.relative_abundance.T2D-107	QinJ_2012	T2D-107	stool	T2D	T2D	40	adult	male	CHN	no	IlluminaHiSeq	23023125	62432024	5618882160	Paolo_Manghi	1
2021-03-31.SankaranarayananK_2015.relative_abundance.CA01	SankaranarayananK_2015	CA01	stool	control	healthy	55	adult	male	USA	no	IlluminaHiSeq	26671671	42228492	4018808535	Aitor_Blanco_Miguez;Paolo_Manghi	0
2021-03-31.SankaranarayananK_2015.relative_abundance.CA02	SankaranarayananK_2015	CA02	stool	T2D	T2D	55	adult	female	USA	no	IlluminaHiSeq	26671671	45955348	4271456674	Aitor_Blanco_Miguez;Paolo_Manghi	1
2021-03-31.SankaranarayananK_2015.relative_abundance.CA03	SankaranarayananK_2015	CA03	stool	control	healthy	27	adult	female	USA	no	IlluminaHiSeq	26671671	54875512	5097414030	Aitor_Blanco_Miguez;Paolo_Manghi	0
2021-03-31.SankaranarayananK_2015.relative_abundance.CA04	SankaranarayananK_2015	CA04	stool	control	healthy	30	adult	male	USA	no	IlluminaHiSeq	26671671	46594820	4272381461	Aitor_Blanco_Miguez;Paolo_Manghi	0
2021-03-31.SankaranarayananK_2015.relative_abundance.CA05	SankaranarayananK_2015	CA05	stool	T2D	T2D	84	senior	female	USA	no	IlluminaHiSeq	26671671	44996436	4108468332	Aitor_Blanco_Miguez;Paolo_Manghi	1
2021-03-31.SankaranarayananK_2015.relative_abundance.CA06	SankaranarayananK_2015	CA06	stool	control	healthy	51	adult	female	USA	no	IlluminaHiSeq	26671671	45694050	4223092818	Aitor_Blanco_Miguez;Paolo_Manghi	0
2021-03-31.SankaranarayananK_2015.relative_abundance.CA08	SankaranarayananK_2015	CA08	stool	control	healthy	33	adult	female	USA	no	IlluminaHiSeq	26671671	29005936	2711508225	Aitor_Blanco_Miguez;Paolo_Manghi	0
2021-03-31.SankaranarayananK_2015.relative_abundance.CA12	SankaranarayananK_2015	CA12	stool	T2D	T2D	43	adult	female	USA	no	IlluminaHiSeq	26671671	47575430	4465577058	Aitor_Blanco_Miguez;Paolo_Manghi	1
2021-03-31.SankaranarayananK_2015.relative_abundance.CA13	SankaranarayananK_2015	CA13	stool	control	healthy	20	adult	female	USA	no	IlluminaHiSeq	26671671	48663014	4495743523	Aitor_Blanco_Miguez;Paolo_Manghi	0
2021-03-31.SankaranarayananK_2015.relative_abundance.CA14	SankaranarayananK_2015	CA14	stool	control	healthy	21	adult	male	USA	no	IlluminaHiSeq	26671671	47942068	4457809065	Aitor_Blanco_Miguez;Paolo_Manghi	0
2021-03-31.SankaranarayananK_2015.relative_abundance.CA15	SankaranarayananK_2015	CA15	stool	T2D	T2D	34	adult	female	USA	no	IlluminaHiSeq	26671671	53575258	5051671301	Aitor_Blanco_Miguez;Paolo_Manghi	1
2021-03-31.SankaranarayananK_2015.relative_abundance.CA16	SankaranarayananK_2015	CA16	stool	T2D	T2D	45	adult	male	USA	no	IlluminaHiSeq	26671671	26392946	2361033299	Aitor_Blanco_Miguez;Paolo_Manghi	1
2021-03-31.SankaranarayananK_2015.relative_abundance.CA17	SankaranarayananK_2015	CA17	stool	T2D	T2D	39	adult	male	USA	no	IlluminaHiSeq	26671671	54602024	5037720075	Aitor_Blanco_Miguez;Paolo_Manghi	1
2021-03-31.SankaranarayananK_2015.relative_abundance.CA18	SankaranarayananK_2015	CA18	stool	control	healthy	69	senior	male	USA	no	IlluminaHiSeq	26671671	48051224	4455955750	Aitor_Blanco_Miguez;Paolo_Manghi	0
2021-03-31.SankaranarayananK_2015.relative_abundance.CA19	SankaranarayananK_2015	CA19	stool	control	healthy	68	senior	female	USA	no	IlluminaHiSeq	26671671	44425834	4126413886	Aitor_Blanco_Miguez;Paolo_Manghi	0
2021-03-31.SankaranarayananK_2015.relative_abundance.CA20	SankaranarayananK_2015	CA20	stool	control	healthy	54	adult	female	USA	no	IlluminaHiSeq	26671671	42655360	3993598368	Aitor_Blanco_Miguez;Paolo_Manghi	0
2021-03-31.SankaranarayananK_2015.relative_abundance.CA21	SankaranarayananK_2015	CA21	stool	T2D	T2D	65	adult	female	USA	no	IlluminaHiSeq	26671671	47278144	4394028702	Aitor_Blanco_Miguez;Paolo_Manghi	1
2021-03-31.SankaranarayananK_2015.relative_abundance.CA22	SankaranarayananK_2015	CA22	stool	T2D	T2D	41	adult	female	USA	no	IlluminaHiSeq	26671671	46342058	4360931339	Aitor_Blanco_Miguez;Paolo_Manghi	1
2021-03-31.SankaranarayananK_2015.relative_abundance.CA23	SankaranarayananK_2015	CA23	stool	T2D	T2D	65	adult	female	USA	no	IlluminaHiSeq	26671671	35495262	3319873514	Aitor_Blanco_Miguez;Paolo_Manghi	1
2021-03-31.SankaranarayananK_2015.relative_abundance.CA24	SankaranarayananK_2015	CA24	stool	control	healthy	55	adult	male	USA	no	IlluminaHiSeq	26671671	41528206	3844465571	Aitor_Blanco_Miguez;Paolo_Manghi	0
2021-03-31.SankaranarayananK_2015.relative_abundance.CA25	SankaranarayananK_2015	CA25	stool	T2D	T2D	65	adult	male	USA	no	IlluminaHiSeq	26671671	47741158	4443188164	Aitor_Blanco_Miguez;Paolo_Manghi	1
2021-03-31.SankaranarayananK_2015.relative_abundance.CA26	SankaranarayananK_2015	CA26	stool	T2D	T2D	56	adult	male	USA	no	IlluminaHiSeq	26671671	54068546	5002911271	Aitor_Blanco_Miguez;Paolo_Manghi	1
2021-03-31.SankaranarayananK_2015.relative_abundance.CA27	SankaranarayananK_2015	CA27	stool	T2D	T2D	55	adult	male	USA	no	IlluminaHiSeq	26671671	45948380	4292622453	Aitor_Blanco_Miguez;Paolo_Manghi	1
2021-03-31.SankaranarayananK_2015.relative_abundance.CA28	SankaranarayananK_2015	CA28	stool	T2D	T2D	55	adult	female	USA	no	IlluminaHiSeq	26671671	46225620	4309168198	Aitor_Blanco_Miguez;Paolo_Manghi	1
2021-03-31.SankaranarayananK_2015.relative_abundance.CA29	SankaranarayananK_2015	CA29	stool	control	healthy	45	adult	female	USA	no	IlluminaHiSeq	26671671	45768414	4183867375	Aitor_Blanco_Miguez;Paolo_Manghi	0
2021-03-31.SankaranarayananK_2015.relative_abundance.CA30	SankaranarayananK_2015	CA30	stool	T2D	T2D	55	adult	male	USA	no	IlluminaHiSeq	26671671	40308980	3754745853	Aitor_Blanco_Miguez;Paolo_Manghi	1
2021-03-31.SankaranarayananK_2015.relative_abundance.CA31	SankaranarayananK_2015	CA31	stool	control	healthy	62	adult	male	USA	no	IlluminaHiSeq	26671671	42161718	3964703456	Aitor_Blanco_Miguez;Paolo_Manghi	0
2021-03-31.SankaranarayananK_2015.relative_abundance.CA32	SankaranarayananK_2015	CA32	stool	T2D	T2D	44	adult	female	USA	no	IlluminaHiSeq	26671671	40441040	3800921218	Aitor_Blanco_Miguez;Paolo_Manghi	1
2021-03-31.SankaranarayananK_2015.relative_abundance.CA33	SankaranarayananK_2015	CA33	stool	T2D	T2D	69	senior	female	USA	no	IlluminaHiSeq	26671671	39208772	3600563338	Aitor_Blanco_Miguez;Paolo_Manghi	1
2021-03-31.SankaranarayananK_2015.relative_abundance.CA34	SankaranarayananK_2015	CA34	stool	control	healthy	44	adult	female	USA	no	IlluminaHiSeq	26671671	39332274	3688412486	Aitor_Blanco_Miguez;Paolo_Manghi	0
2021-03-31.SankaranarayananK_2015.relative_abundance.CA35	SankaranarayananK_2015	CA35	stool	control	healthy	49	adult	female	USA	no	IlluminaHiSeq	26671671	60284686	5534876946	Aitor_Blanco_Miguez;Paolo_Manghi	0
2021-03-31.SankaranarayananK_2015.relative_abundance.CA36	SankaranarayananK_2015	CA36	stool	T2D	T2D	66	senior	male	USA	no	IlluminaHiSeq	26671671	53718300	4980405888	Aitor_Blanco_Miguez;Paolo_Manghi	1
2021-03-31.SankaranarayananK_2015.relative_abundance.CA37	SankaranarayananK_2015	CA37	stool	T2D	T2D	50	adult	female	USA	no	IlluminaHiSeq	26671671	61659748	5763099523	Aitor_Blanco_Miguez;Paolo_Manghi	1
2021-03-31.SankaranarayananK_2015.relative_abundance.CA38	SankaranarayananK_2015	CA38	stool	control	healthy	29	adult	female	USA	no	IlluminaHiSeq	26671671	50874934	4738492513	Aitor_Blanco_Miguez;Paolo_Manghi	0
2021-03-31.SankaranarayananK_2015.relative_abundance.CA39	SankaranarayananK_2015	CA39	stool	control	healthy	29	adult	female	USA	no	IlluminaHiSeq	26671671	54417132	5019868021	Aitor_Blanco_Miguez;Paolo_Manghi	0
2021-03-31.SankaranarayananK_2015.relative_abundance.CA40	SankaranarayananK_2015	CA40	stool	T2D	T2D	55	adult	male	USA	no	IlluminaHiSeq	26671671	52690478	4903187752	Aitor_Blanco_Miguez;Paolo_Manghi	1
2021-03-31.SankaranarayananK_2015.relative_abundance.CA41	SankaranarayananK_2015	CA41	stool	control	healthy	55	adult	female	USA	no	IlluminaHiSeq	26671671	24097686	2156388797	Aitor_Blanco_Miguez;Paolo_Manghi	0
