{
  "observed_mean_geodesic": 3.7288956033298484,
  "null_mean": 3.2502743528128737,
  "null_std": 0.015800094120907087,
  "z": 30.29230375617564,
  "p": 0.0,
  "null_distribution": [
    3.238826764428696,
    3.245048225015115,
    3.237256721684075,
    3.2410521143122537,
    3.228405622229915,
    3.2281434964719926,
    3.2278066178663005,
    3.2486775742671257,
    3.283601172838195,
    3.282076023901546,
    3.2536599373402595,
    3.234847569437738,
    3.257229402248003,
    3.258478945794218,
    3.2869912725534784,
    3.2664762468562563,
    3.2424539513742587,
    3.2332625414186,
    3.258574517993202,
    3.2437559075656424,
    3.229689161012253,
    3.265167865712312,
    3.2601715341359743,
    3.2374032857220723,
    3.240165566407701,
    3.252490065462771,
    3.2629910454716056,
    3.2673801688470094,
    3.2612195159585307,
    3.261278494956334,
    3.2712277301984694,
    3.2544914459194603,
    3.2593224365096902,
    3.2574954795260647,
    3.230364195984941,
    3.2595282856802634,
    3.2510944573441947,
    3.2682561263842613,
    3.260267885616924,
    3.2389016461726587,
    3.2539915675136077,
    3.251910978154156,
    3.2287680578828053,
    3.2476891220420465,
    3.2572925391712295,
    3.2645773956261173,
    3.240917290936732,
    3.232959220229625,
    3.2372087768281115,
    3.21287167363888
  ]
}