{
  "observed_mean_geodesic": 3.6280905850443,
  "null_mean": 3.1245811966871484,
  "null_std": 0.01961289354964591,
  "z": 25.67236634701306,
  "p": 0.0,
  "null_distribution": [
    3.0946607518439198,
    3.138408656763058,
    3.0958664625525794,
    3.133285097651562,
    3.1236018085558603,
    3.1192784935146047,
    3.1594899550908635,
    3.131165086824509,
    3.1297589435281745,
    3.134314835369412,
    3.1307539151595636,
    3.099217268712862,
    3.1205042021104856,
    3.140277351715925,
    3.0904850101663266,
    3.105846707025225,
    3.1247400510320493,
    3.1255882028995616,
    3.1249865723410752,
    3.1467111182435175,
    3.1253005953492714,
    3.124678094645703,
    3.113536519857778,
    3.112831480679687,
    3.1228524508204214,
    3.122360949332075,
    3.0996412748062134,
    3.137029008543901,
    3.1198609819899534,
    3.128752748958844,
    3.1412442038448063,
    3.171428085466689,
    3.1147489298290725,
    3.0988652296713983,
    3.1273299540666786,
    3.108650870151283,
    3.134878924223289,
    3.0975919380127857,
    3.133355494065673,
    3.127614589364158,
    3.128249756897101,
    3.0787332726004166,
    3.0962283289231527,
    3.131323255797118,
    3.1104902227726416,
    3.113275352651908,
    3.156032014838596,
    3.116120001079824,
    3.1267622002714575,
    3.1095050427654223,
    3.124760030621551,
    3.093947847759044,
    3.123456079775518,
    3.105699038134406,
    3.125718835646423,
    3.141534164472988,
    3.126414005971809,
    3.1188753392069892,
    3.097449726329626,
    3.073034351170868,
    3.1543303882084377,
    3.142025102043832,
    3.1282937936740582,
    3.1500873619357312,
    3.1390202123749407,
    3.1221732156257556,
    3.1232238176423013,
    3.1503915563059195,
    3.1102285131081566,
    3.1274124935990426,
    3.1147226892458244,
    3.113837015290939,
    3.1601751423411777,
    3.131357958209253,
    3.1313667998434833,
    3.104425851220132,
    3.1038576744415054,
    3.168704249316354,
    3.125603663109089,
    3.1678498064527405,
    3.1383425930917146,
    3.092664541930768,
    3.172644319314712,
    3.122556858632555,
    3.1598656309511717,
    3.1294371196502446,
    3.1359466003693823,
    3.068275941561632,
    3.1187090381110334,
    3.09409321168033,
    3.1008858780232007,
    3.129569813091363,
    3.1215166106006222,
    3.1300995933409066,
    3.124300987033142,
    3.1115171090233127,
    3.110031959056081,
    3.1423476494792824,
    3.1336951886869175,
    3.1375507459907404,
    3.1278459403706402,
    3.1248526851691953,
    3.134816809301612,
    3.096626994099454,
    3.1188899665543284,
    3.1355254024050456,
    3.148225676809913,
    3.124629986215311,
    3.1046923836469187,
    3.159362928224325,
    3.133535452568862,
    3.1167262569043612,
    3.1399259439695175,
    3.1273203017475493,
    3.117569078458571,
    3.1395598945830496,
    3.077340191477963,
    3.1244400583769893,
    3.121440819149301,
    3.1148800629600832,
    3.1197467879986895,
    3.125830652633064,
    3.1249646847394166,
    3.130674418465841,
    3.1101853740243914,
    3.1219665533316654,
    3.144236475581879,
    3.1017584660560034,
    3.1074223703028134,
    3.1614406566777102,
    3.12835958978183,
    3.140456571632617,
    3.1189043951926783,
    3.091989010790546,
    3.1323848169271646,
    3.1270862715119834,
    3.122349627433431,
    3.1059949069642077,
    3.1414984631256533,
    3.1316783983408363,
    3.114825137906752,
    3.126208551037761,
    3.1000041674688426,
    3.172281154045473,
    3.146595470820036,
    3.0981541289027343,
    3.0912003932003937,
    3.13011867368716,
    3.106393967447545,
    3.1190454698876904,
    3.1036907151574873,
    3.1533934553354057,
    3.1605488986640298,
    3.1322530147778567,
    3.1387277845943506,
    3.1063256521967233,
    3.146921652989384,
    3.122731959011796,
    3.100639817705153,
    3.124971650676421,
    3.0796879420899073,
    3.1008785182665233,
    3.1184132510891245,
    3.0986603348256825,
    3.1271835991746113,
    3.1045704426141194,
    3.114529273884882,
    3.130753971324302,
    3.1132585632873147,
    3.1254272901418427,
    3.137621542876761,
    3.088478012320051,
    3.127160059302791,
    3.1313528575563216,
    3.12353521464439,
    3.149682646787662,
    3.109551087699966,
    3.1442627771728326,
    3.132006608445057,
    3.1162488128967123,
    3.1275804395484577,
    3.1755468459393223,
    3.1678563901010093,
    3.136803066059445,
    3.130932688815696,
    3.1467239801362186,
    3.129805991175829,
    3.1190127823065654,
    3.1248086766264906,
    3.122242084183737,
    3.1165376635813873,
    3.129409355099197,
    3.125084174199095,
    3.1052584101510003,
    3.129200652407446,
    3.1295736169129635,
    3.1359870394518388,
    3.150000187099921,
    3.156973423103878,
    3.1392316480355236
  ]
}