{
  "n_studies": 9,
  "n_pairs": 72,
  "k": 10,
  "min_prevalence": 0.1,
  "rho_dt_score": 0.02414946298797351,
  "p_dt_score": 0.8404186460967966,
  "rho_dt_abs": 0.009035950865007396,
  "p_dt_abs": 0.939950387633002,
  "rho_dt_alignment": 0.04382918515660172,
  "p_dt_alignment": 0.7146860548068695,
  "rho_bn_score": -0.019814082981505863,
  "p_bn_score": 0.8687851762616471,
  "rho_geodesic": 0.1179204337762951,
  "p_geodesic": 0.32387624612321914,
  "rho_centroid_dist": 0.08987101923754444,
  "p_centroid_dist": 0.45279969619409277
}