{
  "observed_mean_geodesic": 3.6041032053319673,
  "null_mean": 3.1687264673255955,
  "null_std": 0.015847898911498078,
  "z": 27.472205647590425,
  "p": 0.0,
  "null_distribution": [
    3.145260860681201,
    3.155693609920292,
    3.158065393437285,
    3.167210547428249,
    3.1536997766647774,
    3.1448225363145705,
    3.122983619353274,
    3.160673848374163,
    3.1976579742599927,
    3.1955307237282287,
    3.1803512079762415,
    3.163027745801099,
    3.17471732545945,
    3.1601996048190815,
    3.1978122102050044,
    3.1802036949122225,
    3.1542052383916066,
    3.16831624942879,
    3.1731677660991164,
    3.1491348113941577,
    3.149907900973753,
    3.180423904267728,
    3.1670679241446758,
    3.153722783395134,
    3.1573190896308527,
    3.1605806047238048,
    3.1853284089517664,
    3.1830620598378365,
    3.1798530307875414,
    3.177122454320304,
    3.185574742052098,
    3.1645105424222932,
    3.1735945200978724,
    3.1794983419882805,
    3.1486109163176534,
    3.182733824244108,
    3.1625234459222886,
    3.172721351297138,
    3.1735002058857753,
    3.1626357222572796,
    3.167916413323059,
    3.176563476838664,
    3.1431139500747918,
    3.1601533474827015,
    3.1817607311462184,
    3.185817338751441,
    3.1622901397692833,
    3.1499354934847386,
    3.1421552015725878,
    3.1336513966039528,
    3.1937220785325535,
    3.170918357008472,
    3.1751301918935955,
    3.156045697451295,
    3.1721743566573264,
    3.1608190781432866,
    3.165436890958713,
    3.169730015257603,
    3.1668667395726815,
    3.1799357321171704,
    3.1680421571178665,
    3.1791989134628165,
    3.1347466830000346,
    3.18057912459256,
    3.1893035978430606,
    3.1694936703696883,
    3.1817418983759054,
    3.18755073206888,
    3.173002216544514,
    3.168648736219809,
    3.1820710268947714,
    3.154528556938262,
    3.151090152845301,
    3.1438579937504865,
    3.1742221642237802,
    3.1685056178498567,
    3.179595611928982,
    3.1781856888401685,
    3.1896426241605957,
    3.178803760290911,
    3.177357511566583,
    3.164477966937257,
    3.167320913989619,
    3.1480411323976965,
    3.1665302833378877,
    3.161322426439119,
    3.15804294470172,
    3.183808698609512,
    3.185253982130051,
    3.169376463352211,
    3.1868651122106577,
    3.17549635500238,
    3.183267345460039,
    3.179209624257114,
    3.181982413834872,
    3.1497172339254496,
    3.1397283891445418,
    3.175997347255653,
    3.2039925857935443,
    3.190033049100644,
    3.173952094680755,
    3.1635158913130157,
    3.1871326187843194,
    3.1444172011769487,
    3.128115094861541,
    3.184044943603005,
    3.185756758497554,
    3.1570898753385697,
    3.1642685873480376,
    3.176280891633897,
    3.1514600356829683,
    3.1761458647638037,
    3.1731596943440556,
    3.1752657902542123,
    3.1981233092540204,
    3.1757981546791734,
    3.1636208183717303,
    3.1674888535356738,
    3.154564040527098,
    3.1474030258917116,
    3.171531178499766,
    3.187441971787896,
    3.1497410808985444,
    3.1635990442979818,
    3.1842817616617958,
    3.1555277355843185,
    3.1663089935760116,
    3.170184025721337,
    3.207894451657288,
    3.1473047393944626,
    3.188454496654318,
    3.1838488657294386,
    3.1803083326640427,
    3.179908460694967,
    3.196691615499221,
    3.1813553682593274,
    3.2116989001984506,
    3.1696250869507354,
    3.1581526622483103,
    3.157380303637746,
    3.1621322914692636,
    3.1434949311557263,
    3.1780577985362144,
    3.1592710271099538,
    3.1665486274111956,
    3.1895489670077906,
    3.185930934471109,
    3.182026793347252,
    3.152591953419235,
    3.178486273967302,
    3.1316144421436363,
    3.143806000761858,
    3.144842686274103,
    3.1708579315933263,
    3.163447716075843,
    3.1895945967331745,
    3.189110265431121,
    3.1775012684870334,
    3.158759086331812,
    3.1787925321394077,
    3.157533716541968,
    3.1808623548072683,
    3.184068530003094,
    3.1654226284575047,
    3.158088809856781,
    3.179739838285066,
    3.159131257742877,
    3.17969448868609,
    3.162988481565352,
    3.138264937234959,
    3.1639204849203093,
    3.162458277365559,
    3.1375490134022663,
    3.152167542953907,
    3.1704414068129085,
    3.1692736477864307,
    3.1688974685992393,
    3.20664127816808,
    3.1523881014012125,
    3.1740749115532596,
    3.1762185952336646,
    3.163772418527891,
    3.177015491821039,
    3.1564743979688648,
    3.164164669287074,
    3.158983209188871,
    3.173334138205597,
    3.1648769873277134,
    3.1967987038132746,
    3.1695072768047923,
    3.16500057098013,
    3.1658913072510595,
    3.1695540653084366,
    3.180372162261525,
    3.1515662693159823,
    3.156756836876508,
    3.173088823065981,
    3.1530342829794527,
    3.160065234201756,
    3.142156252958982
  ]
}