{
  "median": 0.38454482870185624,
  "ci_lo": 0.04499849710666481,
  "ci_hi": 0.7337629191582397,
  "pct_positive": 98.8,
  "n_boot": 2000,
  "n_valid": 2000,
  "n_studies": 9
}